ticker,year,annual_return,days_count
ABCB,2015,0.32566302637051026,252
ABCB,2016,0.2827302149233577,252
ABCB,2017,0.10550458718530731,251
ABCB,2018,-0.3381777969887656,251
ABCB,2019,0.3603614093739105,252
ABCB,2020,-0.08397569033351315,253
ABCB,2021,0.3201805441084187,252
ABCB,2022,-0.03818172611446469,251
ABCB,2023,0.14268068838470538,250
ACNB,2015,0.01089865086083286,252
ACNB,2016,0.5177282820744564,252
ACNB,2017,-0.02713102658414368,251
ACNB,2018,0.3646885333837444,251
ACNB,2019,-0.00996234130619933,252
ACNB,2020,-0.31277858623279353,253
ACNB,2021,0.2969712821477475,252
ACNB,2022,0.311375419846623,251
ACNB,2023,0.16252684702256626,250
ALRS,2015,0.2725548758248695,252
ALRS,2016,-0.12031458795668282,252
ALRS,2017,0.01267100830413459,251
ALRS,2018,-0.1817766747438928,251
ALRS,2019,0.3022164181448903,252
ALRS,2020,0.23283641727073956,253
ALRS,2021,0.09229789974778302,252
ALRS,2022,-0.17895742476769205,251
ALRS,2023,-0.0022001582261895747,250
AMTB,2023,0.3103046553588731,85
AROW,2015,0.04610542189215261,252
AROW,2016,0.5857362762623606,252
AROW,2017,-0.11079188098890524,251
AROW,2018,-0.0005240351075980199,251
AROW,2019,0.25390608603911957,252
AROW,2020,-0.15622596153221613,253
AROW,2021,0.24970159328167996,252
AROW,2022,0.023310477799873608,251
AROW,2023,-0.1076194429884666,250
ASB,2015,0.02818298966193189,252
ASB,2016,0.3479947286729559,252
ASB,2017,0.04964417551051681,251
ASB,2018,-0.2017217493853155,251
ASB,2019,0.1510337333458469,252
ASB,2020,-0.18810311248330525,253
ASB,2021,0.3727184199054967,252
ASB,2022,0.05982660928150674,251
ASB,2023,-0.02857939305040702,250
ATLO,2015,-0.0338844537888352,252
ATLO,2016,0.40259040687904046,252
ATLO,2017,-0.13194790187111194,251
ATLO,2018,-0.04963042325688638,251
ATLO,2019,0.143109534608159,252
ATLO,2020,-0.10296310004135678,253
ATLO,2021,0.06402553628981078,252
ATLO,2022,0.009727094708183115,251
ATLO,2023,-0.04521332150530677,250
AUB,2023,0.0714050557871091,240
AUBN,2014,-0.0021105951900000086,1
AUBN,2015,0.24333804809655346,248
AUBN,2016,0.009481768605446694,252
AUBN,2017,0.26342126641025687,251
AUBN,2018,-0.22494816680821428,251
AUBN,2019,0.6887509709593609,252
AUBN,2020,-0.19596182874205104,253
AUBN,2021,-0.21830552847869567,252
AUBN,2022,-0.2397077635195458,251
AUBN,2023,-0.03544201788643819,250
BAC,2015,-0.04781414339039192,252
BAC,2016,0.3333255562505206,252
BAC,2017,0.356670889243752,251
BAC,2018,-0.14975136266190536,251
BAC,2019,0.4616404134928713,252
BAC,2020,-0.116214845953871,253
BAC,2021,0.49575776023880014,252
BAC,2022,-0.23809891081168966,251
BAC,2023,0.048208598279301684,250
BANC,2015,0.32281438576704935,252
BANC,2016,0.2195310730524087,252
BANC,2017,0.22071451916702456,251
BANC,2018,-0.33655040717426765,251
BANC,2019,0.31785004666574546,252
BANC,2020,-0.12651220491192583,253
BANC,2021,0.35087400431184346,252
BANC,2022,-0.17668546017616937,251
BANC,2023,-0.13118932970146746,250
BANF,2015,-0.054458718219256186,252
BANF,2016,0.6224098280909169,252
BANF,2017,0.11704977130133543,251
BANF,2018,-0.006271579489769086,251
BANF,2019,0.27908829480653696,252
BANF,2020,-0.029572074127824366,253
BANF,2021,0.2277226806857522,252
BANF,2022,0.27116099432274177,251
BANF,2023,0.12433447158395783,250
BANR,2015,0.08254520821011768,252
BANR,2016,0.23598650820708333,252
BANR,2017,0.02251525995293746,251
BANR,2018,0.0005347211281108155,251
BANR,2019,0.09022634951470776,252
BANR,2020,-0.12539007419884374,253
BANR,2021,0.3427158059282105,252
BANR,2022,0.07174391522916745,251
BANR,2023,-0.11953870910837472,250
BCBP,2015,-0.09597690691955874,252
BCBP,2016,0.30553659537921085,252
BCBP,2017,0.15879588261140687,251
BCBP,2018,-0.24887900443615785,251
BCBP,2019,0.37703382521070306,252
BCBP,2020,-0.1503531239049556,253
BCBP,2021,0.4551103940023411,252
BCBP,2022,0.20648288522262392,251
BCBP,2023,-0.24776200827079364,250
BCML,2018,0.003913043484600198,166
BCML,2019,-0.015158077074134524,252
BCML,2020,-0.33289357949455023,253
BCML,2021,0.2366512853635787,252
BCML,2022,0.02184594178709398,251
BCML,2023,0.26884638188853915,250
BFC,2018,-0.14168502518862536,40
BFC,2019,0.4698842629999227,252
BFC,2020,-0.061474294634120796,253
BFC,2021,0.13293117645583097,252
BFC,2022,0.30013597193262886,251
BFC,2023,-0.05321775620746705,250
BFIN,2015,0.08258279327306295,252
BFIN,2016,0.19342242585321068,252
BFIN,2017,0.05454592143532988,251
BFIN,2018,-0.0019280895424168554,251
BFIN,2019,-0.09975974972733692,252
BFIN,2020,-0.2973039873140795,253
BFIN,2021,0.26156767316716945,252
BFIN,2022,0.026382818968696542,251
BFIN,2023,0.020477668505568314,250
BFST,2018,-0.1510348643744227,185
BFST,2019,0.04512728403161437,252
BFST,2020,-0.1627231339029266,253
BFST,2021,0.416905772833015,252
BFST,2022,-0.2022110272641462,251
BFST,2023,0.14350923632885615,250
BHB,2015,0.10817093804103939,252
BHB,2016,0.4197295469620337,252
BHB,2017,-0.12055113686392038,251
BHB,2018,-0.14596457968644982,251
BHB,2019,0.1717176038431263,252
BHB,2020,-0.07250261806893499,253
BHB,2021,0.32361311476451116,252
BHB,2022,0.14730305625876583,251
BHB,2023,-0.04448887110448252,250
BKU,2015,0.26755501974871376,252
BKU,2016,0.0730625508230256,252
BKU,2017,0.10647958134848778,251
BKU,2018,-0.24851554482119742,251
BKU,2019,0.25238523792212453,252
BKU,2020,-0.009053222844749076,253
BKU,2021,0.2438672122665102,252
BKU,2022,-0.1768866228650895,251
BKU,2023,-0.003245701847754856,250
BLFY,2021,0.1341085272383078,118
BLFY,2022,-0.12166780589942872,251
BLFY,2023,-0.24747081707837804,250
BMRC,2015,0.03370317048695681,252
BMRC,2016,0.3331392604441845,252
BMRC,2017,-0.008504882374866907,251
BMRC,2018,0.23245747520722615,251
BMRC,2019,0.11312263947319723,252
BMRC,2020,-0.2170038136960083,253
BMRC,2021,0.112573045425445,252
BMRC,2022,-0.09112524229403418,251
BMRC,2023,-0.2949996056998455,250
BOH,2015,0.0911040252213764,252
BOH,2016,0.44774148362121236,252
BOH,2017,-0.009330679019927457,251
BOH,2018,-0.1919606540513018,251
BOH,2019,0.45833283565369287,252
BOH,2020,-0.16253802566857756,253
BOH,2021,0.12862830637514855,252
BOH,2022,-0.04148068446784903,251
BOH,2023,-0.016173211706578705,250
BOKF,2015,0.022173980092326406,252
BOKF,2016,0.429091042274496,252
BOKF,2017,0.135801269660635,251
BOKF,2018,-0.18971183369235012,251
BOKF,2019,0.22099560554814435,252
BOKF,2020,-0.1903221739003199,253
BOKF,2021,0.5759333760837859,252
BOKF,2022,0.00594771623275947,251
BOKF,2023,-0.15286151110931956,250
BRBS,2014,0.0,1
BRBS,2015,16.79915068514777,252
BRBS,2016,4.979159629890104,251
BRBS,2017,0.8709844008655625,251
BRBS,2018,-0.17942113110756452,251
BRBS,2019,-0.506933155377759,252
BRBS,2020,-0.11705994984918966,253
BRBS,2021,0.5500309441251352,252
BRBS,2022,-0.27907912797810686,251
BRBS,2023,-0.7520053090696449,250
BRKL,2015,0.18506604135773275,252
BRKL,2016,0.4723510218679752,252
BRKL,2017,-0.01914377543775947,251
BRKL,2018,-0.09861836870393714,251
BRKL,2019,0.22585501531806962,252
BRKL,2020,-0.23654326694887728,253
BRKL,2021,0.3873044478176195,252
BRKL,2022,-0.09421901365586893,251
BRKL,2023,-0.1842011926979381,250
BSRR,2015,0.031257619856410956,252
BSRR,2016,0.5487062889122889,252
BSRR,2017,0.02015012127845872,251
BSRR,2018,-0.07435939422160787,251
BSRR,2019,0.24578596063205715,252
BSRR,2020,-0.1469340931114117,253
BSRR,2021,0.17516658444857236,252
BSRR,2022,-0.1859043306703716,251
BSRR,2023,0.11435498569513225,250
BUSE,2015,0.09061396787097586,252
BUSE,2016,0.5402459784477456,252
BUSE,2017,-0.0036909141647087917,251
BUSE,2018,-0.15887297109884513,251
BUSE,2019,0.1578493935468872,252
BUSE,2020,-0.17971882411138873,253
BUSE,2021,0.3075931341460598,252
BUSE,2022,-0.05414188462663283,251
BUSE,2023,0.05087201382707929,250
BWB,2018,-0.16402535658962625,201
BWB,2019,0.30616113743403384,252
BWB,2020,-0.09361393327206202,253
BWB,2021,0.41633306643413115,252
BWB,2022,0.0028264556096007087,251
BWB,2023,-0.23788049601210082,250
BWFG,2015,-0.05697262904186384,252
BWFG,2016,0.6532964225429996,252
BWFG,2017,0.06549809665335249,251
BWFG,2018,-0.15092855474561284,251
BWFG,2019,0.0232818908181609,252
BWFG,2020,-0.3002811430151555,253
BWFG,2021,0.7190946831926999,252
BWFG,2022,-0.08188676783649584,251
BWFG,2023,0.05723097953637346,250
BY,2017,0.1456359102198217,126
BY,2018,-0.27470613846042746,251
BY,2019,0.17648918104945843,252
BY,2020,-0.20229267618677216,253
BY,2021,0.7930251804343522,252
BY,2022,-0.1474298091886499,251
BY,2023,0.04323214173977452,250
CAC,2015,0.1410560983842304,252
CAC,2016,0.5547911847177847,252
CAC,2017,-0.031722052877871,251
CAC,2018,-0.12457001637448462,251
CAC,2019,0.3178065839156752,252
CAC,2020,-0.19266697181974568,253
CAC,2021,0.38868189991758295,252
CAC,2022,-0.10362132597740814,251
CAC,2023,-0.0500802810913914,250
CADE,2015,0.0657485562406237,252
CADE,2016,0.2942892872295937,252
CADE,2017,0.012882447688817855,251
CADE,2018,-0.15471929330520284,251
CADE,2019,0.23027090654288118,252
CADE,2020,-0.11402263234735388,253
CADE,2021,0.15372625482060087,252
CADE,2022,-0.14345120485758822,251
CADE,2023,0.2495660681983105,250
CATY,2015,0.24711058694345556,252
CATY,2016,0.24339214571197632,252
CATY,2017,0.13419653059546666,251
CATY,2018,-0.1847875887452206,251
CATY,2019,0.17511181392146402,252
CATY,2020,-0.11516444098408884,253
CATY,2021,0.3778091138244133,252
CATY,2022,-0.020934082010404698,251
CATY,2023,0.13455284732941997,250
CBAN,2014,0.07504155123998912,2
CBAN,2015,0.1894982052119627,250
CBAN,2016,0.669077312791255,252
CBAN,2017,0.11254097012041497,251
CBAN,2018,0.04730359164987741,251
CBAN,2019,0.15115494628920811,252
CBAN,2020,-0.0829063928094782,253
CBAN,2021,0.1945839078303282,252
CBAN,2022,-0.2352255345985963,251
CBAN,2023,0.09205790845827089,250
CBFV,2015,0.15967752905634347,252
CBFV,2016,0.19128285633682518,252
CBFV,2017,0.18902908844140298,251
CBFV,2018,-0.13222225393605724,251
CBFV,2019,0.26275629970211245,252
CBFV,2020,-0.307743388995216,253
CBFV,2021,0.2568884157681406,252
CBFV,2022,-0.07196120943356221,251
CBFV,2023,0.1645327090538573,250
CBNK,2018,-0.10859375003390714,65
CBNK,2019,0.3049956179596329,252
CBNK,2020,-0.06447280066475858,253
CBNK,2021,0.8883505741803723,252
CBNK,2022,-0.09315014742105654,251
CBNK,2023,0.04287088602301137,250
CBSH,2015,0.047958304501187765,252
CBSH,2016,0.4529719282824054,252
CBSH,2017,0.030635974300222246,251
CBSH,2018,0.07524853660658537,251
CBSH,2019,0.2873310754832217,252
CBSH,2020,0.033071663721165656,253
CBSH,2021,0.11436327449805583,252
CBSH,2022,0.05563475140494156,251
CBSH,2023,-0.15938644117343026,250
CBU,2015,0.0825650609536075,252
CBU,2016,0.5903897534523035,252
CBU,2017,-0.10885178515159966,251
CBU,2018,0.11090869018498717,251
CBU,2019,0.24654156977846697,252
CBU,2020,-0.09668445144335458,253
CBU,2021,0.22272088528113865,252
CBU,2022,-0.13156487491535163,251
CBU,2023,-0.1422829724708382,250
CCB,2018,-0.07134146342730008,114
CCB,2019,0.08141825335916208,252
CCB,2020,0.2750455373513583,253
CCB,2021,1.410476190447933,252
CCB,2022,-0.061240616369811596,251
CCB,2023,-0.06544612785914516,250
CCBG,2015,-0.003696672074456564,252
CCBG,2016,0.3485639460080465,252
CCBG,2017,0.13272871672492847,251
CCBG,2018,0.02479270412581669,251
CCBG,2019,0.33942804891501255,252
CCBG,2020,-0.17377329390790353,253
CCBG,2021,0.10028044882292897,252
CCBG,2022,0.258432180169873,251
CCBG,2023,-0.07218737717483137,250
CCNE,2015,0.012187138894278915,252
CCNE,2016,0.5340219176881829,252
CCNE,2017,0.00791474656082869,251
CCNE,2018,-0.10462175517505445,251
CCNE,2019,0.459237985893147,252
CCNE,2020,-0.3250644369363732,253
CCNE,2021,0.279776500362134,252
CCNE,2022,-0.07763752568246485,251
CCNE,2023,-0.015707665184304664,250
CFFI,2015,0.0013164949961206318,252
CFFI,2016,0.31851270058163106,252
CFFI,2017,0.19500273106506105,251
CFFI,2018,-0.0586576073347338,251
CFFI,2019,0.06989854213494362,252
CFFI,2020,-0.29804439361561963,253
CFFI,2021,0.42273070102575083,252
CFFI,2022,0.17532381713554823,251
CFFI,2023,0.20615903373933864,250
CFG,2015,0.0702821569868497,252
CFG,2016,0.3880124048816047,252
CFG,2017,0.1989837789649389,251
CFG,2018,-0.27437960970641506,251
CFG,2019,0.41823995492008104,252
CFG,2020,-0.06677397510192595,253
CFG,2021,0.3694510641750215,252
CFG,2022,-0.13379802456676226,251
CFG,2023,-0.10927863926578141,250
CFR,2015,-0.124400811406566,252
CFR,2016,0.520085189110558,252
CFR,2017,0.09924468136733955,251
CFR,2018,-0.04844029988696774,251
CFR,2019,0.14596820281096412,252
CFR,2020,-0.07520668352599813,253
CFR,2021,0.48190904823551683,252
CFR,2022,0.0861733589956819,251
CFR,2023,-0.16060828114858017,250
CHCO,2015,0.015793596772803342,252
CHCO,2016,0.5365377494926857,252
CHCO,2017,0.02437842500295795,251
CHCO,2018,0.028548017475164666,251
CHCO,2019,0.24807751567058922,252
CHCO,2020,-0.12152442464072799,253
CHCO,2021,0.21254930131802507,252
CHCO,2022,0.17233708620825783,251
CHCO,2023,0.21907711264910468,250
CHMG,2015,0.05319626538853606,252
CHMG,2016,0.36815454529322644,252
CHMG,2017,0.35642797222009426,251
CHMG,2018,-0.12109797588362148,251
CHMG,2019,0.052591289074681136,252
CHMG,2020,-0.1726593180983047,253
CHMG,2021,0.4061255268160484,252
CHMG,2022,0.01596312863955074,251
CHMG,2023,0.11740868337766619,250
CIVB,2015,0.25091831918594476,252
CIVB,2016,0.5952901059005522,252
CIVB,2017,0.14545132646571712,251
CIVB,2018,-0.19737578001494982,251
CIVB,2019,0.4053269861627866,252
CIVB,2020,-0.2485037314098406,253
CIVB,2021,0.4249525066535891,252
CIVB,2022,-0.07528414376204873,251
CIVB,2023,-0.13138118924615483,250
CIZnv,2014,-0.5434536056502468,35
CIZnv,2015,-0.6057941078043461,261
CIZnv,2016,-0.991676176824273,237
CIZnv,2017,1040.911799380213,228
CIZnv,2018,-0.99998460432805,493
CIZnv,2019,378.2598057155995,69
CIZnv,2020,74715265535.66779,590
CIZnv,2023,29.12861282763661,236
CLBK,2018,-0.008430609580252324,175
CLBK,2019,0.10791366911282618,252
CLBK,2020,-0.08146399056589715,253
CLBK,2021,0.3406169666262151,252
CLBK,2022,0.036433365379052285,251
CLBK,2023,-0.10823311739243047,250
CMA,2015,-0.0903616626896262,252
CMA,2016,0.659450874744161,252
CMA,2017,0.29339015921825107,251
CMA,2018,-0.19142094486679329,251
CMA,2019,0.08420543221549015,252
CMA,2020,-0.16836290824089295,253
CMA,2021,0.6152706117205955,252
CMA,2022,-0.20394365956405403,251
CMA,2023,-0.11203817106297498,250
CNOB,2015,-0.000942352032834215,252
CNOB,2016,0.4129270104657512,252
CNOB,2017,0.00471080232295229,251
CNOB,2018,-0.27432923738323034,251
CNOB,2019,0.4152285190507168,252
CNOB,2020,-0.2140712989609611,253
CNOB,2021,0.6785180351945326,252
CNOB,2022,-0.24382742121924916,251
CNOB,2023,-0.018969195916704207,250
COFS,2020,-0.01535199331864956,228
COFS,2021,-0.10850291779091004,252
COFS,2022,0.14426415464332654,251
COFS,2023,0.052716424373424164,250
COLB,2015,0.22942681756099992,252
COLB,2016,0.44605800461000134,252
COLB,2017,-0.0063981306262987925,251
COLB,2018,-0.1405464729832061,251
COLB,2019,0.16398944355273448,252
COLB,2020,-0.07752052672221521,253
COLB,2021,-0.061364432973146754,252
COLB,2022,-0.042708162039930664,251
COLB,2023,-0.05900051185992461,250
CPF,2015,0.06155636632136008,252
CPF,2016,0.46243649502408446,252
CPF,2017,-0.028922272874238875,251
CPF,2018,-0.15992350692898494,251
CPF,2019,0.2535896152324171,252
CPF,2020,-0.32403539940289594,253
CPF,2021,0.538138547962518,252
CPF,2022,-0.24778046302997003,251
CPF,2023,0.029214389047624856,250
CTBI,2015,-0.010310127064107832,252
CTBI,2016,0.46715288313316394,252
CTBI,2017,-0.0225173441015436,251
CTBI,2018,-0.13342216361268244,251
CTBI,2019,0.21904209472664982,252
CTBI,2020,-0.1668303552861059,253
CTBI,2021,0.22087568900795773,252
CTBI,2022,0.09557591471638882,251
CTBI,2023,-0.00010636319126533511,250
CUBI,2015,0.3987667009364859,252
CUBI,2016,0.315944158630465,252
CUBI,2017,-0.274427693990521,251
CUBI,2018,-0.29973066563525363,251
CUBI,2019,0.30824175829085765,252
CUBI,2020,-0.23645527097530783,253
CUBI,2021,2.5957095710913354,252
CUBI,2022,-0.5664677986513225,251
CUBI,2023,1.0331686661501585,250
CVBF,2015,0.08647329690426009,252
CVBF,2016,0.3846627084001282,252
CVBF,2017,0.05093489058422218,251
CVBF,2018,-0.11983692764163412,251
CVBF,2019,0.10211724343718198,252
CVBF,2020,-0.0522525780860148,253
CVBF,2021,0.13576974879238235,252
CVBF,2022,0.24018151380011754,251
CVBF,2023,-0.18406920835849838,250
CZNC,2015,0.07008850852787374,252
CZNC,2016,0.31177571442247176,252
CZNC,2017,-0.04403379828537002,251
CZNC,2018,0.14940406803226658,251
CZNC,2019,0.11831370127212937,252
CZNC,2020,-0.2577313429165664,253
CZNC,2021,0.3805636538879815,252
CZNC,2022,-0.08356034071532459,251
CZNC,2023,0.037046812661320816,250
DCOM,2015,0.16190750968355694,252
DCOM,2016,0.2702577949122149,252
DCOM,2017,-0.061545390311997905,251
DCOM,2018,-0.25931482202379497,251
DCOM,2019,0.33969591967701884,252
DCOM,2020,-0.25113017662722326,253
DCOM,2021,0.49903971357749644,252
DCOM,2022,-0.06819596056597688,251
DCOM,2023,-0.11515521380183469,250
DFS,2015,-0.16549148184724938,252
DFS,2016,0.374300615569956,252
DFS,2017,0.08907986623581254,251
DFS,2018,-0.21783773967668485,251
DFS,2019,0.46948354114483437,252
DFS,2020,0.10077813140730285,253
DFS,2021,0.297928229251746,252
DFS,2022,-0.13567459849688845,251
DFS,2023,0.18209948264740428,250
EBC,2020,0.34238683125145597,53
EBC,2021,0.25546090538496746,252
EBC,2022,-0.1274318198094181,251
EBC,2023,-0.15019785117504425,250
EBMT,2015,0.184178462943843,252
EBMT,2016,0.6717877230362181,252
EBMT,2017,-0.010026439666024012,251
EBMT,2018,-0.18325367421848615,251
EBMT,2019,0.3510965562109274,252
EBMT,2020,0.013090816316897014,253
EBMT,2021,0.10469591360908126,252
EBMT,2022,-0.2779628612624816,251
EBMT,2023,0.019198878581641043,250
EBTC,2015,-0.07442623522436176,252
EBTC,2016,0.6799283157044145,252
EBTC,2017,-0.07839063649716438,251
EBTC,2018,-0.03928479800082907,251
EBTC,2019,0.075755291283923,252
EBTC,2020,-0.2239016257464843,253
EBTC,2021,0.7968101342546126,252
EBTC,2022,-0.19507211798795765,251
EBTC,2023,-0.05733144394062106,250
EFSC,2015,0.4529254928588393,252
EFSC,2016,0.536738555845325,252
EFSC,2017,0.06104751606500103,251
EFSC,2018,-0.15846944835996102,251
EFSC,2019,0.29981587166395385,252
EFSC,2020,-0.2582595995682251,253
EFSC,2021,0.3688466291608661,252
EFSC,2022,0.06022388863372541,251
EFSC,2023,-0.06671342843722516,250
EGBN,2015,0.42088963967042337,252
EGBN,2016,0.2076481077589325,252
EGBN,2017,-0.050041017312812075,251
EGBN,2018,-0.15872193439027305,251
EGBN,2019,0.0075882794977102375,252
EGBN,2020,-0.1277060891457994,253
EGBN,2021,0.4450924789982016,252
EGBN,2022,-0.219085633792784,251
EGBN,2023,-0.2703315049796975,250
EQBK,2023,0.481930099268445,152
ESQ,2017,0.2977049180893472,129
ESQ,2018,0.11556821174720922,251
ESQ,2019,0.20138248835948125,252
ESQ,2020,-0.2639048713779891,253
ESQ,2021,0.6477331944487625,252
ESQ,2022,0.37785761646343463,251
ESQ,2023,0.16704199457906577,250
EVBN,2015,-0.016765192421375086,251
EVBN,2016,0.32155541778501284,252
EVBN,2017,0.3553855772397001,251
EVBN,2018,-0.20854639748236103,251
EVBN,2019,0.2697332791559288,252
EVBN,2020,-0.281464089997541,253
EVBN,2021,0.5120764163571316,252
EVBN,2022,-0.041583709621460074,251
EVBN,2023,-0.12145275653085863,250
EWBC,2015,0.09482700328398797,252
EWBC,2016,0.25073578391992646,252
EWBC,2017,0.21395731181282152,251
EWBC,2018,-0.2743427433201575,251
EWBC,2019,0.14356542248421267,252
EWBC,2020,0.07226979767519559,253
EWBC,2021,0.5798934605953183,252
EWBC,2022,-0.14443355233591804,251
EWBC,2023,0.12724078559787033,250
EXSR,2015,-0.08719370287006212,252
EXSR,2016,0.5481780729275594,253
EXSR,2017,0.7891126888091804,250
EXSR,2018,0.4331255888095824,251
EXSR,2019,0.5197629934917019,252
EXSR,2020,-0.2514384123983242,253
EXSR,2021,-0.21993514891446786,252
EXSR,2022,-0.2922920402186475,254
EXSR,2023,-0.08338232385486677,247
FBIZ,2015,0.06429822653222206,252
FBIZ,2016,-0.030357606880574317,252
FBIZ,2017,-0.046156033169676536,251
FBIZ,2018,-0.09663628222200837,251
FBIZ,2019,0.38506821012490056,252
FBIZ,2020,-0.27424283890207324,253
FBIZ,2021,0.6279001141035698,252
FBIZ,2022,0.2815800447769998,251
FBIZ,2023,0.1288512476338617,250
FBK,2016,0.2506024096178394,73
FBK,2017,0.6181117535047174,251
FBK,2018,-0.16174917540994427,251
FBK,2019,0.14050567873641207,252
FBK,2020,-0.1114065216362835,253
FBK,2021,0.275101390713393,252
FBK,2022,-0.16501044146264288,251
FBK,2023,0.12358126311252349,250
FBNC,2015,0.03317484637887369,252
FBNC,2016,0.47113849918108186,252
FBNC,2017,0.31395800518530437,251
FBNC,2018,-0.06502456530154044,251
FBNC,2019,0.23991212701976838,252
FBNC,2020,-0.12716591001454103,253
FBNC,2021,0.3765588969634579,252
FBNC,2022,-0.041615284890359816,251
FBNC,2023,-0.11243784227798526,250
FCBC,2015,0.16652095931513955,252
FCBC,2016,0.6650070389357019,252
FCBC,2017,-0.023258860655900992,251
FCBC,2018,0.14147422944540033,251
FCBC,2019,0.014261070994644243,252
FCBC,2020,-0.27199765609187254,253
FCBC,2021,0.6042686360827769,252
FCBC,2022,0.051812975371428927,251
FCBC,2023,0.1376218557212623,250
FCCO,2015,0.4047856414335078,252
FCCO,2016,0.27717295076315995,252
FCCO,2017,0.30223404120412,251
FCCO,2018,-0.1250806100523234,251
FCCO,2019,0.13763167086139316,252
FCCO,2020,-0.18883866820740403,253
FCCO,2021,0.25258162128914186,252
FCCO,2022,0.08298160419085732,251
FCCO,2023,0.012281619272417554,250
FCF,2015,0.014326981473151035,252
FCF,2016,0.6117437368605299,252
FCF,2017,0.03404719985816862,251
FCF,2018,-0.1363737995237807,251
FCF,2019,0.23656558832641972,252
FCF,2020,-0.20887486116390397,253
FCF,2021,0.5193350309871707,252
FCF,2022,-0.10307730887590738,251
FCF,2023,0.14701813529484054,250
FCNCA,2015,0.026294478002571342,252
FCNCA,2016,0.3810058383270236,252
FCNCA,2017,0.13910714554919368,251
FCNCA,2018,-0.061133022484306965,251
FCNCA,2019,0.4163856348323387,252
FCNCA,2020,0.0833933047492581,253
FCNCA,2021,0.4482961984236151,252
FCNCA,2022,-0.08358177861690486,251
FCNCA,2023,0.8772667649768426,250
FDBC,2015,-0.017602664199518836,252
FDBC,2016,-0.03587775209894506,252
FDBC,2017,0.6486117432811744,251
FDBC,2018,0.6480661454187571,251
FDBC,2019,-0.013747176159066288,252
FDBC,2020,0.059684576215640384,253
FDBC,2021,-0.06226242156276929,252
FDBC,2022,-0.1754957813046366,251
FDBC,2023,0.26945514259149594,250
FFBC,2015,0.006772976434595623,252
FFBC,2016,0.6237405912252558,252
FFBC,2017,-0.04946260956470816,251
FFBC,2018,-0.07561601012622587,251
FFBC,2019,0.11292607035767976,252
FFBC,2020,-0.268965237063164,253
FFBC,2021,0.4458926657943274,252
FFBC,2022,0.033872516025120536,251
FFBC,2023,0.023945897869133592,250
FFIC,2015,0.10209346410006304,252
FFIC,2016,0.3985631089675348,252
FFIC,2017,-0.03948582490311148,251
FFIC,2018,-0.19221735812142093,251
FFIC,2019,0.0436583494252587,252
FFIC,2020,-0.17846818432190226,253
FFIC,2021,0.5133678304199762,252
FFIC,2022,-0.16931296995355938,251
FFIC,2023,-0.0954407962949555,250
FFIN,2015,0.030337158901394323,252
FFIN,2016,0.5285326799980559,252
FFIN,2017,0.01449738460223049,251
FFIN,2018,0.2996187990279717,251
FFIN,2019,0.23461716125518883,252
FFIN,2020,0.048181944731801485,253
FFIN,2021,0.4221575118689327,252
FFIN,2022,-0.3120944241353423,251
FFIN,2023,-0.0980808005762207,250
FFWM,2023,0.35242999664082686,90
FGBI,2014,0.0,1
FGBI,2015,-0.22175377511400585,251
FGBI,2016,0.3537786218368968,252
FGBI,2017,0.177763561129745,251
FGBI,2018,-0.04701373302035272,251
FGBI,2019,0.0639777264000565,252
FGBI,2020,-0.14682413112307802,253
FGBI,2021,0.3042431078330303,252
FGBI,2022,0.18210732909987803,251
FGBI,2023,-0.501154735832522,250
FHB,2016,0.4449785155809747,103
FHB,2017,-0.13622354375175583,251
FHB,2018,-0.20143890414270338,251
FHB,2019,0.33276901582495233,252
FHB,2020,-0.13793911921623414,253
FHB,2021,0.20328937483282727,252
FHB,2022,-0.009112994073386949,251
FHB,2023,-0.07539139979885956,250
FHN,2015,0.08683619984093305,252
FHN,2016,0.40373918269174514,252
FHN,2017,0.019433376268088942,251
FHN,2018,-0.32338545390851414,251
FHN,2019,0.3043342720989495,252
FHN,2020,-0.18174347919062717,253
FHN,2021,0.3262656519124698,252
FHN,2022,0.5393634666278457,251
FHN,2023,-0.3950351848259025,250
FISI,2015,0.1503747073266386,252
FISI,2016,0.25608575799899547,252
FISI,2017,-0.06523873151520876,251
FISI,2018,-0.14767862243905083,251
FISI,2019,0.2913578986634353,252
FISI,2020,-0.2554135061777526,253
FISI,2021,0.46386485706357394,252
FISI,2022,-0.1996327094330267,251
FISI,2023,-0.06796414109689441,250
FITB,2015,0.01272845168863257,252
FITB,2016,0.3784690615790225,252
FITB,2017,0.15002702054027584,251
FITB,2018,-0.20315802590890408,251
FITB,2019,0.3514655895874508,252
FITB,2020,-0.05356259841346023,253
FITB,2021,0.6242695589666032,252
FITB,2022,-0.21920415713877972,251
FITB,2023,0.10382649660746712,250
FLG,2015,0.08223136104046747,252
FLG,2016,0.02151424439530092,252
FLG,2017,-0.1389020219487177,251
FLG,2018,-0.23226357772404005,251
FLG,2019,0.35447312091327077,252
FLG,2020,-0.05867330733413878,253
FLG,2021,0.22624350130904602,252
FLG,2022,-0.245749295832129,251
FLG,2023,0.26742550880203475,250
FLIC,2015,0.09564216731807695,252
FLIC,2016,0.46469221819763895,252
FLIC,2017,0.018284638940206488,251
FLIC,2018,-0.2867084507094463,251
FLIC,2019,0.29750764352238046,252
FLIC,2020,-0.25612767333122066,253
FLIC,2021,0.2569421303622361,252
FLIC,2022,-0.11990290352724986,251
FLIC,2023,-0.21441216444198197,250
FMAO,2017,0.7108841715155427,163
FMAO,2018,-0.0438656458013682,251
FMAO,2019,-0.1995051582393279,252
FMAO,2020,-0.21381539650381365,253
FMAO,2021,0.46846511304849625,252
FMAO,2022,-0.14964766054163492,251
FMAO,2023,-0.05184116613396639,250
FMBH,2015,0.5632296643635935,252
FMBH,2016,0.35433313301642055,252
FMBH,2017,0.15403856661391702,251
FMBH,2018,-0.15588664221876036,251
FMBH,2019,0.12905286325708576,252
FMBH,2020,-0.016864963215303397,253
FMBH,2021,0.29828800930864086,252
FMBH,2022,-0.23209425610104606,251
FMBH,2023,0.11598653781648172,250
FMNB,2015,0.045122963828435614,252
FMNB,2016,0.676767553645782,252
FMNB,2017,0.05529855608970191,251
FMNB,2018,-0.1181576113338928,251
FMNB,2019,0.31443699753125776,252
FMNB,2020,-0.15622649594199556,253
FMNB,2021,0.4380090601056692,252
FMNB,2022,-0.20580889079455522,251
FMNB,2023,0.07880662723030762,250
FNB,2015,0.038100834679380746,252
FNB,2016,0.24588667964901045,252
FNB,2017,-0.107635592782518,251
FNB,2018,-0.2618231209047973,251
FNB,2019,0.34564056649466623,252
FNB,2020,-0.2083732713633385,253
FNB,2021,0.32793836495184614,252
FNB,2022,0.11728111100896199,251
FNB,2023,0.09697539606823002,250
FNLC,2015,0.17169580834650167,252
FNLC,2016,0.6877510071246724,252
FNLC,2017,-0.1470130793511113,251
FNLC,2018,0.001954880173145046,251
FNLC,2019,0.20180520971674576,252
FNLC,2020,-0.11555737920688114,253
FNLC,2021,0.2925349463306013,252
FNLC,2022,-0.0042488886692994,251
FNLC,2023,-0.005815639519949234,250
FNWB,2015,0.17538802445414925,232
FNWB,2016,0.10247349825686025,252
FNWB,2017,0.044871794775894536,251
FNWB,2018,-0.08842197818699371,251
FNWB,2019,0.232417285374249,252
FNWB,2020,-0.1254902074480151,253
FNWB,2021,0.31512059638724654,252
FNWB,2022,-0.22856650292612002,251
FNWB,2023,0.06080153086656903,250
FRAF,2019,0.008724167680840278,170
FRAF,2020,-0.27052046352407544,253
FRAF,2021,0.27050184430652835,252
FRAF,2022,0.13808006020005803,251
FRAF,2023,-0.08728562681183605,250
FRBA,2015,-0.009763181292798073,252
FRBA,2016,0.7354998372391468,252
FRBA,2017,0.20152804690522363,251
FRBA,2018,-0.11707045125845761,251
FRBA,2019,-0.07827933760295669,252
FRBA,2020,-0.1384264945500151,253
FRBA,2021,0.564497870701548,252
FRBA,2022,-0.03609688512635012,251
FRBA,2023,0.09074809147704554,250
FRBKQ,2015,0.15466666668595797,252
FRBKQ,2016,0.9284064665174268,252
FRBKQ,2017,0.011976047834638237,251
FRBKQ,2018,-0.29349112429114776,251
FRBKQ,2019,-0.2998324958032922,252
FRBKQ,2020,-0.31818181812004465,253
FRBKQ,2021,0.3052631579206897,252
FRBKQ,2022,-0.42204301074776895,251
FRBKQ,2023,-0.9860465116299214,250
FRCB,2015,0.2801559095288986,252
FRCB,2016,0.40719531632993466,252
FRCB,2017,-0.053176392276103934,251
FRCB,2018,0.010783113618230367,251
FRCB,2019,0.36151193586643404,252
FRCB,2020,0.25970712650796735,253
FRCB,2021,0.412136357386623,252
FRCB,2022,-0.4055466986200349,251
FRCB,2023,-0.9996629716918739,250
FRME,2015,0.1358741633517524,252
FRME,2016,0.5105479102751891,252
FRME,2017,0.13616536767944587,251
FRME,2018,-0.16927835854582451,251
FRME,2019,0.24606746661325185,252
FRME,2020,-0.06912479476461209,253
FRME,2021,0.14968834994865432,252
FRME,2022,0.010994556860921989,251
FRME,2023,-0.05845906371172127,250
FRST,2015,0.22625041842206328,252
FRST,2016,0.28304451749709325,252
FRST,2017,0.0001852119393030982,251
FRST,2018,-0.15908927361783687,251
FRST,2019,0.2662158706819915,252
FRST,2020,-0.23125677238657227,253
FRST,2021,0.27631337074690965,252
FRST,2022,-0.1885948525658051,251
FRST,2023,0.11548857906203991,250
FSBC,2021,0.2523746674254921,168
FSBC,2022,-0.0717619319772359,251
FSBC,2023,-0.006048402867504965,250
FSBW,2015,0.4646430488452269,252
FSBW,2016,0.4881327498528554,252
FSBW,2017,0.5308565329393922,251
FSBW,2018,-0.20655608192113906,251
FSBW,2019,0.5064674459578336,252
FSBW,2020,-0.1243111103616169,253
FSBW,2021,0.24785657313606557,252
FSBW,2022,0.023973359227573487,251
FSBW,2023,0.14090819724779302,250
FULT,2015,0.08441040410409695,252
FULT,2016,0.48520048722398523,252
FULT,2017,-0.023409499788110688,251
FULT,2018,-0.1077692663126667,251
FULT,2019,0.16496939526905496,252
FULT,2020,-0.2321537352445715,253
FULT,2021,0.3900459830982683,252
FULT,2022,0.03132143426067735,251
FULT,2023,0.025622629859169077,250
FUNC,2015,0.3353575986029149,252
FUNC,2016,0.5045455902119786,252
FUNC,2017,0.08548584850364827,251
FUNC,2018,-0.07063807977194037,251
FUNC,2019,0.5444633406561448,252
FUNC,2020,-0.33273853556170885,253
FUNC,2021,0.2589934463303276,252
FUNC,2022,0.07421819101475302,251
FUNC,2023,0.25200042634928943,250
FVCB,2014,0.0,6
FVCB,2015,1.469176320962493,248
FVCB,2016,0.5277145955142233,250
FVCB,2017,0.3918162934581273,251
FVCB,2018,-0.004900444871434373,251
FVCB,2019,-0.007950028415181887,252
FVCB,2020,-0.158557527010889,253
FVCB,2021,0.33877551037960507,252
FVCB,2022,-0.030995934953340853,251
FVCB,2023,-0.06921866804576604,250
GABC,2015,0.11688187309845288,252
GABC,2016,0.6125654369328983,252
GABC,2017,0.023200949033944207,251
GABC,2018,-0.20014389469643912,251
GABC,2019,0.3109916725617712,252
GABC,2020,-0.04780852649793199,253
GABC,2021,0.20329186537517896,252
GABC,2022,-0.019573991857115502,251
GABC,2023,-0.10216816713580779,250
GBCI,2015,-0.033671141605510435,252
GBCI,2016,0.3823866424508362,252
GBCI,2017,0.10590818749933906,251
GBCI,2018,0.005839045481678351,251
GBCI,2019,0.16927332518196891,252
GBCI,2020,0.004824957551493592,253
GBCI,2021,0.23604274343975762,252
GBCI,2022,-0.1036444319384432,251
GBCI,2023,-0.1305704540768683,250
GNTY,2008,77456.38764092397,591
GNTY,2017,0.03133913125020382,163
GNTY,2018,-0.00835761807304014,251
GNTY,2019,0.1281255363706102,252
GNTY,2020,-0.05943977312492721,253
GNTY,2021,0.4114707059443552,252
GNTY,2022,-0.054929120865627956,251
GNTY,2023,0.0015583288012059882,250
GSBC,2015,0.16441023857814807,252
GSBC,2016,0.23405300205095436,252
GSBC,2017,-0.03790331301548577,251
GSBC,2018,-0.087943620408794,251
GSBC,2019,0.4273509170154006,252
GSBC,2020,-0.18712633223404895,253
GSBC,2021,0.24220536180721708,252
GSBC,2022,0.030876800874868326,251
GSBC,2023,0.028550940482516385,250
HAFC,2015,0.10924322422873867,252
HAFC,2016,0.5130438288155197,252
HAFC,2017,-0.1073309433637456,251
HAFC,2018,-0.32646636699408216,251
HAFC,2019,0.06147764891747909,252
HAFC,2020,-0.40852254093456963,253
HAFC,2021,1.1450715043656712,252
HAFC,2022,0.08446202297870009,251
HAFC,2023,-0.1713436150458063,250
HBAN,2015,0.0751044388437272,252
HBAN,2016,0.22921446209463903,252
HBAN,2017,0.12980571622157266,251
HBAN,2018,-0.15252378774275432,251
HBAN,2019,0.31738850066524327,252
HBAN,2020,-0.11122457135527863,253
HBAN,2021,0.2702241656526867,252
HBAN,2022,-0.0428531234217675,251
HBAN,2023,-0.04650812374218538,250
HBCP,2015,0.1469922798564327,252
HBCP,2016,0.5083733228404197,252
HBCP,2017,0.13576036307350559,251
HBCP,2018,-0.1670764967819549,251
HBCP,2019,0.13266030061721268,252
HBCP,2020,-0.262139239970159,253
HBCP,2021,0.5197563156338203,252
HBCP,2022,-0.012581986436963177,251
HBCP,2023,0.07982416327955177,250
HBNC,2015,0.08878219257831543,252
HBNC,2016,0.5365574302962763,252
HBNC,2017,0.010585216269519249,251
HBNC,2018,-0.13155907085590102,251
HBNC,2019,0.23683966359774633,252
HBNC,2020,-0.12868876440272303,253
HBNC,2021,0.3540608291334899,252
HBNC,2022,-0.2526917081138619,251
HBNC,2023,0.004589534882843305,250
HBT,2019,0.22200772198900642,55
HBT,2020,-0.1655175541862215,253
HBT,2021,0.2802664313379666,252
HBT,2022,0.08056804034488807,251
HBT,2023,0.11666675381694325,250
HFWA,2015,0.10642945616816157,252
HFWA,2016,0.42310278344051544,252
HFWA,2017,0.22281988786431417,251
HFWA,2018,-0.01340506472546743,251
HFWA,2019,-0.020092152374385663,252
HFWA,2020,-0.14029453181000506,253
HFWA,2021,0.07866123706895367,252
HFWA,2022,0.29313973301489527,251
HFWA,2023,-0.2688254585579767,250
HIFS,2015,0.4154632243971934,252
HIFS,2016,0.6627021286681154,252
HIFS,2017,0.06101689579646363,251
HIFS,2018,-0.0367675156532935,251
HIFS,2019,0.07435084811787518,252
HIFS,2020,0.04680603760143098,253
HIFS,2021,0.9595059296842336,252
HIFS,2022,-0.3355640703648962,251
HIFS,2023,-0.28600930525009516,250
HOMB,2015,0.2599502489411427,252
HOMB,2016,0.370681145049123,252
HOMB,2017,-0.16276557430865168,251
HOMB,2018,-0.2972043010871138,251
HOMB,2019,0.2031823745462138,252
HOMB,2020,-0.00915564600386587,253
HOMB,2021,0.25000000006590617,252
HOMB,2022,-0.03793248414241923,251
HOMB,2023,0.14796381802547676,250
HONE,2016,0.49690402474056583,127
HONE,2017,-0.009307135535004063,251
HONE,2018,-0.17066805853232536,251
HONE,2019,0.24175230298971284,252
HONE,2020,-0.00194730511854313,253
HONE,2021,0.3812192528627585,252
HONE,2022,-0.04092806453786024,251
HONE,2023,-0.11861910032899081,250
HOPE,2015,0.23126054576189992,252
HOPE,2016,0.30867544870469144,252
HOPE,2017,-0.14398782669131194,251
HOPE,2018,-0.32857599040205,251
HOPE,2019,0.30356094952651747,252
HOPE,2020,-0.2211683351703655,253
HOPE,2021,0.4037783725589619,252
HOPE,2022,-0.09543888992226546,251
HOPE,2023,-0.00142007920084819,250
HTBK,2015,0.399606819230399,252
HTBK,2016,0.24917432936167128,252
HTBK,2017,0.09167487732098656,251
HTBK,2018,-0.2383586635980537,251
HTBK,2019,0.1762298947390366,252
HTBK,2020,-0.26277660340139775,253
HTBK,2021,0.4108909347148888,252
HTBK,2022,0.13596608917494857,251
HTBK,2023,-0.19166114175380444,250
HTH,2015,-0.036591478708755454,252
HTH,2016,0.5539960625768154,252
HTH,2017,-0.14190389414816473,251
HTH,2018,-0.286960507409435,251
HTH,2019,0.41934096972796286,252
HTH,2020,0.1241954330714361,253
HTH,2021,0.29526769249986895,252
HTH,2022,-0.12856699831148688,251
HTH,2023,0.1976935050324482,250
HWBK,2015,0.070112423874362,252
HWBK,2016,0.14123581834179322,252
HWBK,2017,0.1888777641431294,251
HWBK,2018,0.06478982653995402,251
HWBK,2019,0.28493774378765435,252
HWBK,2020,-0.08423073324300567,253
HWBK,2021,0.257769973950978,252
HWBK,2022,-0.09952562159600442,251
HWBK,2023,0.2544739546502497,250
HWC,2015,-0.15227172813022216,252
HWC,2016,0.7674963491020896,252
HWC,2017,0.1720292435041315,251
HWC,2018,-0.28481998854631363,251
HWC,2019,0.3016478431537988,252
HWC,2020,-0.19245943112902675,253
HWC,2021,0.505436356384465,252
HWC,2022,-0.012172350411605803,251
HWC,2023,0.03194650252235931,250
IBCP,2015,0.18932763545633335,252
IBCP,2016,0.4562475782221229,252
IBCP,2017,0.04995844236565761,251
IBCP,2018,-0.0351347763967883,251
IBCP,2019,0.1137126511523614,252
IBCP,2020,-0.14200584704597463,253
IBCP,2021,0.34246370322480524,252
IBCP,2022,0.04327004370503862,251
IBCP,2023,0.1401354708460174,250
IBOC,2015,-0.00900491373541712,252
IBOC,2016,0.6229740819057863,252
IBOC,2017,-0.009977230258252257,251
IBOC,2018,-0.11776346075747501,251
IBOC,2019,0.286481925000186,252
IBOC,2020,-0.09589855244458212,253
IBOC,2021,0.16466737338714665,252
IBOC,2022,0.10938738557179639,251
IBOC,2023,0.21969369389893778,250
INBK,2015,0.730608360471527,252
INBK,2016,0.12602428737920612,252
INBK,2017,0.2012176231872984,251
INBK,2018,-0.4597402635499763,251
INBK,2019,0.17329601129039673,252
INBK,2020,0.22842454737484608,253
INBK,2021,0.6479031015059691,252
INBK,2022,-0.48010484583895796,251
INBK,2023,0.009910805474491635,250
INDB,2015,0.11148124486942912,252
INDB,2016,0.5479890138551831,252
INDB,2017,0.010501492328159223,251
INDB,2018,0.027253922383107643,251
INDB,2019,0.21127780436585875,252
INDB,2020,-0.09584794383089235,253
INDB,2021,0.1434259917208358,252
INDB,2022,0.062216261062008504,251
INDB,2023,-0.18909059133181483,250
ISTR,2015,0.27035621636116725,252
ISTR,2016,0.09485630779239651,252
ISTR,2017,0.2962514374200962,251
ISTR,2018,0.03709742408365013,251
ISTR,2019,-0.022842536414016013,252
ISTR,2020,-0.29790252143375706,253
ISTR,2021,0.12983695454954614,252
ISTR,2022,0.19037699027847999,251
ISTR,2023,-0.2856982991191609,250
JMSB,2014,0.0,1
JMSB,2015,0.12753702294266578,251
JMSB,2016,0.3992205397414679,252
JMSB,2017,0.018347008898453865,251
JMSB,2018,-0.1182155120376921,251
JMSB,2019,0.03069260102070359,252
JMSB,2020,-0.03277307389013451,253
JMSB,2021,0.4603347767014625,252
JMSB,2022,0.49228208422976083,251
JMSB,2023,-0.2078827901425211,250
JPM,2015,0.08366289208065236,252
JPM,2016,0.3456645971161494,252
JPM,2017,0.26731436564036826,251
JPM,2018,-0.06645787487296462,251
JPM,2019,0.47266769332797565,252
JPM,2020,-0.05518061418886955,253
JPM,2021,0.27725280747277226,252
JPM,2022,-0.126113626185679,251
JPM,2023,0.30627358581012554,250
KEY,2015,-0.031032534407055223,252
KEY,2016,0.4213830635596796,252
KEY,2017,0.127366393175119,251
KEY,2018,-0.2463322032128067,251
KEY,2019,0.4269617744420351,252
KEY,2020,-0.14498494186284094,253
KEY,2021,0.45900221122524476,252
KEY,2022,-0.2165766228663495,251
KEY,2023,-0.11546916416543984,250
LARK,2015,0.36829243688987034,252
LARK,2016,0.1717033134106063,252
LARK,2017,0.13537811511004683,251
LARK,2018,-0.13139980699493514,251
LARK,2019,0.1517826592908067,252
LARK,2020,-0.00990997249666048,253
LARK,2021,0.3489652833622541,252
LARK,2022,-0.13860594314212815,251
LARK,2023,-0.06283390756836138,250
LCNB,2015,0.11850434801775189,252
LCNB,2016,0.4731753446444915,252
LCNB,2017,-0.0922795059136492,251
LCNB,2018,-0.23211243504466528,251
LCNB,2019,0.32550928851372674,252
LCNB,2020,-0.20119590356851225,253
LCNB,2021,0.3879568459106879,252
LCNB,2022,-0.03361116128624386,251
LCNB,2023,-0.07366207625022692,250
LKFN,2015,0.09655423166838317,252
LKFN,2016,0.5597028746514208,252
LKFN,2017,0.04311533638124376,251
LKFN,2018,-0.15376249062753655,251
LKFN,2019,0.2497551213593121,252
LKFN,2020,0.12523740546351636,253
LKFN,2021,0.5275679110442499,252
LKFN,2022,-0.07013731274733903,251
LKFN,2023,-0.07763319194804896,250
LOB,2022,-0.022653721669737448,12
LOB,2023,0.5125251920119969,250
MBCN,2014,0.0,1
MBCN,2015,0.10164928858427702,251
MBCN,2016,-0.009393974073308109,252
MBCN,2017,0.25466680628004634,251
MBCN,2018,-0.0984222754687265,251
MBCN,2019,0.2611309281487635,252
MBCN,2020,-0.112008238482313,253
MBCN,2021,0.1340808782749805,252
MBCN,2022,0.1387623363289583,251
MBCN,2023,0.2188251422080394,250
MBIN,2017,0.17424586418651833,43
MBIN,2018,0.024274135549829712,251
MBIN,2019,0.0031352400611208697,252
MBIN,2020,0.42613329282132484,253
MBIN,2021,0.7281196477381136,252
MBIN,2022,-0.22064977219027082,251
MBIN,2023,0.7698958383934542,250
MBWM,2015,0.20036425635577504,252
MBWM,2016,0.597258556863725,252
MBWM,2017,-0.040010908919781984,251
MBWM,2018,-0.15725009431195924,251
MBWM,2019,0.33310052020820735,252
MBWM,2020,-0.22002137375107478,253
MBWM,2021,0.33740005472663026,252
MBWM,2022,-0.008635572057733465,251
MBWM,2023,0.2577244444817892,250
MCB,2017,0.1314162859286392,35
MCB,2018,-0.26722090267264254,251
MCB,2019,0.5633711506607251,252
MCB,2020,-0.24797843670971287,253
MCB,2021,1.9371381307828508,252
MCB,2022,-0.4492631183438064,251
MCB,2023,-0.05607635927111276,250
MCBS,2017,1.5245389571010635,220
MCBS,2018,11.871761039769723,261
MCBS,2019,-0.6986629880326711,240
MCBS,2020,-0.15177051502041072,253
MCBS,2021,0.9572504229031398,252
MCBS,2022,-0.1924562627228077,251
MCBS,2023,0.1536277952981735,250
MCHB,2015,0.24698449165871716,252
MCHB,2016,0.4555504376094117,252
MCHB,2017,-0.08386075949209948,251
MCHB,2018,-0.2666666666497106,251
MCHB,2019,0.6015073009686509,252
MCHB,2020,0.013677207648715495,253
MCHB,2021,0.5769496132046559,252
MCHB,2022,-0.4486420562778439,251
MCHB,2023,-0.6055296526863982,250
MFIN,2015,-0.21888303395084685,252
MFIN,2016,-0.5342905967313024,252
MFIN,2017,0.17880794708181047,251
MFIN,2018,0.31741573028636183,251
MFIN,2019,0.5501066098821825,252
MFIN,2020,-0.325997248911692,253
MFIN,2021,0.18367346938907225,252
MFIN,2022,0.28192237182367785,251
MFIN,2023,0.4400325421607718,250
MNSB,2015,1.8622589318750165,252
MNSB,2016,0.42151677331721515,252
MNSB,2017,0.32239054536168044,251
MNSB,2018,0.06916080465920738,251
MNSB,2019,0.36449501577470533,252
MNSB,2020,-0.26478260872032233,253
MNSB,2021,0.45416913070292186,252
MNSB,2022,0.12888575783820988,251
MNSB,2023,-0.08161897075807611,250
MOFG,2015,0.07694348229685888,252
MOFG,2016,0.26351334241164226,252
MOFG,2017,-0.09103852789534361,251
MOFG,2018,-0.2411238816030994,251
MOFG,2019,0.4983546477213803,252
MOFG,2020,-0.2961955064230216,253
MOFG,2021,0.36171728203087894,252
MOFG,2022,0.010870645447193406,251
MOFG,2023,-0.11472251727986038,250
MPB,2014,-0.012738723478069258,2
MPB,2015,0.16058186330656676,250
MPB,2016,0.21435829688274222,252
MPB,2017,0.4626191441529506,251
MPB,2018,-0.33926511653865243,251
MPB,2019,0.2913488687048513,252
MPB,2020,-0.2121152710653822,253
MPB,2021,0.49567679559469857,252
MPB,2022,-0.029325443100201243,251
MPB,2023,-0.16031936391852053,250
MSBI,2016,0.675779312654879,153
MSBI,2017,-0.08001843277659748,251
MSBI,2018,-0.2921051342453346,251
MSBI,2019,0.3451841225658929,252
MSBI,2020,-0.34322317875313013,253
MSBI,2021,0.4516278321993683,252
MSBI,2022,0.11951121005111776,251
MSBI,2023,0.09172693336235649,250
MTB,2015,-0.012992605015700431,252
MTB,2016,0.3211647453003901,252
MTB,2017,0.1136559776898407,251
MTB,2018,-0.14595012328357626,251
MTB,2019,0.21660977916427715,252
MTB,2020,-0.22090559169629875,253
MTB,2021,0.242890692292709,252
MTB,2022,-0.029826841507654578,251
MTB,2023,-0.016671492324462522,250
MVBF,2015,-0.2866333481546267,252
MVBF,2016,-0.039493699641108826,252
MVBF,2017,0.5132267459615953,251
MVBF,2018,-0.09961763005565993,251
MVBF,2019,0.3962363628731773,252
MVBF,2020,-0.06958764367172765,253
MVBF,2021,0.8547128971502382,252
MVBF,2022,-0.4582125073624823,251
MVBF,2023,0.057204334714069605,250
MYFW,2018,-0.40558375636641886,113
MYFW,2019,0.45372946844152073,252
MYFW,2020,0.18822100772491512,253
MYFW,2021,0.5513541134785263,252
MYFW,2022,-0.07279314887237753,251
MYFW,2023,-0.2955595026265,250
NBHC,2015,0.11206433208964595,252
NBHC,2016,0.506648748560208,252
NBHC,2017,0.027724458402280883,251
NBHC,2018,-0.03432867724630073,251
NBHC,2019,0.16554582995455358,252
NBHC,2020,-0.044629378980685974,253
NBHC,2021,0.3704678979281226,252
NBHC,2022,-0.021525204751554283,251
NBHC,2023,-0.08824154959079034,250
NBTB,2015,0.09725511012115451,252
NBTB,2016,0.5462110729447327,252
NBTB,2017,-0.0991075428170003,251
NBTB,2018,-0.03517076267156383,251
NBTB,2019,0.2058516031267077,252
NBTB,2020,-0.18125945433478885,253
NBTB,2021,0.23633244540925347,252
NBTB,2022,0.1603722630533011,251
NBTB,2023,-0.00090922241277136,250
NFBK,2015,0.09603440857631318,252
NFBK,2016,0.2795089040237959,252
NFBK,2017,-0.1276536144421605,251
NFBK,2018,-0.18568754649031338,251
NFBK,2019,0.2866239185527142,252
NFBK,2020,-0.24400507515403513,253
NFBK,2021,0.3515421007487183,252
NFBK,2022,0.008659984664167064,251
NFBK,2023,-0.16142370700871023,250
NIC,2015,0.3477512671489944,252
NIC,2016,0.5543696059017331,252
NIC,2017,0.14782973363793683,251
NIC,2018,-0.10851297042545793,251
NIC,2019,0.5133196721514182,252
NIC,2020,-0.10155721056473843,253
NIC,2021,0.2923888470274938,252
NIC,2022,-0.06950437318565439,251
NIC,2023,0.019498319149358734,250
NKSH,2015,0.2128191985219312,252
NKSH,2016,0.26353684207686046,252
NKSH,2017,0.0753773339996282,251
NKSH,2018,-0.17740746503603333,251
NKSH,2019,0.27401355342317757,252
NKSH,2020,-0.2698553797560965,253
NKSH,2021,0.20425372693766697,252
NKSH,2022,0.1583567626911364,251
NKSH,2023,-0.13176030041651166,250
NRIM,2015,0.04220747045174411,252
NRIM,2016,0.22445282715031256,252
NRIM,2017,0.10113053662785854,251
NRIM,2018,-0.0027852448727505585,251
NRIM,2019,0.2061631675857034,252
NRIM,2020,-0.06987006305470211,253
NRIM,2021,0.32439657304403235,252
NRIM,2022,0.3074660991967999,251
NRIM,2023,0.10387342678496281,250
NWBI,2015,0.11718137957088004,252
NWBI,2016,0.4058778366752023,252
NWBI,2017,-0.03534152861006101,251
NWBI,2018,0.053970819637712886,251
NWBI,2019,0.023473694782649934,252
NWBI,2020,-0.1798980666419423,253
NWBI,2021,0.1781907993004097,252
NWBI,2022,0.04591078228729595,251
NWBI,2023,-0.04383546236260294,250
NWFL,2015,-0.018246243697216502,252
NWFL,2016,0.22535732709508616,252
NWFL,2017,0.5248903553138351,251
NWFL,2018,0.02658500706713829,251
NWFL,2019,0.21471860443342305,252
NWFL,2020,-0.3032876949722836,253
NWFL,2021,0.03339662634359697,252
NWFL,2022,0.34123607302079373,251
NWFL,2023,0.024167622626134477,250
OBK,2018,-0.0889412958043464,162
OBK,2019,0.11863335605830594,252
OBK,2020,-0.2544829100178809,253
OBK,2021,0.5644455774851429,252
OBK,2022,-0.13302261122489,251
OBK,2023,-0.012445595134695342,250
OCFC,2015,0.20386421424312173,252
OCFC,2016,0.5427948848768331,252
OCFC,2017,-0.10677182504343741,251
OCFC,2018,-0.12247915806017251,251
OCFC,2019,0.16677383751597263,252
OCFC,2020,-0.24010173180838035,253
OCFC,2021,0.23049675960888738,252
OCFC,2022,-0.009047387965160913,251
OCFC,2023,-0.14366902812149385,250
ONB,2015,-0.05724367292709964,252
ONB,2016,0.3904310862446141,252
ONB,2017,-0.009181651710147287,251
ONB,2018,-0.09229663780793096,251
ONB,2019,0.2241751789758888,252
ONB,2020,-0.059648665482644025,253
ONB,2021,0.12898455083060978,252
ONB,2022,0.02480871138512608,251
ONB,2023,-0.024637968001256172,250
OPBK,2015,-0.17614312509563024,252
OPBK,2016,0.2190649669756004,252
OPBK,2017,0.26308963859336276,251
OPBK,2018,0.012255786547777925,251
OPBK,2019,0.19372119571143487,252
OPBK,2020,-0.22800287255203944,253
OPBK,2021,0.7104605862779863,252
OPBK,2022,-0.09336393755226136,251
OPBK,2023,0.0324226405871173,250
OPOF,2015,0.1764590649099953,252
OPOF,2016,0.5044707716397547,252
OPOF,2017,0.21863003837835127,251
OPOF,2018,-0.2537673458740204,251
OPOF,2019,0.34023213286162957,252
OPOF,2020,-0.2916364342283029,253
OPOF,2021,0.2434257012667822,252
OPOF,2022,0.18078165185055028,251
OPOF,2023,-0.3154036987972063,250
ORRF,2015,0.08775784127724484,252
ORRF,2016,0.2695362189188566,252
ORRF,2017,0.14737069495588795,251
ORRF,2018,-0.2636322042582818,251
ORRF,2019,0.2785413752004069,252
ORRF,2020,-0.23456495602839977,253
ORRF,2021,0.5754746551624159,252
ORRF,2022,-0.05281320409281465,251
ORRF,2023,0.32221434959333606,250
OSBC,2015,0.45996275611532034,252
OSBC,2016,0.4150567157905056,252
OSBC,2017,0.23946329979491,251
OSBC,2018,-0.04498494766915595,251
OSBC,2019,0.03937645376774368,252
OSBC,2020,-0.24695513954837311,253
OSBC,2021,0.26243993920117825,252
OSBC,2022,0.2921329888152411,251
OSBC,2023,-0.02393961311062709,250
OVBC,2015,0.06480167557433147,253
OVBC,2016,0.15593767403571213,251
OVBC,2017,0.5274346143191215,251
OVBC,2018,-0.10668879088002481,251
OVBC,2019,0.1453970680343133,252
OVBC,2020,-0.38342154735033085,253
OVBC,2021,0.27404868649942626,252
OVBC,2022,-0.059006714900845525,251
OVBC,2023,-0.09288038474457583,250
OVLY,2015,-0.2540916006505065,252
OVLY,2016,0.23580057821253297,252
OVLY,2017,0.5355512327861638,251
OVLY,2018,-0.051322266153398965,251
OVLY,2019,0.0789398184588066,252
OVLY,2020,-0.13006526903383586,253
OVLY,2021,0.0654592713381823,252
OVLY,2022,0.3235474322606693,251
OVLY,2023,0.33861790185527463,250
OZK,2015,0.322164513698848,252
OZK,2016,0.079502902012478,252
OZK,2017,-0.06507716420483411,251
OZK,2018,-0.5201358561587911,251
OZK,2019,0.3815304330383078,252
OZK,2020,0.07337777350545172,253
OZK,2021,0.5301848809839014,252
OZK,2022,-0.11252527388500033,251
OZK,2023,0.2907009521551047,250
PB,2015,-0.11696549436952042,252
PB,2016,0.5351226223413739,252
PB,2017,-0.0035561168374383945,251
PB,2018,-0.09199925589599933,251
PB,2019,0.18186787641276814,252
PB,2020,-0.004125380385846311,253
PB,2021,0.06355541076109206,252
PB,2022,0.036209498186734024,251
PB,2023,-0.03398828732531045,250
PCB,2014,0.0,8
PCB,2015,-0.7492543463165302,244
PCB,2016,5.261503209809095,265
PCB,2017,0.04960134860497467,238
PCB,2018,0.05251374584904944,251
PCB,2019,0.12065898877497294,252
PCB,2020,-0.3922412533199535,253
PCB,2021,1.227265806731182,252
PCB,2022,-0.1703966522903887,251
PCB,2023,0.08904254603603845,250
PDLB,2017,0.018791946264355985,62
PDLB,2018,-0.16073781291232148,251
PDLB,2019,0.1538461538407052,252
PDLB,2020,-0.28503401370494386,253
PDLB,2021,0.3929590866111494,252
PDLB,2022,-0.11179875932534111,251
PDLB,2023,0.04721030047452324,250
PEBK,2015,0.0325173373850669,252
PEBK,2016,0.3229994347628442,252
PEBK,2017,0.3328153672906109,251
PEBK,2018,-0.18898755148320856,251
PEBK,2019,0.3747852558846436,252
PEBK,2020,-0.27476365280702586,253
PEBK,2021,0.22875620108161732,252
PEBK,2022,0.21778604156802528,251
PEBK,2023,-0.03810805752148416,250
PEBO,2015,-0.2534027176613015,252
PEBO,2016,0.775848655638814,252
PEBO,2017,0.03098040734108065,251
PEBO,2018,-0.047698185799689874,251
PEBO,2019,0.1993984448348174,252
PEBO,2020,-0.17269376691236393,253
PEBO,2021,0.22836358007891944,252
PEBO,2022,-0.0664608053560406,251
PEBO,2023,0.26294303311255773,250
PFBC,2015,0.20276446502528667,252
PFBC,2016,0.617918072462607,252
PFBC,2017,0.1372232162528293,251
PFBC,2018,-0.25141059985177183,251
PFBC,2019,0.4211390105691608,252
PFBC,2020,-0.1339900289898801,253
PFBC,2021,0.45590365506628405,252
PFBC,2022,0.06477899572395063,251
PFBC,2023,0.015618803189803021,250
PFIS,2015,-0.20878889878755447,252
PFIS,2016,0.3203963312017233,252
PFIS,2017,-0.015303774333642717,251
PFIS,2018,-0.025933300375539092,251
PFIS,2019,0.17794644424797434,252
PFIS,2020,-0.24226510060004658,253
PFIS,2021,0.48163782923022724,252
PFIS,2022,0.014458766263546696,251
PFIS,2023,-0.02518974868084689,250
PFS,2015,0.15419146422786634,252
PFS,2016,0.453928388999556,252
PFS,2017,-0.012110592805190223,251
PFS,2018,-0.07624736872329363,251
PFS,2019,0.06739182395625276,252
PFS,2020,-0.22470805877235056,253
PFS,2021,0.4041903555696076,252
PFS,2022,-0.0805981176653412,251
PFS,2023,-0.1073879281644341,250
PGC,2015,0.12151560234313497,252
PGC,2016,0.512617986280173,252
PGC,2017,0.1411375288345278,251
PGC,2018,-0.27648361803057986,251
PGC,2019,0.23597225766320196,252
PGC,2020,-0.2560876685761063,253
PGC,2021,0.5652797985151115,252
PGC,2022,0.05743536061516541,251
PGC,2023,-0.19315158148325773,250
PKBK,2015,0.13557712306232972,252
PKBK,2016,0.7773905794244802,252
PKBK,2017,0.1451195561904164,251
PKBK,2018,0.026017681729374464,251
PKBK,2019,0.3949606575303015,252
PKBK,2020,-0.2927399038532573,253
PKBK,2021,0.4086112985730792,252
PKBK,2022,0.003947464042057591,251
PKBK,2023,0.016989013847601875,250
PLBC,2015,0.6409859432354188,252
PLBC,2016,1.1346126291417957,252
PLBC,2017,0.23991634641481618,251
PLBC,2018,0.050226969828756074,251
PLBC,2019,0.2926002194903612,252
PLBC,2020,-0.09269674091385549,253
PLBC,2021,0.46555956133867804,252
PLBC,2022,0.11729003447291708,251
PLBC,2023,0.1463342182398124,250
PNC,2015,0.06806617445218621,252
PNC,2016,0.2578094276581149,252
PNC,2017,0.25959296292034884,251
PNC,2018,-0.16977929793703872,251
PNC,2019,0.40892475733747524,252
PNC,2020,-0.027324487566594113,253
PNC,2021,0.3821723206542238,252
PNC,2022,-0.18560123094583403,251
PNC,2023,0.026904692445617107,250
PNFP,2015,0.31221464843187197,252
PNFP,2016,0.3647617077201901,252
PNFP,2017,-0.035028829468294775,251
PNFP,2018,-0.29794906471363747,251
PNFP,2019,0.40393040885564724,252
PNFP,2020,0.020497649175084787,253
PNFP,2021,0.4951864978432461,252
PNFP,2022,-0.2232623961080914,251
PNFP,2023,0.2046846615717859,250
PPBI,2015,0.22619734564047445,252
PPBI,2016,0.6635294117525561,252
PPBI,2017,0.13154172562478839,251
PPBI,2018,-0.3620000000402339,251
PPBI,2019,0.3149737495428613,252
PPBI,2020,0.0034869433911339787,253
PPBI,2021,0.3188309243443055,252
PPBI,2022,-0.1812594158418579,251
PPBI,2023,-0.024956882426855453,250
PRK,2015,0.06741327309033585,252
PRK,2016,0.37634321672304427,252
PRK,2017,-0.09851359500661683,251
PRK,2018,-0.1512164838354918,251
PRK,2019,0.2590382186486908,252
PRK,2020,0.07669370077662885,253
PRK,2021,0.3556261286786089,252
PRK,2022,0.06149155300200859,251
PRK,2023,-0.019965999389203848,250
PVBC,2015,0.04725469304754437,117
PVBC,2016,0.288204130906379,252
PVBC,2017,0.4776536311326345,251
PVBC,2018,-0.18034026466900854,251
PVBC,2019,0.16069737947067053,252
PVBC,2020,-0.02622441541885978,253
PVBC,2021,0.5643489328556295,252
PVBC,2022,-0.6055984258403424,251
PVBC,2023,0.3832417581161607,250
PWOD,2015,-0.10008526657282679,252
PWOD,2016,0.24170758194293418,252
PWOD,2017,-0.037922807894088195,251
PWOD,2018,-0.0984830431259196,251
PWOD,2019,0.3834487338012329,252
PWOD,2020,-0.23022718194573,253
PWOD,2021,-0.04362160184491504,252
PWOD,2022,0.18673264906622067,251
PWOD,2023,-0.106824378607005,250
QCRH,2015,0.3587962066741728,252
QCRH,2016,0.7922137942412777,252
QCRH,2017,-0.005910890312550543,251
QCRH,2018,-0.24672855142007954,251
QCRH,2019,0.37562914018255844,252
QCRH,2020,-0.09043157978543204,253
QCRH,2021,0.42129560297659774,252
QCRH,2022,-0.10950052234793461,251
QCRH,2023,0.18197806393657778,250
RBB,2017,0.17597775384801007,109
RBB,2018,-0.3498552409918342,251
RBB,2019,0.22938066091187226,252
RBB,2020,-0.25739757264521057,253
RBB,2021,0.7441524690677821,252
RBB,2022,-0.18481747093509282,251
RBB,2023,-0.044107473967834876,250
RBCAA,2015,0.10243134177152569,252
RBCAA,2016,0.5398403500378506,252
RBCAA,2017,-0.015322170628633724,251
RBCAA,2018,0.04172398293591795,251
RBCAA,2019,0.23713157074165392,252
RBCAA,2020,-0.20228782508608367,253
RBCAA,2021,0.4456659862000556,252
RBCAA,2022,-0.1692508740399462,251
RBCAA,2023,0.39266167427903453,250
RF,2015,-0.0692198858419455,252
RF,2016,0.5339801460338633,252
RF,2017,0.2294970167882331,251
RF,2018,-0.2057048394955202,251
RF,2019,0.3330125835830773,252
RF,2020,-0.016331400079780733,253
RF,2021,0.3939424429399623,252
RF,2022,0.023159519053563837,251
RF,2023,-0.057001759920660366,250
RMBI,2019,0.1692307692055841,126
RMBI,2020,-0.13337114445695586,253
RMBI,2021,0.24462985654159608,252
RMBI,2022,-0.17016358384128694,251
RMBI,2023,-0.07216738069491135,250
RNST,2023,0.30145536101686865,58
RRBI,2019,0.11562189054988048,167
RRBI,2020,-0.11123847348458393,253
RRBI,2021,0.08531123441967936,252
RRBI,2022,-0.040385389317104115,251
RRBI,2023,0.10590562399003534,250
SBCF,2015,0.08945454547362197,252
SBCF,2016,0.47263017356873904,252
SBCF,2017,0.14279238449589093,251
SBCF,2018,0.032130107096042027,251
SBCF,2019,0.17486548799860646,252
SBCF,2020,-0.03663722574847217,253
SBCF,2021,0.21605168229454752,252
SBCF,2022,-0.10098686362576859,251
SBCF,2023,-0.060933535669529526,250
SBFG,2014,0.00645161290000007,1
SBFG,2015,0.24580802579874983,251
SBFG,2016,0.596432580422825,252
SBFG,2017,0.18971006026718173,251
SBFG,2018,-0.11712728099275915,251
SBFG,2019,0.2165959382924525,252
SBFG,2020,-0.04730318238062936,253
SBFG,2021,0.09090900186439188,252
SBFG,2022,-0.07126935989335426,251
SBFG,2023,-0.05596721095398749,250
SBNY,2015,0.21760876464694023,252
SBNY,2016,-0.02066897040058313,252
SBNY,2017,-0.08615179753620328,251
SBNY,2018,-0.24332415472118996,251
SBNY,2019,0.35252535444641,252
SBNY,2020,0.012071413545441612,253
SBNY,2021,1.414719368836252,252
SBNY,2022,-0.6399259079650275,251
SBNY,2023,-0.986028187754915,250
SBSI,2015,-0.12507178173791855,252
SBSI,2016,0.6488584245759417,252
SBSI,2017,-0.08303621597161426,251
SBSI,2018,-0.03193115894402487,251
SBSI,2019,0.21325034648128183,252
SBSI,2020,-0.12816487714223324,253
SBSI,2021,0.39556518693961196,252
SBSI,2022,-0.108404476083799,251
SBSI,2023,-0.0891163718295368,250
SFBS,2021,0.2711701018059274,136
SFBS,2022,-0.1787248001099675,251
SFBS,2023,-0.011799509591710722,250
SFNC,2015,0.2886518248040739,252
SFNC,2016,0.2333477231294918,252
SFNC,2017,-0.0644150896138539,251
SFNC,2018,-0.13744840110258938,251
SFNC,2019,0.1388992269305318,252
SFNC,2020,-0.16236860609687687,253
SFNC,2021,0.40338609243998924,252
SFNC,2022,-0.24614561313387173,251
SFNC,2023,-0.04007560480689787,250
SFST,2015,0.3094684737184086,252
SFST,2016,0.5929203539706813,252
SFST,2017,0.14583333337812832,251
SFST,2018,-0.22254545460338526,251
SFST,2019,0.3249142500288049,252
SFST,2020,-0.16803953876177413,253
SFST,2021,0.7677510607698173,252
SFST,2022,-0.2678828612452523,251
SFST,2023,-0.18907103824702975,250
SHBI,2015,0.22372177634119583,252
SHBI,2016,0.4178407553602397,252
SHBI,2017,0.10941635253044502,251
SHBI,2018,-0.11338710681758857,251
SHBI,2019,0.22605301263281774,252
SHBI,2020,-0.12214260656488762,253
SHBI,2021,0.4688210414578815,252
SHBI,2022,-0.1435980525219428,251
SHBI,2023,-0.1503269560271775,250
SMBK,2014,0.00303030303000007,1
SMBK,2015,0.3747728601750704,253
SMBK,2016,0.19328708097780112,250
SMBK,2017,0.16918103451834643,251
SMBK,2018,-0.15806451614244277,251
SMBK,2019,0.2973846645829423,252
SMBK,2020,-0.22314900782529334,253
SMBK,2021,0.5234887945726547,252
SMBK,2022,0.015782767431636646,251
SMBK,2023,-0.09693814239520149,250
SNV,2015,0.2117732966453607,252
SNV,2016,0.2876498971795267,252
SNV,2017,0.18278479525651914,251
SNV,2018,-0.317412139129267,251
SNV,2019,0.2663014116425615,252
SNV,2020,-0.11865190193157449,253
SNV,2021,0.5222732873655318,252
SNV,2022,-0.18876487678387965,251
SNV,2023,0.052736057387441804,250
SPFI,2019,0.18254207259357358,163
SPFI,2020,-0.08315183644037683,253
SPFI,2021,0.486843307366426,252
SPFI,2022,0.006632296217243372,251
SPFI,2023,0.07397757456791965,250
SRCE,2015,0.012524904745064847,252
SRCE,2016,0.478812022694868,252
SRCE,2017,0.12493439184823996,251
SRCE,2018,-0.16895338378255043,251
SRCE,2019,0.3159253873728278,252
SRCE,2020,-0.19852263711204543,253
SRCE,2021,0.26404672360093207,252
SRCE,2022,0.09804969785049034,251
SRCE,2023,0.06441774155786795,250
SSB,2023,0.002850017806015126,7
STBA,2015,0.05992228875651118,252
STBA,2016,0.3040424115394642,252
STBA,2017,0.04218671538734409,251
STBA,2018,-0.026740761828975557,251
STBA,2019,0.09485636638776973,252
STBA,2020,-0.3539771180841548,253
STBA,2021,0.31672076208577127,252
STBA,2022,0.12612545528722108,251
STBA,2023,0.020832187885025055,250
STEL,2017,0.03483106932889557,35
STEL,2018,-0.0024878050900926096,251
STEL,2019,0.07279459874408456,252
STEL,2020,-0.16339580799484354,253
STEL,2021,0.15787406521139435,252
STEL,2022,0.03405152860650307,251
STEL,2023,-0.03523888128559183,250
SYBT,2015,0.16391885164829678,252
SYBT,2016,0.9064280575266292,252
SYBT,2017,-0.17967336908792952,251
SYBT,2018,-0.1059217900170828,251
SYBT,2019,0.28689785952468316,252
SYBT,2020,0.017584243123334398,253
SYBT,2021,0.6101000231242937,252
SYBT,2022,0.03639162823637654,251
SYBT,2023,-0.18805228303394605,250
TBBK,2015,-0.4150596877451913,252
TBBK,2016,0.23390894822396535,252
TBBK,2017,0.25699745542470476,251
TBBK,2018,-0.1943319837523395,251
TBBK,2019,0.6293969849205028,252
TBBK,2020,0.05242868121928668,253
TBBK,2021,0.8542124541502945,252
TBBK,2022,0.12129593041930509,251
TBBK,2023,0.35870331209646467,250
TCBI,2015,-0.09037364255504854,252
TCBI,2016,0.5864022661213681,252
TCBI,2017,0.13392857136726288,251
TCBI,2018,-0.42530933631614853,251
TCBI,2019,0.11117635545977911,252
TCBI,2020,0.048088778943458754,253
TCBI,2021,0.012605042012835632,252
TCBI,2022,0.0009958505848728372,251
TCBI,2023,0.07162991207286695,250
TCBK,2015,0.13382187085967345,252
TCBK,2016,0.2722663896120272,252
TCBK,2017,0.1277764382887343,251
TCBK,2018,-0.09093442246189654,251
TCBK,2019,0.23355654605446152,252
TCBK,2020,-0.10832019948004201,253
TCBK,2021,0.24541594582748227,252
TCBK,2022,0.2155991437363094,251
TCBK,2023,-0.13056770686568198,250
TFC,2015,-0.0010203121194024556,252
TFC,2016,0.2847304677749867,252
TFC,2017,0.0867458771149896,251
TFC,2018,-0.10219903577764089,251
TFC,2019,0.34519693639309756,252
TFC,2020,-0.11130659921999908,253
TFC,2021,0.2607242291475842,252
TFC,2022,-0.23513730899112928,251
TFC,2023,-0.08523436509899318,250
TFIN,2015,0.21771217703146095,252
TFIN,2016,0.5848484848679563,252
TFIN,2017,0.20458891013328429,251
TFIN,2018,-0.05714285712960265,251
TFIN,2019,0.28013468010123677,252
TFIN,2020,0.27695949511806983,253
TFIN,2021,1.4527291452052173,252
TFIN,2022,-0.5896036278157017,251
TFIN,2023,0.6406793533745421,250
THFF,2015,-0.018737369709738827,252
THFF,2016,0.5987708005121399,252
THFF,2017,-0.09533227692309765,251
THFF,2018,-0.09433882215643397,251
THFF,2019,0.16779743977073092,252
THFF,2020,-0.127511607013586,253
THFF,2021,0.19454169298099688,252
THFF,2022,0.044120111287488495,251
THFF,2023,-0.026160192581218045,250
TMP,2015,0.048099810511170515,252
TMP,2016,0.7299460897635861,252
TMP,2017,-0.12070768131759257,251
TMP,2018,-0.05534832303833592,251
TMP,2019,0.25023344258561075,252
TMP,2020,-0.2038230114351376,253
TMP,2021,0.21743261603976283,252
TMP,2022,-0.04403706422421827,251
TMP,2023,-0.19190957091411476,250
TOWN,2015,0.4166585505619538,252
TOWN,2016,0.6285740096182111,252
TOWN,2017,-0.059102490493585735,251
TOWN,2018,-0.20400187414478144,251
TOWN,2019,0.19205844801762306,252
TOWN,2020,-0.12243268261000029,253
TOWN,2021,0.37978334510373823,252
TOWN,2022,0.0066722105361352035,251
TOWN,2023,0.002387754583625501,250
TRMK,2015,-0.02428835861807277,252
TRMK,2016,0.6013165535513672,252
TRMK,2017,-0.08024610267486565,251
TRMK,2018,-0.08219005569470461,251
TRMK,2019,0.24727896935050842,252
TRMK,2020,-0.1790649171508082,253
TRMK,2021,0.22374775990921614,252
TRMK,2022,0.10677601306842233,251
TRMK,2023,-0.1698871158425841,250
TRST,2015,-0.11891972542376494,252
TRST,2016,0.48074586704042854,252
TRST,2017,0.08550898820203834,251
TRST,2018,-0.23017823431508344,251
TRST,2019,0.3073847227268609,252
TRST,2020,-0.1974918822992835,253
TRST,2021,0.039341017412690915,252
TRST,2022,0.17582091887414975,251
TRST,2023,-0.13294333373517864,250
UBFO,2015,0.03624245568547835,252
UBFO,2016,0.5422951515648864,252
UBFO,2017,0.5010978441278391,251
UBFO,2018,-0.101265873949834,251
UBFO,2019,0.18007405952153355,252
UBFO,2020,-0.29468111884474,253
UBFO,2021,0.21584949153163935,252
UBFO,2022,-0.05854554770774867,251
UBFO,2023,0.23033722104997612,250
UBSI,2015,0.02190699860811085,252
UBSI,2016,0.29214435340165745,252
UBSI,2017,-0.22126828204677673,251
UBSI,2018,-0.07045079168009949,251
UBSI,2019,0.28815954124046517,252
UBSI,2020,-0.11463015120244957,253
UBSI,2021,0.16352850802532615,252
UBSI,2022,0.1604426285183289,251
UBSI,2023,-0.031277908996433346,250
UCB,2015,0.040810499515613996,252
UCB,2016,0.541339979334261,252
UCB,2017,-0.036740372817078204,251
UCB,2018,-0.22161739562125515,251
UCB,2019,0.4742306621407921,252
UCB,2020,-0.046206975796659666,253
UCB,2021,0.29413204994377473,252
UCB,2022,-0.03466394686111418,251
UCB,2023,-0.10469486756148039,250
UMBF,2015,-0.16646704948680568,252
UMBF,2016,0.6841178799617305,252
UMBF,2017,-0.0536933275043312,251
UMBF,2018,-0.13861995922687498,251
UMBF,2019,0.1470323268700946,252
UMBF,2020,0.02753260385998879,253
UMBF,2021,0.5604885395845736,252
UMBF,2022,-0.1996090281828664,251
UMBF,2023,0.0223555454700346,250
UNB,2015,0.22198800136841945,252
UNB,2016,0.6828936457088601,252
UNB,2017,0.19580222830484617,251
UNB,2018,-0.07662578212154458,251
UNB,2019,-0.2150484746261797,252
UNB,2020,-0.2512785309497241,253
UNB,2021,0.17889941439777202,252
UNB,2022,-0.15341532105241762,251
UNB,2023,0.3878264915044902,250
UNTY,2015,0.31655130216946104,252
UNTY,2016,0.34829105849103303,252
UNTY,2017,0.27430371090091343,251
UNTY,2018,0.0639264780531823,251
UNTY,2019,0.10303585261046311,252
UNTY,2020,-0.2050628228296414,253
UNTY,2021,0.518955550132274,252
UNTY,2022,0.0575121501386171,251
UNTY,2023,0.10375808122850994,250
USB,2015,-0.028108140365098677,252
USB,2016,0.2340085845101203,252
USB,2017,0.06612330838651714,251
USB,2018,-0.12362335392537249,251
USB,2019,0.33606583926556355,252
USB,2020,-0.1788408364217985,253
USB,2021,0.243133342093951,252
USB,2022,-0.19119499360676562,251
USB,2023,0.04732793194065854,250
UVSP,2015,0.07397128551299548,252
UVSP,2016,0.5343729350855873,252
UVSP,2017,-0.0662656449316561,251
UVSP,2018,-0.20766473394688234,251
UVSP,2019,0.28090053811556026,252
UVSP,2020,-0.2042767768060404,253
UVSP,2021,0.49593911914968136,252
UVSP,2022,-0.09948865332190726,251
UVSP,2023,-0.12065489618497949,250
VABK,2021,0.10033029193703946,190
VABK,2022,0.01424087461102852,251
VABK,2023,-0.025223887322353256,250
VBTX,2015,0.12236676519643197,252
VBTX,2016,0.6477483034404588,252
VBTX,2017,0.032946461988625275,251
VBTX,2018,-0.22508155132592966,251
VBTX,2019,0.3896833026186295,252
VBTX,2020,-0.08795369639088646,253
VBTX,2021,0.5846662696971703,252
VBTX,2022,-0.2771826938054879,251
VBTX,2023,-0.13718331771098247,250
VLY,2015,0.061169771772467074,252
VLY,2016,0.23551057261589037,252
VLY,2017,0.0008376902353577353,251
VLY,2018,-0.17790316197471567,251
VLY,2019,0.34261222486003007,252
VLY,2020,-0.1005876979802518,253
VLY,2021,0.4577645783848536,252
VLY,2022,-0.14603102508603405,251
VLY,2023,0.006924851456687975,250
WABC,2015,-0.013331309090366394,252
WABC,2016,0.39220788554389197,252
WABC,2017,-0.026448558143143397,251
WABC,2018,-0.03926955560093959,251
WABC,2019,0.24851841590876877,252
WABC,2020,-0.16125873244369548,253
WABC,2021,0.07398703823222919,252
WABC,2022,0.051599531276733224,251
WABC,2023,-0.009025464179675646,250
WAL,2015,0.2899280575369547,252
WAL,2016,0.35833798103686054,252
WAL,2017,0.16238965309314612,251
WAL,2018,-0.302543270939892,251
WAL,2019,0.45908005561384035,252
WAL,2020,0.07756849355678885,253
WAL,2021,0.8172329898843211,252
WAL,2022,-0.43674990208012976,251
WAL,2023,0.14139879101266373,250
WASH,2015,0.018239887090584883,252
WASH,2016,0.4688066952918508,252
WASH,2017,-0.022186127427183067,251
WASH,2018,-0.0775380509534086,251
WASH,2019,0.17716011771276285,252
WASH,2020,-0.11797611023937937,253
WASH,2021,0.3088214001979299,252
WASH,2022,-0.12478112990986667,251
WASH,2023,-0.26031914504809206,250
WBS,2015,0.17119364315002916,252
WBS,2016,0.4999705642764065,252
WBS,2017,0.05508293005352849,251
WBS,2018,-0.10392527758002679,251
WBS,2019,0.11544315725642051,252
WBS,2020,-0.169891396402434,253
WBS,2021,0.36566525254808613,252
WBS,2022,-0.1248530246889008,251
WBS,2023,0.11341098386469439,250
WFC,2015,0.018455860032105864,252
WFC,2016,0.04666148017346172,252
WFC,2017,0.1319302323091558,251
WFC,2018,-0.21824113933197087,251
WFC,2019,0.21405521089121482,252
WFC,2020,-0.41662380805635013,253
WFC,2021,0.6112248028597513,252
WFC,2022,-0.11884092979674776,251
WFC,2023,0.22933458036035148,250
WNEB,2015,0.16266186319465614,252
WNEB,2016,0.13044651198507906,252
WNEB,2017,0.17979192795950305,251
WNEB,2018,-0.06461825688294853,251
WNEB,2019,-0.020283611325862205,252
WNEB,2020,-0.26001339483963604,253
WNEB,2021,0.3018381323694852,252
WNEB,2022,0.10983736506959851,251
WNEB,2023,-0.010718570595091292,250
WSBC,2015,-0.11207210886433172,252
WSBC,2016,0.476187538318285,252
WSBC,2017,-0.030140838445137597,251
WSBC,2018,-0.07360497943340705,251
WSBC,2019,0.06533174849092971,252
WSBC,2020,-0.16226086794178263,253
WSBC,2021,0.21311217590877152,252
WSBC,2022,0.09897772876466715,251
WSBC,2023,-0.1084220968943801,250
WSBF,2015,0.08868021501208134,252
WSBF,2016,0.3274558077375538,252
WSBF,2017,-0.02445715063217857,251
WSBF,2018,0.04008240249157602,251
WSBF,2019,0.2039097277497104,252
WSBF,2020,0.07211049404506431,253
WSBF,2021,0.23920942256555877,252
WSBF,2022,-0.15752764201595493,251
WSBF,2023,-0.1316721564083515,250
WSFS,2015,0.2720772087561043,252
WSFS,2016,0.4431966788402726,252
WSFS,2017,0.039127467480398304,251
WSFS,2018,-0.20077126503955234,251
WSFS,2019,0.173281576584553,252
WSFS,2020,0.036180576904371264,253
WSFS,2021,0.12857501417407158,252
WSFS,2022,-0.08434221372990436,251
WSFS,2023,0.028671390291252097,250
WTBA,2015,0.19851000828652277,252
WTBA,2016,0.2971406471467595,252
WTBA,2017,0.04972751073807746,251
WTBA,2018,-0.21537933264108755,251
WTBA,2019,0.3945955577611795,252
WTBA,2020,-0.21194453096537458,253
WTBA,2021,0.664955635178516,252
WTBA,2022,-0.14442220892656465,251
WTBA,2023,-0.1232770644485004,250
WTFC,2015,0.046794445043019994,252
WTFC,2016,0.5103979804485281,252
WTFC,2017,0.14363811047950192,251
WTFC,2018,-0.18558754860665916,251
WTFC,2019,0.08167712626897705,252
WTFC,2020,-0.11766055501193273,253
WTFC,2021,0.5109937774513751,252
WTFC,2022,-0.055393289512490895,251
WTFC,2023,0.12012142322831987,250
ZION,2015,-0.03521260506891477,252
ZION,2016,0.592274221544381,252
ZION,2017,0.19266060754395076,251
ZION,2018,-0.18264512410102374,251
ZION,2019,0.3106482461905291,252
ZION,2020,-0.1316029703397662,253
ZION,2021,0.4910746871218048,252
ZION,2022,-0.1999975695683771,251
ZION,2023,-0.0645305136757176,250
