ticker,year,sigma_E,method,days_used,flag,size_bucket
ABCB,2016,0.2391603397935335,daily_252,252,,small
ABCB,2017,0.2546242451305512,daily_252,252,,small
ABCB,2018,0.2596273294476337,daily_252,251,,small
ABCB,2019,0.2863224626172957,daily_252,251,,small
ABCB,2020,0.25470125808134,daily_252,252,,small
ABCB,2021,0.7376649048422735,daily_252,253,,small
ABCB,2022,0.3412052307217205,daily_252,252,,small
ABCB,2023,0.31900237585005514,daily_252,251,,small
ACNB,2016,0.21756663172245136,daily_252,252,,
ACNB,2017,0.2171167858289585,daily_252,252,,
ACNB,2018,0.20470528040491545,daily_252,251,,
ACNB,2019,0.2903463279511778,daily_252,251,,small
ACNB,2020,0.24199777856851876,daily_252,252,,small
ACNB,2021,0.8653598329847328,daily_252,253,,small
ACNB,2022,0.2871137941908202,daily_252,252,,small
ACNB,2023,0.2820453516864416,daily_252,251,,small
ALRS,2016,0.23018716131709951,daily_252,252,,
ALRS,2017,0.18763195156762177,daily_252,252,,
ALRS,2018,0.1632766108253354,daily_252,251,,
ALRS,2019,0.1677466986688781,daily_252,251,,
ALRS,2020,0.17513702692190325,daily_252,252,,small
ALRS,2021,0.4561830221955594,daily_252,253,,small
ALRS,2022,0.4050453207978267,daily_252,252,,small
ALRS,2023,0.29927458552262876,daily_252,251,,small
AMTB,2016,,imputed_peer,0,no_daily_data,
AMTB,2017,,imputed_peer,0,no_daily_data,
AMTB,2018,,imputed_peer,0,no_daily_data,
AMTB,2019,,imputed_peer,0,no_daily_data,
AMTB,2020,0.23780468310986325,imputed_peer,0,no_daily_data,small
AMTB,2021,0.6550777488618563,imputed_peer,0,no_daily_data,small
AMTB,2022,0.29782618194732896,imputed_peer,0,no_daily_data,small
AMTB,2023,0.2671130394526987,imputed_peer,0,no_daily_data,small
AROW,2016,0.1716350138724475,daily_252,252,,
AROW,2017,0.23948216672228934,daily_252,252,,small
AROW,2018,0.23664359243799332,daily_252,251,,small
AROW,2019,0.23255438309637202,daily_252,251,,small
AROW,2020,0.22107674997530255,daily_252,252,,small
AROW,2021,0.5816109351339804,daily_252,253,,small
AROW,2022,0.24618053276663923,daily_252,252,,small
AROW,2023,0.2520166545618777,daily_252,251,,
ASB,2016,0.235476086166865,daily_252,252,,small
ASB,2017,0.2693993840025863,daily_252,252,,small
ASB,2018,0.22694246973622767,daily_252,251,,small
ASB,2019,0.24507930252739257,daily_252,251,,small
ASB,2020,0.22761591317408827,daily_252,252,,small
ASB,2021,0.6353157835712371,daily_252,253,,small
ASB,2022,0.3144412545759421,daily_252,252,,small
ASB,2023,0.30287002672929353,daily_252,251,,small
ATLO,2016,0.2736700512143044,daily_252,252,,
ATLO,2017,0.24369438267471843,daily_252,252,,
ATLO,2018,0.25939775866895404,daily_252,251,,small
ATLO,2019,0.23811595341381986,daily_252,251,,small
ATLO,2020,0.2405710149761805,daily_252,252,,
ATLO,2021,0.6176863949234803,daily_252,253,,small
ATLO,2022,0.1991968434027569,daily_252,252,,small
ATLO,2023,0.16726808661783515,daily_252,251,,small
AUB,2016,0.2364840051229442,imputed_peer,0,no_daily_data,small
AUB,2017,0.2602568778080121,imputed_peer,0,no_daily_data,small
AUB,2018,0.245226588249759,imputed_peer,0,no_daily_data,small
AUB,2019,0.24332152929237977,imputed_peer,0,no_daily_data,small
AUB,2020,0.23780468310986325,imputed_peer,0,no_daily_data,small
AUB,2021,0.6550777488618563,imputed_peer,0,no_daily_data,small
AUB,2022,0.29782618194732896,imputed_peer,0,no_daily_data,small
AUB,2023,0.2671130394526987,imputed_peer,0,no_daily_data,small
AUBN,2016,0.2580645473821879,daily_252,248,,
AUBN,2017,0.29007785172875206,daily_252,252,,
AUBN,2018,0.3008817103075334,daily_252,251,,small
AUBN,2019,0.38858869261746026,daily_252,251,,small
AUBN,2020,0.40282509039369313,daily_252,252,,small
AUBN,2021,0.6952406175495691,daily_252,253,,small
AUBN,2022,0.2814576928374213,daily_252,252,,small
AUBN,2023,0.312422671897937,daily_252,251,,
BAC,2016,0.2568377087277409,daily_252,252,,large
BAC,2017,0.3221871078404479,daily_252,252,,large
BAC,2018,0.21504409961510393,daily_252,251,,large
BAC,2019,0.24746969402930855,daily_252,251,,large
BAC,2020,0.231128623120958,daily_252,252,,large
BAC,2021,0.584351085104152,daily_252,253,,large
BAC,2022,0.2549888593256257,daily_252,252,,large
BAC,2023,0.3235343745148836,daily_252,251,,
BANC,2016,0.2374993952676863,daily_252,252,,
BANC,2017,0.5127905198379239,daily_252,252,,small
BANC,2018,0.3730526757051798,daily_252,251,,small
BANC,2019,0.2782833589344706,daily_252,251,,small
BANC,2020,0.29848291414702366,daily_252,252,,small
BANC,2021,0.8133636351819207,daily_252,253,,small
BANC,2022,0.332005826271507,daily_252,252,,small
BANC,2023,0.3132564779912147,daily_252,251,,small
BANF,2016,0.23352882972986808,daily_252,252,,small
BANF,2017,0.24678577123228415,daily_252,252,,small
BANF,2018,0.2535554738104529,daily_252,251,,small
BANF,2019,0.23271961020268336,daily_252,251,,small
BANF,2020,0.20887042081062174,daily_252,252,,small
BANF,2021,0.7512429082610202,daily_252,253,,small
BANF,2022,0.2934499707736127,daily_252,252,,small
BANF,2023,0.300543085015569,daily_252,251,,small
BANR,2016,0.25390047773790364,daily_252,252,,small
BANR,2017,0.24750292222892517,daily_252,252,,small
BANR,2018,0.22824672220695436,daily_252,251,,small
BANR,2019,0.23773289948179052,daily_252,251,,small
BANR,2020,0.25323274336903784,daily_252,252,,small
BANR,2021,0.7014645322494301,daily_252,253,,small
BANR,2022,0.3332960026955242,daily_252,252,,small
BANR,2023,0.27688164172866325,daily_252,251,,small
BCBP,2016,0.22770625247425105,daily_252,252,,
BCBP,2017,0.16494759668459674,daily_252,252,,
BCBP,2018,0.2229914882719278,daily_252,251,,small
BCBP,2019,0.1900623031884381,daily_252,251,,small
BCBP,2020,0.22787696607659128,daily_252,252,,
BCBP,2021,0.5566543162508445,daily_252,253,,
BCBP,2022,0.3212411514249918,daily_252,252,,
BCBP,2023,0.27938776483276456,daily_252,251,,
BCML,2016,,imputed_peer,0,no_daily_data,
BCML,2017,,imputed_peer,0,no_daily_data,
BCML,2018,,imputed_peer,0,no_daily_data,
BCML,2019,0.29357735367171905,daily_partial,166,insufficient_days,small
BCML,2020,0.28845664101818747,daily_252,252,,small
BCML,2021,0.7411795057742891,daily_252,253,,small
BCML,2022,0.23062534948412095,daily_252,252,,small
BCML,2023,0.2552474366295292,daily_252,251,,small
BFC,2016,,imputed_peer,0,no_daily_data,
BFC,2017,,imputed_peer,0,no_daily_data,
BFC,2018,,imputed_peer,0,no_daily_data,
BFC,2019,0.24332152929237977,imputed_peer,40,no_daily_data,small
BFC,2020,0.35755124364264174,daily_252,252,,small
BFC,2021,0.5552027623751111,daily_252,253,,small
BFC,2022,0.2516229247522431,daily_252,252,,small
BFC,2023,0.22710157085254723,daily_252,251,,small
BFIN,2016,0.18569841639187334,daily_252,252,,
BFIN,2017,0.19286712230588676,daily_252,252,,
BFIN,2018,0.1674013122245939,daily_252,251,,small
BFIN,2019,0.18266839603364038,daily_252,251,,small
BFIN,2020,0.21559834595989363,daily_252,252,,
BFIN,2021,0.6585209963002622,daily_252,253,,
BFIN,2022,0.2595459219184601,daily_252,252,,
BFIN,2023,0.17853117600332025,daily_252,251,,
BFST,2016,,imputed_peer,0,no_daily_data,
BFST,2017,,imputed_peer,0,no_daily_data,
BFST,2018,,imputed_peer,0,no_daily_data,
BFST,2019,0.3219542422929614,daily_252,185,,
BFST,2020,0.2749153520254818,daily_252,252,,
BFST,2021,0.8021158697868437,daily_252,253,,small
BFST,2022,0.3006210752144577,daily_252,252,,small
BFST,2023,0.27742419310003735,daily_252,251,,small
BHB,2016,0.27250061878129367,daily_252,252,,
BHB,2017,0.26535233397263003,daily_252,252,,small
BHB,2018,0.3045286618509912,daily_252,251,,small
BHB,2019,0.2764677951520791,daily_252,251,,small
BHB,2020,0.29784362265291026,daily_252,252,,small
BHB,2021,0.738594973749814,daily_252,253,,small
BHB,2022,0.338646898550271,daily_252,252,,small
BHB,2023,0.3213288296258163,daily_252,251,,small
BHLIP.PK^B11,2016,,imputed_peer,0,no_daily_data,
BHLIP.PK^B11,2017,,imputed_peer,0,no_daily_data,
BHLIP.PK^B11,2018,,imputed_peer,0,no_daily_data,
BHLIP.PK^B11,2019,,imputed_peer,0,no_daily_data,
BHLIP.PK^B11,2020,,imputed_peer,0,no_daily_data,
BHLIP.PK^B11,2021,,imputed_peer,0,no_daily_data,
BHLIP.PK^B11,2022,,imputed_peer,0,no_daily_data,
BHLIP.PK^B11,2023,,imputed_peer,0,no_daily_data,
BKU,2016,0.22449193852051172,daily_252,252,,small
BKU,2017,0.29417771382444696,daily_252,252,,small
BKU,2018,0.23109250766851258,daily_252,251,,small
BKU,2019,0.2493708947948304,daily_252,251,,small
BKU,2020,0.24074801311983834,daily_252,252,,small
BKU,2021,0.8000647714838925,daily_252,253,,small
BKU,2022,0.35742345401059455,daily_252,252,,small
BKU,2023,0.34427145602095144,daily_252,251,,small
BLFY,2016,,imputed_peer,0,no_daily_data,
BLFY,2017,,imputed_peer,0,no_daily_data,
BLFY,2018,,imputed_peer,0,no_daily_data,
BLFY,2019,,imputed_peer,0,no_daily_data,
BLFY,2020,,imputed_peer,0,no_daily_data,
BLFY,2021,,imputed_peer,0,no_daily_data,
BLFY,2022,0.18624834959635017,daily_partial,118,insufficient_days,small
BLFY,2023,0.21324130108359415,daily_252,251,,small
BMRC,2016,0.20227693539132138,daily_252,252,,
BMRC,2017,0.23750259853844966,daily_252,252,,small
BMRC,2018,0.2681826018734529,daily_252,251,,small
BMRC,2019,0.2662754129129087,daily_252,251,,small
BMRC,2020,0.20385957894296558,daily_252,252,,small
BMRC,2021,0.6018184158720171,daily_252,253,,small
BMRC,2022,0.26500346562378674,daily_252,252,,small
BMRC,2023,0.24392144664901946,daily_252,251,,small
BOH,2016,0.20123017178011263,daily_252,252,,small
BOH,2017,0.22058587756324186,daily_252,252,,small
BOH,2018,0.19966227160156316,daily_252,251,,small
BOH,2019,0.18337908508374098,daily_252,251,,small
BOH,2020,0.1849753789266408,daily_252,252,,small
BOH,2021,0.5776544666001724,daily_252,253,,small
BOH,2022,0.2797411872880994,daily_252,252,,small
BOH,2023,0.26070460076892726,daily_252,251,,
BOKF,2016,0.2386607286826258,daily_252,252,,small
BOKF,2017,0.3101078194407364,daily_252,252,,small
BOKF,2018,0.2051723051255104,daily_252,251,,small
BOKF,2019,0.22395266913056622,daily_252,251,,small
BOKF,2020,0.2411737312528518,daily_252,252,,small
BOKF,2021,0.7094339485371219,daily_252,253,,small
BOKF,2022,0.2980978960979943,daily_252,252,,small
BOKF,2023,0.2858073654196821,daily_252,251,,small
BRBS,2016,0.6090513642334237,daily_252,252,,
BRBS,2017,0.448565217808809,daily_252,251,,
BRBS,2018,0.6064460671955266,daily_252,251,,
BRBS,2019,0.45460652006687824,daily_252,251,,
BRBS,2020,0.4304235258040967,daily_252,252,,
BRBS,2021,0.4141933279283645,daily_252,253,,
BRBS,2022,0.2674832687971854,daily_252,252,,small
BRBS,2023,0.22575474949262186,daily_252,251,,small
BRKL.O^I25,2016,0.22162283243424602,daily_252,252,,
BRKL.O^I25,2017,0.2356052728162393,daily_252,252,,
BRKL.O^I25,2018,0.23736157799199828,daily_252,251,,
BRKL.O^I25,2019,0.23057075761472295,daily_252,251,,
BRKL.O^I25,2020,0.20084814470209855,daily_252,252,,
BRKL.O^I25,2021,0.5670181848778896,daily_252,253,,
BRKL.O^I25,2022,0.2768588649428555,daily_252,252,,
BRKL.O^I25,2023,0.24773327298483153,daily_252,251,,
BSRR,2016,0.22707326957383203,daily_252,252,,
BSRR,2017,0.2661294216024236,daily_252,252,,
BSRR,2018,0.26983453994629697,daily_252,251,,small
BSRR,2019,0.22497379139357587,daily_252,251,,small
BSRR,2020,0.23010407791434823,daily_252,252,,
BSRR,2021,0.8002541710465436,daily_252,253,,
BSRR,2022,0.3003627186073514,daily_252,252,,
BSRR,2023,0.2131707728025388,daily_252,251,,
BUSE,2016,0.25221286811017435,daily_252,252,,
BUSE,2017,0.21024573152203643,daily_252,252,,small
BUSE,2018,0.2111818769506974,daily_252,251,,small
BUSE,2019,0.20865293006611516,daily_252,251,,small
BUSE,2020,0.20697846595306887,daily_252,252,,small
BUSE,2021,0.6275256246223233,daily_252,253,,small
BUSE,2022,0.28965206124639503,daily_252,252,,small
BUSE,2023,0.25491928136228276,daily_252,251,,small
BWB,2016,,imputed_peer,0,no_daily_data,
BWB,2017,,imputed_peer,0,no_daily_data,
BWB,2018,,imputed_peer,0,no_daily_data,
BWB,2019,0.24010595402600432,daily_252,201,,
BWB,2020,0.21074012848929452,daily_252,252,,small
BWB,2021,0.5479326819814312,daily_252,253,,small
BWB,2022,0.32072116700573383,daily_252,252,,small
BWB,2023,0.2431945832493158,daily_252,251,,small
BWFG,2016,0.2737879567927568,daily_252,252,,
BWFG,2017,0.17673162333968853,daily_252,252,,
BWFG,2018,0.28162481014555,daily_252,251,,small
BWFG,2019,0.18814037329755223,daily_252,251,,small
BWFG,2020,0.2086680946614298,daily_252,252,,small
BWFG,2021,0.5733640382870648,daily_252,253,,small
BWFG,2022,0.2500648681406323,daily_252,252,,small
BWFG,2023,0.2226036222412751,daily_252,251,,small
BY,2016,,imputed_peer,0,no_daily_data,
BY,2017,,imputed_peer,0,no_daily_data,
BY,2018,0.245226588249759,daily_partial,126,insufficient_days,small
BY,2019,0.24997847789661107,daily_252,251,,small
BY,2020,0.2185387329012893,daily_252,252,,small
BY,2021,0.6798630343168309,daily_252,253,,small
BY,2022,0.3147206924093823,daily_252,252,,
BY,2023,0.256823103443273,daily_252,251,,
CAC,2016,0.21552215821999154,daily_252,252,,
CAC,2017,0.20137659616289527,daily_252,252,,small
CAC,2018,0.24311099486449161,daily_252,251,,small
CAC,2019,0.2270437028320144,daily_252,251,,small
CAC,2020,0.21357129597991178,daily_252,252,,small
CAC,2021,0.5946799432129005,daily_252,253,,small
CAC,2022,0.27185734704640413,daily_252,252,,small
CAC,2023,0.21924844273223154,daily_252,251,,
CADE,2016,0.266794601324186,daily_252,252,,
CADE,2017,0.2951072200766978,daily_252,252,,
CADE,2018,0.24633286341599162,daily_252,251,,
CADE,2019,0.2433195150745384,daily_252,251,,small
CADE,2020,0.2215270967563352,daily_252,252,,small
CADE,2021,0.6467061322800877,daily_252,253,,small
CADE,2022,0.32320203970981204,daily_252,252,,small
CADE,2023,0.3276379415520243,daily_252,251,,
CATY,2016,0.25606780946718605,daily_252,252,,small
CATY,2017,0.26635307471591546,daily_252,252,,small
CATY,2018,0.23586797091966472,daily_252,251,,small
CATY,2019,0.2298332341167659,daily_252,251,,small
CATY,2020,0.22496907342961087,daily_252,252,,small
CATY,2021,0.6418586980783755,daily_252,253,,small
CATY,2022,0.3163501545357775,daily_252,252,,small
CATY,2023,0.29398555819345296,daily_252,251,,small
CBAN,2016,0.26686186069476275,daily_252,250,,
CBAN,2017,0.3078981993410527,daily_252,252,,
CBAN,2018,0.3559344956905157,daily_252,251,,small
CBAN,2019,0.3850531011446373,daily_252,251,,small
CBAN,2020,0.26789188831974275,daily_252,252,,small
CBAN,2021,0.660306300797764,daily_252,253,,small
CBAN,2022,0.2660583304821097,daily_252,252,,small
CBAN,2023,0.21787221086759098,daily_252,251,,
CBFV,2016,0.1716664931921132,daily_252,252,,
CBFV,2017,0.20793887065913147,daily_252,252,,
CBFV,2018,0.2744108009275041,daily_252,251,,small
CBFV,2019,0.24805251689581156,daily_252,251,,small
CBFV,2020,0.21746632997393614,daily_252,252,,small
CBFV,2021,0.48357053437185576,daily_252,253,,small
CBFV,2022,0.24403645477274297,daily_252,252,,small
CBFV,2023,0.2630776161032252,daily_252,251,,small
CBNK,2016,,imputed_peer,0,no_daily_data,
CBNK,2017,,imputed_peer,0,no_daily_data,
CBNK,2018,,imputed_peer,0,no_daily_data,
CBNK,2019,,imputed_peer,65,no_daily_data,
CBNK,2020,0.29675023030148706,daily_252,252,,small
CBNK,2021,0.968112991167838,daily_252,253,,small
CBNK,2022,0.3499412664621776,daily_252,252,,small
CBNK,2023,0.24851058844175875,daily_252,251,,
CBSH,2016,0.19868209342723678,daily_252,252,,small
CBSH,2017,0.2173317241956719,daily_252,252,,small
CBSH,2018,0.18981338243914947,daily_252,251,,small
CBSH,2019,0.19353106750506469,daily_252,251,,small
CBSH,2020,0.185593084507679,daily_252,252,,small
CBSH,2021,0.4930864963078544,daily_252,253,,small
CBSH,2022,0.24126484241332563,daily_252,252,,small
CBSH,2023,0.23135766857168838,daily_252,251,,small
CBU,2016,0.21368917586636263,daily_252,252,,small
CBU,2017,0.22588712606094394,daily_252,252,,small
CBU,2018,0.23394610646896066,daily_252,251,,small
CBU,2019,0.22172531561026193,daily_252,251,,small
CBU,2020,0.20531255743256446,daily_252,252,,small
CBU,2021,0.5090023146968465,daily_252,253,,small
CBU,2022,0.25090505930130685,daily_252,252,,small
CBU,2023,0.23277619913055045,daily_252,251,,small
CCB,2016,,imputed_peer,0,no_daily_data,
CCB,2017,,imputed_peer,0,no_daily_data,
CCB,2018,,imputed_peer,0,no_daily_data,
CCB,2019,0.38747632354080186,daily_partial,114,insufficient_days,
CCB,2020,0.28958118867229193,daily_252,252,,small
CCB,2021,0.9165628114703276,daily_252,253,,small
CCB,2022,0.43542969271113924,daily_252,252,,small
CCB,2023,0.3107300552567362,daily_252,251,,small
CCBG,2016,0.2153119005170198,daily_252,252,,
CCBG,2017,0.2755088008361248,daily_252,252,,small
CCBG,2018,0.3040504626860075,daily_252,251,,small
CCBG,2019,0.26640331685110064,daily_252,251,,small
CCBG,2020,0.24607296572185003,daily_252,252,,small
CCBG,2021,0.6819013384378655,daily_252,253,,small
CCBG,2022,0.31025048689976525,daily_252,252,,small
CCBG,2023,0.24615032190336614,daily_252,251,,small
CCNE,2016,0.20077696454696112,daily_252,252,,
CCNE,2017,0.26356278764523156,daily_252,252,,small
CCNE,2018,0.3009314377580658,daily_252,251,,small
CCNE,2019,0.25421518811589905,daily_252,251,,small
CCNE,2020,0.2571156478437014,daily_252,252,,small
CCNE,2021,0.7045378126426679,daily_252,253,,small
CCNE,2022,0.2954470986218673,daily_252,252,,small
CCNE,2023,0.24627370496015002,daily_252,251,,small
CFFI,2016,0.2267435646869562,daily_252,252,,
CFFI,2017,0.2219864119781903,daily_252,252,,
CFFI,2018,0.21273826091131895,daily_252,251,,small
CFFI,2019,0.27200093342705156,daily_252,251,,small
CFFI,2020,0.3018834649404109,daily_252,252,,small
CFFI,2021,0.6776295611940346,daily_252,253,,small
CFFI,2022,0.2961400172954483,daily_252,252,,small
CFFI,2023,0.2627589280917418,daily_252,251,,
CFG,2016,0.23983765157262002,daily_252,252,,mid
CFG,2017,0.3211867159829733,daily_252,252,,mid
CFG,2018,0.24555239072530413,daily_252,251,,mid
CFG,2019,0.2604232053706957,daily_252,251,,mid
CFG,2020,0.25632969214317164,daily_252,252,,mid
CFG,2021,0.7703544160738605,daily_252,253,,mid
CFG,2022,0.32801179599055197,daily_252,252,,mid
CFG,2023,0.3552111505934061,daily_252,251,,
CFR,2016,0.25883316173416454,daily_252,252,,small
CFR,2017,0.34218413066470754,daily_252,252,,small
CFR,2018,0.23217444743336418,daily_252,251,,small
CFR,2019,0.23013218252028095,daily_252,251,,small
CFR,2020,0.23856785425012078,daily_252,252,,small
CFR,2021,0.6425817588066908,daily_252,253,,small
CFR,2022,0.2791968974971751,daily_252,252,,small
CFR,2023,0.295830753463927,daily_252,251,,
CHCO,2016,0.2177616979385396,daily_252,252,,
CHCO,2017,0.23619717747943877,daily_252,252,,small
CHCO,2018,0.229879087016321,daily_252,251,,small
CHCO,2019,0.22371029107491217,daily_252,251,,small
CHCO,2020,0.19607025150965693,daily_252,252,,small
CHCO,2021,0.48560053288248967,daily_252,253,,small
CHCO,2022,0.24088322586044483,daily_252,252,,small
CHCO,2023,0.20644731863609106,daily_252,251,,small
CHMG,2016,0.2452618876692069,daily_252,252,,
CHMG,2017,0.2485339088663449,daily_252,252,,
CHMG,2018,0.26726280170461897,daily_252,251,,small
CHMG,2019,0.28148447688360717,daily_252,251,,small
CHMG,2020,0.2861134836446426,daily_252,252,,small
CHMG,2021,0.7861543300804973,daily_252,253,,small
CHMG,2022,0.2867953358425078,daily_252,252,,small
CHMG,2023,0.18823612433646494,daily_252,251,,small
CIVB,2016,0.2821029017321341,daily_252,252,,
CIVB,2017,0.31876178159085483,daily_252,252,,
CIVB,2018,0.28423450381754195,daily_252,251,,small
CIVB,2019,0.2570015782622084,daily_252,251,,small
CIVB,2020,0.2563738769345058,daily_252,252,,small
CIVB,2021,0.7422703109543715,daily_252,253,,small
CIVB,2022,0.3126489737469692,daily_252,252,,small
CIVB,2023,0.2441347447817786,daily_252,251,,small
CIZnv.OQ^J24,2016,0.35405451206712435,daily_252,261,,
CIZnv.OQ^J24,2017,0.26815638407055364,daily_252,237,,
CIZnv.OQ^J24,2018,0.5196200356910284,daily_252,228,,
CIZnv.OQ^J24,2019,0.4190968973434979,daily_252,493,,
CIZnv.OQ^J24,2020,,imputed_peer,69,no_daily_data,
CIZnv.OQ^J24,2021,0.9880256619281967,daily_252,590,,
CIZnv.OQ^J24,2022,,imputed_peer,0,no_daily_data,
CIZnv.OQ^J24,2023,,imputed_peer,0,no_daily_data,
CLBK,2016,,imputed_peer,0,no_daily_data,
CLBK,2017,,imputed_peer,0,no_daily_data,
CLBK,2018,,imputed_peer,0,no_daily_data,
CLBK,2019,0.1837631032337522,daily_partial,175,insufficient_days,small
CLBK,2020,0.1646863698050834,daily_252,252,,small
CLBK,2021,0.4141933279283645,daily_252,253,,small
CLBK,2022,0.22164360912555753,daily_252,252,,small
CLBK,2023,0.2749432689641583,daily_252,251,,small
CMA,2016,0.28386184076052956,daily_252,252,,small
CMA,2017,0.3258517598414623,daily_252,252,,small
CMA,2018,0.22433881584007856,daily_252,251,,small
CMA,2019,0.24014278515912782,daily_252,251,,small
CMA,2020,0.2684997107407304,daily_252,252,,small
CMA,2021,0.7671844286923288,daily_252,253,,small
CMA,2022,0.33728939817147596,daily_252,252,,small
CMA,2023,0.37041489114471693,daily_252,251,,small
CNOB,2016,0.19752555968772484,daily_252,252,,
CNOB,2017,0.28168233553253536,daily_252,252,,small
CNOB,2018,0.2652659289990734,daily_252,251,,small
CNOB,2019,0.2557223420154113,daily_252,251,,small
CNOB,2020,0.23464078408660421,daily_252,252,,small
CNOB,2021,0.7484804806164517,daily_252,253,,small
CNOB,2022,0.30979586085921046,daily_252,252,,small
CNOB,2023,0.28854351177683424,daily_252,251,,small
COFS,2016,,imputed_peer,0,no_daily_data,
COFS,2017,,imputed_peer,0,no_daily_data,
COFS,2018,0.245226588249759,imputed_peer,0,no_daily_data,small
COFS,2019,0.24332152929237977,imputed_peer,0,no_daily_data,small
COFS,2020,0.23780468310986325,imputed_peer,0,no_daily_data,small
COFS,2021,0.5958900402320815,daily_252,228,,small
COFS,2022,0.3098215851604979,daily_252,252,,small
COFS,2023,0.2763545583786452,daily_252,251,,small
COLB,2016,0.24623180420052973,daily_252,252,,small
COLB,2017,0.2683896412498471,daily_252,252,,small
COLB,2018,0.23439712245647842,daily_252,251,,small
COLB,2019,0.24703148630017435,daily_252,251,,small
COLB,2020,0.24008343973829355,daily_252,252,,small
COLB,2021,0.6608694476412348,daily_252,253,,small
COLB,2022,0.36169555196811615,daily_252,252,,small
COLB,2023,0.32401792932696394,daily_252,251,,small
CPF,2016,0.28213937961634583,daily_252,252,,
CPF,2017,0.2568555880621403,daily_252,252,,small
CPF,2018,0.26230558225637257,daily_252,251,,small
CPF,2019,0.23151234550348748,daily_252,251,,small
CPF,2020,0.20124078955602798,daily_252,252,,small
CPF,2021,0.6808666796967169,daily_252,253,,small
CPF,2022,0.32269039994250437,daily_252,252,,small
CPF,2023,0.30325624887220154,daily_252,251,,small
CTBI,2016,0.19028896549490437,daily_252,252,,
CTBI,2017,0.22142539450632126,daily_252,252,,small
CTBI,2018,0.24377318920320423,daily_252,251,,small
CTBI,2019,0.2245673894940349,daily_252,251,,small
CTBI,2020,0.21167818196283725,daily_252,252,,
CTBI,2021,0.5508050438539436,daily_252,253,,
CTBI,2022,0.23861216595864085,daily_252,252,,
CTBI,2023,0.19675168753412778,daily_252,251,,
CUBI,2016,0.3254812501516119,daily_252,252,,
CUBI,2017,0.33114809061812484,daily_252,252,,small
CUBI,2018,0.25314602927559593,daily_252,251,,small
CUBI,2019,0.3084049676555307,daily_252,251,,small
CUBI,2020,0.30166505612162087,daily_252,252,,small
CUBI,2021,0.8252044411447718,daily_252,253,,small
CUBI,2022,0.45140022497865223,daily_252,252,,small
CUBI,2023,0.5140850275012191,daily_252,251,,
CVBF,2016,0.23991260411282378,daily_252,252,,small
CVBF,2017,0.273410180993073,daily_252,252,,small
CVBF,2018,0.24397590180476303,daily_252,251,,small
CVBF,2019,0.220187179545531,daily_252,251,,small
CVBF,2020,0.21000582771790224,daily_252,252,,small
CVBF,2021,0.5200585002420499,daily_252,253,,small
CVBF,2022,0.27616541305892467,daily_252,252,,small
CVBF,2023,0.21857152471037875,daily_252,251,,small
CWBC,2016,,imputed_peer,0,no_daily_data,
CWBC,2017,,imputed_peer,0,no_daily_data,
CWBC,2018,0.245226588249759,imputed_peer,0,no_daily_data,small
CWBC,2019,0.24332152929237977,imputed_peer,0,no_daily_data,small
CWBC,2020,0.23780468310986325,imputed_peer,0,no_daily_data,small
CWBC,2021,0.6550777488618563,imputed_peer,0,no_daily_data,small
CWBC,2022,0.29782618194732896,imputed_peer,0,no_daily_data,small
CWBC,2023,,imputed_peer,0,no_daily_data,
CZNC,2016,0.16873276864440606,daily_252,252,,
CZNC,2017,0.20720540356474856,daily_252,252,,
CZNC,2018,0.2145022958711993,daily_252,251,,small
CZNC,2019,0.24504932094127824,daily_252,251,,small
CZNC,2020,0.24399074217399974,daily_252,252,,small
CZNC,2021,0.7186549255471874,daily_252,253,,small
CZNC,2022,0.28069755190144446,daily_252,252,,small
CZNC,2023,0.22402579738507297,daily_252,251,,small
DCOM,2016,0.23428798962790343,daily_252,252,,
DCOM,2017,0.21884899119342013,daily_252,252,,small
DCOM,2018,0.23715262483172375,daily_252,251,,small
DCOM,2019,0.23607549140469242,daily_252,251,,small
DCOM,2020,0.2450024516029734,daily_252,252,,small
DCOM,2021,0.6286768773501369,daily_252,253,,small
DCOM,2022,0.33548628189348456,daily_252,252,,small
DCOM,2023,0.3002054117306039,daily_252,251,,
DFS.N^E25,2016,0.2171105691733638,daily_252,252,,
DFS.N^E25,2017,0.24487702996939845,daily_252,252,,
DFS.N^E25,2018,0.17814034230259923,daily_252,251,,
DFS.N^E25,2019,0.25291973687971925,daily_252,251,,
DFS.N^E25,2020,0.2202549145886302,daily_252,252,,
DFS.N^E25,2021,0.8581292842446292,daily_252,253,,
DFS.N^E25,2022,0.3352863032828398,daily_252,252,,
DFS.N^E25,2023,0.4014248171113889,daily_252,251,,
EBC,2016,,imputed_peer,0,no_daily_data,
EBC,2017,,imputed_peer,0,no_daily_data,
EBC,2018,,imputed_peer,0,no_daily_data,
EBC,2019,,imputed_peer,0,no_daily_data,
EBC,2020,,imputed_peer,0,no_daily_data,
EBC,2021,,imputed_peer,53,no_daily_data,
EBC,2022,0.23978473754862145,daily_252,252,,small
EBC,2023,0.25141247258726807,daily_252,251,,small
EBMT,2016,0.17778416299484898,daily_252,252,,
EBMT,2017,0.269149937226457,daily_252,252,,
EBMT,2018,0.26237279108857103,daily_252,251,,small
EBMT,2019,0.23564450638225484,daily_252,251,,small
EBMT,2020,0.21280223586401906,daily_252,252,,
EBMT,2021,0.4987791324485196,daily_252,253,,
EBMT,2022,0.23623680755108117,daily_252,252,,small
EBMT,2023,0.16899152162515094,daily_252,251,,
EBTC.OQ^G25,2016,0.32585818458667154,daily_252,252,,
EBTC.OQ^G25,2017,0.3853560628416085,daily_252,252,,
EBTC.OQ^G25,2018,0.2943030939975843,daily_252,251,,
EBTC.OQ^G25,2019,0.2828873701408457,daily_252,251,,
EBTC.OQ^G25,2020,0.3328386932870113,daily_252,252,,
EBTC.OQ^G25,2021,0.8018821528085236,daily_252,253,,
EBTC.OQ^G25,2022,0.29487588815245863,daily_252,252,,
EBTC.OQ^G25,2023,0.31888364403034275,daily_252,251,,
EFSC,2016,0.22396991539465239,daily_252,252,,
EFSC,2017,0.23712030845816473,daily_252,252,,small
EFSC,2018,0.23419110340829313,daily_252,251,,small
EFSC,2019,0.2143018991782764,daily_252,251,,small
EFSC,2020,0.24363586095981846,daily_252,252,,small
EFSC,2021,0.6546609346110234,daily_252,253,,small
EFSC,2022,0.293274691812308,daily_252,252,,small
EFSC,2023,0.25360518086509143,daily_252,251,,small
EGBN,2016,0.2336787830479382,daily_252,252,,
EGBN,2017,0.27729945960029684,daily_252,252,,
EGBN,2018,0.37889455965783053,daily_252,251,,
EGBN,2019,0.2670391377397947,daily_252,251,,
EGBN,2020,0.3908910907559255,daily_252,252,,small
EGBN,2021,0.6219935787464408,daily_252,253,,small
EGBN,2022,0.30162691615611154,daily_252,252,,small
EGBN,2023,0.2658674360040496,daily_252,251,,small
EQBK,2016,,imputed_peer,0,no_daily_data,
EQBK,2017,0.2602568778080121,imputed_peer,0,no_daily_data,small
EQBK,2018,0.245226588249759,imputed_peer,0,no_daily_data,small
EQBK,2019,0.24332152929237977,imputed_peer,0,no_daily_data,small
EQBK,2020,0.23780468310986325,imputed_peer,0,no_daily_data,small
EQBK,2021,0.6550777488618563,imputed_peer,0,no_daily_data,small
EQBK,2022,0.29782618194732896,imputed_peer,0,no_daily_data,small
EQBK,2023,,imputed_peer,0,no_daily_data,
ESQ,2016,,imputed_peer,0,no_daily_data,
ESQ,2017,,imputed_peer,0,no_daily_data,
ESQ,2018,0.2696039783900788,daily_partial,129,insufficient_days,small
ESQ,2019,0.3502180208819969,daily_252,251,,small
ESQ,2020,0.3227807164951268,daily_252,252,,small
ESQ,2021,0.8110375346053001,daily_252,253,,small
ESQ,2022,0.30598917765768363,daily_252,252,,small
ESQ,2023,0.31754756220552055,daily_252,251,,small
EVBN.K^E25,2016,0.1988103680593544,daily_252,251,,
EVBN.K^E25,2017,0.261706244688196,daily_252,252,,
EVBN.K^E25,2018,0.2718865612507345,daily_252,251,,
EVBN.K^E25,2019,0.27115568689084013,daily_252,251,,
EVBN.K^E25,2020,0.26085795130204426,daily_252,252,,
EVBN.K^E25,2021,0.557007220424489,daily_252,253,,
EVBN.K^E25,2022,0.24928131122796204,daily_252,252,,
EVBN.K^E25,2023,0.22542796031629833,daily_252,251,,
EWBC,2016,0.2511637549895296,daily_252,252,,small
EWBC,2017,0.3270312972671475,daily_252,252,,small
EWBC,2018,0.24952616713632475,daily_252,251,,small
EWBC,2019,0.2615556987744546,daily_252,251,,small
EWBC,2020,0.3188756975863198,daily_252,252,,small
EWBC,2021,0.6583334501306607,daily_252,253,,small
EWBC,2022,0.33525046935412406,daily_252,252,,small
EWBC,2023,0.4068960114339576,daily_252,251,,
EXSR,2016,0.1722103244548812,daily_252,252,,
EXSR,2017,0.26649563527850595,daily_252,253,,
EXSR,2018,0.18915050954475068,daily_252,250,,
EXSR,2019,0.40017979673912957,daily_252,251,,
EXSR,2020,0.29024177558383124,daily_252,252,,
EXSR,2021,0.5483585136832707,daily_252,253,,small
EXSR,2022,0.41822159829166294,daily_252,252,,
EXSR,2023,0.30864747818074,daily_252,254,,
FBIZ,2016,0.23135158956302243,daily_252,252,,
FBIZ,2017,0.29334669693566684,daily_252,252,,
FBIZ,2018,0.2147267359310343,daily_252,251,,small
FBIZ,2019,0.20616684494718068,daily_252,251,,small
FBIZ,2020,0.2561160100934635,daily_252,252,,small
FBIZ,2021,0.7174264662543416,daily_252,253,,small
FBIZ,2022,0.2863894858178078,daily_252,252,,small
FBIZ,2023,0.2465541150188553,daily_252,251,,small
FBK,2016,,imputed_peer,0,no_daily_data,
FBK,2017,0.2602568778080121,imputed_peer,73,no_daily_data,small
FBK,2018,0.30459993126771423,daily_252,251,,small
FBK,2019,0.2677026919250354,daily_252,251,,small
FBK,2020,0.23949694063588,daily_252,252,,small
FBK,2021,0.6554945631126893,daily_252,253,,small
FBK,2022,0.3051097405181204,daily_252,252,,small
FBK,2023,0.306005085611368,daily_252,251,,small
FBNC,2016,0.23072544908445644,daily_252,252,,
FBNC,2017,0.20013419797543563,daily_252,252,,small
FBNC,2018,0.2261737429904479,daily_252,251,,small
FBNC,2019,0.23642638519346085,daily_252,251,,small
FBNC,2020,0.19954842639678383,daily_252,252,,small
FBNC,2021,0.6916239771503745,daily_252,253,,small
FBNC,2022,0.32859584528069735,daily_252,252,,small
FBNC,2023,0.2907986659232806,daily_252,251,,small
FCBC,2016,0.22968105202641015,daily_252,252,,
FCBC,2017,0.29141659690649063,daily_252,252,,
FCBC,2018,0.25967459428588957,daily_252,251,,
FCBC,2019,0.24533382831990322,daily_252,251,,small
FCBC,2020,0.21287109741908422,daily_252,252,,small
FCBC,2021,0.6222937641117917,daily_252,253,,small
FCBC,2022,0.28616619186919035,daily_252,252,,small
FCBC,2023,0.25142240989818143,daily_252,251,,small
FCCO,2016,0.27053444555050477,daily_252,252,,
FCCO,2017,0.23970366237210267,daily_252,252,,
FCCO,2018,0.31932324130328965,daily_252,251,,small
FCCO,2019,0.2461317672575317,daily_252,251,,small
FCCO,2020,0.27542293714867133,daily_252,252,,small
FCCO,2021,0.48999568650658687,daily_252,253,,small
FCCO,2022,0.3207376559699034,daily_252,252,,small
FCCO,2023,0.21944820369813653,daily_252,251,,small
FCF,2016,0.2506669995063182,daily_252,252,,
FCF,2017,0.25256010801890716,daily_252,252,,small
FCF,2018,0.23695874835592307,daily_252,251,,small
FCF,2019,0.31139615032857726,daily_252,251,,small
FCF,2020,0.21144699467542405,daily_252,252,,small
FCF,2021,0.6089421153178644,daily_252,253,,small
FCF,2022,0.3056968923970275,daily_252,252,,small
FCF,2023,0.2471296776958224,daily_252,251,,small
FCNCA,2016,0.2467834718881835,daily_252,252,,small
FCNCA,2017,0.26033124315311157,daily_252,252,,small
FCNCA,2018,0.24590093534432045,daily_252,251,,small
FCNCA,2019,0.23866352447948924,daily_252,251,,small
FCNCA,2020,0.19886720500406196,daily_252,252,,small
FCNCA,2021,0.5731745255563696,daily_252,253,,small
FCNCA,2022,0.3464549076988182,daily_252,252,,mid
FCNCA,2023,0.3523832795766744,daily_252,251,,
FDBC,2016,0.31546962907160914,daily_252,252,,
FDBC,2017,0.26666800422125514,daily_252,252,,
FDBC,2018,0.41224212608964267,daily_252,251,,small
FDBC,2019,0.45460652006687824,daily_252,251,,small
FDBC,2020,0.3154369516512266,daily_252,252,,small
FDBC,2021,0.7483428777235577,daily_252,253,,small
FDBC,2022,0.44091632015812593,daily_252,252,,small
FDBC,2023,0.30488242300216783,daily_252,251,,small
FFBC,2016,0.24300142871205532,daily_252,252,,small
FFBC,2017,0.24112465956826665,daily_252,252,,small
FFBC,2018,0.281299550272319,daily_252,251,,small
FFBC,2019,0.27496810053091303,daily_252,251,,small
FFBC,2020,0.24638796442873362,daily_252,252,,small
FFBC,2021,0.7162625670362555,daily_252,253,,small
FFBC,2022,0.3406389865429469,daily_252,252,,small
FFBC,2023,0.2722634023908359,daily_252,251,,small
FFIC,2016,0.23558061975272304,daily_252,252,,
FFIC,2017,0.27150562039733,daily_252,252,,small
FFIC,2018,0.2863120084291728,daily_252,251,,small
FFIC,2019,0.23504214395401396,daily_252,251,,small
FFIC,2020,0.21225419539652055,daily_252,252,,small
FFIC,2021,0.6436267564639189,daily_252,253,,small
FFIC,2022,0.3032763177823672,daily_252,252,,small
FFIC,2023,0.23152471067241692,daily_252,251,,small
FFIN,2016,0.2698546022152947,daily_252,252,,small
FFIN,2017,0.29654057520198174,daily_252,252,,small
FFIN,2018,0.25664107966697547,daily_252,251,,small
FFIN,2019,0.23692500327369173,daily_252,251,,small
FFIN,2020,0.23516258915529384,daily_252,252,,small
FFIN,2021,0.5371600480643509,daily_252,253,,small
FFIN,2022,0.3029457660496853,daily_252,252,,small
FFIN,2023,0.2851389398469998,daily_252,251,,small
FFWM,2016,,imputed_peer,0,no_daily_data,
FFWM,2017,,imputed_peer,0,no_daily_data,
FFWM,2018,,imputed_peer,0,no_daily_data,
FFWM,2019,0.24332152929237977,imputed_peer,0,no_daily_data,small
FFWM,2020,0.23780468310986325,imputed_peer,0,no_daily_data,small
FFWM,2021,,imputed_peer,0,no_daily_data,
FFWM,2022,,imputed_peer,0,no_daily_data,
FFWM,2023,,imputed_peer,0,no_daily_data,
FGBI,2016,0.42942881774237013,daily_252,251,,
FGBI,2017,0.33865744174720047,daily_252,252,,
FGBI,2018,0.2950707416446763,daily_252,251,,small
FGBI,2019,0.343823261872927,daily_252,251,,small
FGBI,2020,0.2916659549311892,daily_252,252,,small
FGBI,2021,0.845712048659918,daily_252,253,,small
FGBI,2022,0.2824344936139357,daily_252,252,,small
FGBI,2023,0.3420318496850772,daily_252,251,,
FHB,2016,,imputed_peer,0,no_daily_data,
FHB,2017,0.22474619086048203,daily_partial,103,insufficient_days,small
FHB,2018,0.21964174119594834,daily_252,251,,small
FHB,2019,0.21362514514782008,daily_252,251,,small
FHB,2020,0.20271758264210424,daily_252,252,,small
FHB,2021,0.6146442232360457,daily_252,253,,small
FHB,2022,0.3086647501283921,daily_252,252,,small
FHB,2023,0.2906266593063119,daily_252,251,,small
FHN,2016,0.2345327796108429,daily_252,252,,small
FHN,2017,0.2766894890986157,daily_252,252,,small
FHN,2018,0.22496712820289866,daily_252,251,,small
FHN,2019,0.22786135687813663,daily_252,251,,small
FHN,2020,0.2303988337689682,daily_252,252,,small
FHN,2021,0.7664122397950517,daily_252,253,,small
FHN,2022,0.3267391852411257,daily_252,252,,small
FHN,2023,0.3059013350433742,daily_252,251,,small
FISI,2016,0.20050025494403012,daily_252,252,,
FISI,2017,0.2192046666236247,daily_252,252,,small
FISI,2018,0.21768919073036638,daily_252,251,,small
FISI,2019,0.2104037051687778,daily_252,251,,small
FISI,2020,0.21550127864395366,daily_252,252,,small
FISI,2021,0.7600160665014862,daily_252,253,,small
FISI,2022,0.312818351494412,daily_252,252,,small
FISI,2023,0.269270807413557,daily_252,251,,small
FITB,2016,0.24621197507345471,daily_252,252,,mid
FITB,2017,0.3117085115039431,daily_252,252,,mid
FITB,2018,0.21248369750532053,daily_252,251,,mid
FITB,2019,0.26435931362145737,daily_252,251,,mid
FITB,2020,0.24048942557141445,daily_252,252,,mid
FITB,2021,0.7405018686895816,daily_252,253,,mid
FITB,2022,0.31207396681266963,daily_252,252,,mid
FITB,2023,0.3623902355628214,daily_252,251,,
FLG,2016,0.22697537835983228,daily_252,252,,small
FLG,2017,0.21630505255686083,daily_252,252,,small
FLG,2018,0.19340792600378154,daily_252,251,,small
FLG,2019,0.25083095654620496,daily_252,251,,small
FLG,2020,0.25560272649806437,daily_252,252,,small
FLG,2021,0.4963544700681856,daily_252,253,,small
FLG,2022,0.28396877502255136,daily_252,252,,small
FLG,2023,0.32333911993110587,daily_252,251,,mid
FLIC.OQ^F25,2016,0.2635316341440916,daily_252,252,,
FLIC.OQ^F25,2017,0.2885504005982168,daily_252,252,,
FLIC.OQ^F25,2018,0.2246063618736463,daily_252,251,,
FLIC.OQ^F25,2019,0.2523030826047972,daily_252,251,,
FLIC.OQ^F25,2020,0.21292995854920083,daily_252,252,,
FLIC.OQ^F25,2021,0.6110863545142388,daily_252,253,,
FLIC.OQ^F25,2022,0.25914075735089637,daily_252,252,,
FLIC.OQ^F25,2023,0.2653403046956398,daily_252,251,,
FMAO,2016,,imputed_peer,0,no_daily_data,
FMAO,2017,,imputed_peer,0,no_daily_data,
FMAO,2018,0.4631513355447941,daily_partial,163,insufficient_days,small
FMAO,2019,0.34952385020236143,daily_252,251,,small
FMAO,2020,0.30170612986206086,daily_252,252,,small
FMAO,2021,0.7763957375860653,daily_252,253,,small
FMAO,2022,0.26808091432216336,daily_252,252,,small
FMAO,2023,0.38353929068176534,daily_252,251,,
FMBH,2016,0.3025511963797443,daily_252,252,,
FMBH,2017,0.24495659785901988,daily_252,252,,small
FMBH,2018,0.2557398911155228,daily_252,251,,small
FMBH,2019,0.24263613347776913,daily_252,251,,small
FMBH,2020,0.2297925625625301,daily_252,252,,small
FMBH,2021,0.584045208472064,daily_252,253,,small
FMBH,2022,0.27025753882489,daily_252,252,,small
FMBH,2023,0.24920173231383014,daily_252,251,,
FMNB,2016,0.208958319313429,daily_252,252,,
FMNB,2017,0.28787421114912887,daily_252,252,,small
FMNB,2018,0.3061659184540851,daily_252,251,,small
FMNB,2019,0.31088717532202087,daily_252,251,,small
FMNB,2020,0.22173762363149555,daily_252,252,,small
FMNB,2021,0.5336472447403809,daily_252,253,,small
FMNB,2022,0.2790946576199474,daily_252,252,,small
FMNB,2023,0.25240590012058983,daily_252,251,,small
FNB,2016,0.23078227567964676,daily_252,252,,
FNB,2017,0.26324809045135017,daily_252,252,,
FNB,2018,0.23045855614443206,daily_252,251,,small
FNB,2019,0.2258627088394041,daily_252,251,,small
FNB,2020,0.24268755077572335,daily_252,252,,small
FNB,2021,0.7514146598332491,daily_252,253,,small
FNB,2022,0.3298737298532217,daily_252,252,,small
FNB,2023,0.28000201781008555,daily_252,251,,small
FNLC,2016,0.17704341717223054,daily_252,252,,
FNLC,2017,0.2623236362458955,daily_252,252,,
FNLC,2018,0.2908618204504384,daily_252,251,,small
FNLC,2019,0.2311573176671234,daily_252,251,,small
FNLC,2020,0.199318173717395,daily_252,252,,small
FNLC,2021,0.7048347965876601,daily_252,253,,small
FNLC,2022,0.29405768070240873,daily_252,252,,small
FNLC,2023,0.23370679696473123,daily_252,251,,small
FNWB,2016,0.1397829863745966,daily_252,232,,
FNWB,2017,0.16917137953609981,daily_252,252,,
FNWB,2018,0.21553519261343312,daily_252,251,,small
FNWB,2019,0.19828212817924484,daily_252,251,,small
FNWB,2020,0.19294895081606467,daily_252,252,,small
FNWB,2021,0.7508871632213281,daily_252,253,,small
FNWB,2022,0.27214581152549155,daily_252,252,,small
FNWB,2023,0.2593996134565291,daily_252,251,,small
FRAF,2016,,imputed_peer,0,no_daily_data,
FRAF,2017,,imputed_peer,0,no_daily_data,
FRAF,2018,,imputed_peer,0,no_daily_data,
FRAF,2019,,imputed_peer,0,no_daily_data,
FRAF,2020,0.22994705027294224,daily_partial,170,insufficient_days,small
FRAF,2021,0.638957587426347,daily_252,253,,small
FRAF,2022,0.2875011434182829,daily_252,252,,small
FRAF,2023,0.181784459755404,daily_252,251,,small
FRBA,2016,0.22504849770609692,daily_252,252,,
FRBA,2017,0.35538909150634435,daily_252,252,,
FRBA,2018,0.293088593535058,daily_252,251,,small
FRBA,2019,0.1934876231234213,daily_252,251,,small
FRBA,2020,0.1669628277229951,daily_252,252,,small
FRBA,2021,0.7253364254012042,daily_252,253,,small
FRBA,2022,0.42587189833738825,daily_252,252,,
FRBA,2023,0.25878111287077177,daily_252,251,,
FRBKQ,2016,0.33054883711265404,daily_252,252,,
FRBKQ,2017,0.40411916782021917,daily_252,252,,small
FRBKQ,2018,0.26623899113791055,daily_252,251,,small
FRBKQ,2019,0.2812959502049284,daily_252,251,,small
FRBKQ,2020,0.3030125712320703,daily_252,252,,
FRBKQ,2021,0.7181818520664638,daily_252,253,,
FRBKQ,2022,0.38286746117717724,daily_252,252,,
FRBKQ,2023,0.5092878803718387,daily_252,251,,
FRCB,2016,0.2219027008766539,daily_252,252,,small
FRCB,2017,0.2726227605801013,daily_252,252,,small
FRCB,2018,0.191040756028178,daily_252,251,,small
FRCB,2019,0.2329726657499354,daily_252,251,,mid
FRCB,2020,0.2308357250030865,daily_252,252,,mid
FRCB,2021,0.4788151484128057,daily_252,253,,
FRCB,2022,0.25520991252812486,daily_252,252,,
FRCB,2023,0.42267709305539924,daily_252,251,,
FRME,2016,0.19417290676665364,daily_252,252,,small
FRME,2017,0.23966459108940547,daily_252,252,,small
FRME,2018,0.21966157286440643,daily_252,251,,small
FRME,2019,0.23565559704411804,daily_252,251,,small
FRME,2020,0.2542841409135349,daily_252,252,,small
FRME,2021,0.6091537635360185,daily_252,253,,small
FRME,2022,0.3133299803814269,daily_252,252,,small
FRME,2023,0.26749731484921035,daily_252,251,,small
FRST,2016,0.18070130446551183,daily_252,252,,
FRST,2017,0.19139850811830483,daily_252,252,,small
FRST,2018,0.20251978378177943,daily_252,251,,small
FRST,2019,0.19439461468752284,daily_252,251,,small
FRST,2020,0.20046980784474475,daily_252,252,,small
FRST,2021,0.731713233582238,daily_252,253,,small
FRST,2022,0.2828783983156107,daily_252,252,,small
FRST,2023,0.21900923942246875,daily_252,251,,small
FSBC,2016,,imputed_peer,0,no_daily_data,
FSBC,2017,,imputed_peer,0,no_daily_data,
FSBC,2018,,imputed_peer,0,no_daily_data,
FSBC,2019,,imputed_peer,0,no_daily_data,
FSBC,2020,,imputed_peer,0,no_daily_data,
FSBC,2021,,imputed_peer,0,no_daily_data,
FSBC,2022,0.2950329717842519,daily_partial,168,insufficient_days,small
FSBC,2023,0.3452192753524162,daily_252,251,,small
FSBW,2016,0.22505933789873422,daily_252,252,,
FSBW,2017,0.21561884022387373,daily_252,252,,
FSBW,2018,0.21290232842264845,daily_252,251,,small
FSBW,2019,0.21283451070888362,daily_252,251,,small
FSBW,2020,0.24437820097270618,daily_252,252,,
FSBW,2021,0.6861907118279339,daily_252,253,,
FSBW,2022,0.3076914206842022,daily_252,252,,small
FSBW,2023,0.2063304622069786,daily_252,251,,small
FULT,2016,0.21370444840964659,daily_252,252,,small
FULT,2017,0.24990924953545188,daily_252,252,,small
FULT,2018,0.2255881165175439,daily_252,251,,small
FULT,2019,0.23668137822483662,daily_252,251,,small
FULT,2020,0.20566099276999397,daily_252,252,,small
FULT,2021,0.6410272415650152,daily_252,253,,small
FULT,2022,0.3041666724434526,daily_252,252,,small
FULT,2023,0.26855389074592456,daily_252,251,,small
FUNC,2016,0.23977894365805263,daily_252,252,,
FUNC,2017,0.28868043402587745,daily_252,252,,
FUNC,2018,0.25405913523350754,daily_252,251,,small
FUNC,2019,0.3315189796861798,daily_252,251,,small
FUNC,2020,0.24167254136751665,daily_252,252,,small
FUNC,2021,0.5486853121229758,daily_252,253,,small
FUNC,2022,0.2906202871992858,daily_252,252,,small
FUNC,2023,0.324992484398696,daily_252,251,,small
FVCB,2016,0.6090513642334237,daily_252,248,,
FVCB,2017,0.2761295412278907,daily_252,250,,
FVCB,2018,0.18863627923066364,daily_252,251,,
FVCB,2019,0.26925270971747545,daily_252,251,,small
FVCB,2020,0.23249746225735496,daily_252,252,,small
FVCB,2021,0.8175018543473077,daily_252,253,,small
FVCB,2022,0.33938147750356923,daily_252,252,,small
FVCB,2023,0.18898068682370892,daily_252,251,,small
GABC,2016,0.21840756017245624,daily_252,252,,
GABC,2017,0.23822542982631373,daily_252,252,,small
GABC,2018,0.2541239736450323,daily_252,251,,small
GABC,2019,0.22778166068634995,daily_252,251,,small
GABC,2020,0.1912271051753325,daily_252,252,,small
GABC,2021,0.4959290357374911,daily_252,253,,small
GABC,2022,0.2902852665993598,daily_252,252,,small
GABC,2023,0.24319370484989522,daily_252,251,,small
GBCI,2016,0.27072861641466217,daily_252,252,,small
GBCI,2017,0.2601825124629127,daily_252,252,,small
GBCI,2018,0.24045547858546162,daily_252,251,,small
GBCI,2019,0.24384895965460238,daily_252,251,,small
GBCI,2020,0.2250103817361735,daily_252,252,,small
GBCI,2021,0.5916606888312821,daily_252,253,,small
GBCI,2022,0.32753872821481633,daily_252,252,,small
GBCI,2023,0.3014361942327443,daily_252,251,,
GNTY.K^J25,2016,,imputed_peer,0,no_daily_data,
GNTY.K^J25,2017,,imputed_peer,0,no_daily_data,
GNTY.K^J25,2018,0.2781235776067897,daily_partial,163,insufficient_days,
GNTY.K^J25,2019,0.2450081812801984,daily_252,251,,
GNTY.K^J25,2020,0.23413862630909926,daily_252,252,,
GNTY.K^J25,2021,0.5947954306307502,daily_252,253,,
GNTY.K^J25,2022,0.2852205001831162,daily_252,252,,
GNTY.K^J25,2023,0.2650943060378479,daily_252,251,,
GSBC,2016,0.27658363961157895,daily_252,252,,
GSBC,2017,0.286760669505363,daily_252,252,,small
GSBC,2018,0.23980844927714404,daily_252,251,,small
GSBC,2019,0.23214708742806184,daily_252,251,,small
GSBC,2020,0.21255409551045865,daily_252,252,,small
GSBC,2021,0.5382991401793494,daily_252,253,,small
GSBC,2022,0.24966655372069274,daily_252,252,,small
GSBC,2023,0.1998319938999809,daily_252,251,,small
HAFC,2016,0.2525720971483291,daily_252,252,,
HAFC,2017,0.29995454170422314,daily_252,252,,small
HAFC,2018,0.25461996290685956,daily_252,251,,small
HAFC,2019,0.3235713737303053,daily_252,251,,small
HAFC,2020,0.2621249499841512,daily_252,252,,small
HAFC,2021,0.8036045356091147,daily_252,253,,
HAFC,2022,0.37159314594463605,daily_252,252,,
HAFC,2023,0.30852625118602894,daily_252,251,,
HBAN,2016,0.23101927728575297,daily_252,252,,small
HBAN,2017,0.31608152494873104,daily_252,252,,mid
HBAN,2018,0.22310245855047872,daily_252,251,,mid
HBAN,2019,0.22997739924327418,daily_252,251,,mid
HBAN,2020,0.23323377820075444,daily_252,252,,mid
HBAN,2021,0.6532248283955231,daily_252,253,,mid
HBAN,2022,0.31350534487540116,daily_252,252,,mid
HBAN,2023,0.3379272343318922,daily_252,251,,
HBCP,2016,0.1471872276998217,daily_252,252,,
HBCP,2017,0.22062558928798098,daily_252,252,,
HBCP,2018,0.2522732059873203,daily_252,251,,small
HBCP,2019,0.21938056246234353,daily_252,251,,small
HBCP,2020,0.20747047936368052,daily_252,252,,small
HBCP,2021,0.6871449386717079,daily_252,253,,small
HBCP,2022,0.26935009932648796,daily_252,252,,small
HBCP,2023,0.24001071126099804,daily_252,251,,small
HBNC,2016,0.24398365648258558,daily_252,252,,
HBNC,2017,0.2793808140999523,daily_252,252,,small
HBNC,2018,0.21442485877358294,daily_252,251,,small
HBNC,2019,0.2211212048342357,daily_252,251,,small
HBNC,2020,0.20702796576190852,daily_252,252,,small
HBNC,2021,0.6929947335051393,daily_252,253,,small
HBNC,2022,0.2995307626828863,daily_252,252,,small
HBNC,2023,0.36303226413248085,daily_252,251,,small
HBT,2016,,imputed_peer,0,no_daily_data,
HBT,2017,,imputed_peer,0,no_daily_data,
HBT,2018,,imputed_peer,0,no_daily_data,
HBT,2019,,imputed_peer,0,no_daily_data,
HBT,2020,,imputed_peer,55,no_daily_data,
HBT,2021,0.6131157521593409,daily_252,253,,small
HBT,2022,0.2637091707722169,daily_252,252,,small
HBT,2023,0.2834233530939738,daily_252,251,,
HFWA,2016,0.20149653991793068,daily_252,252,,
HFWA,2017,0.2330982855160671,daily_252,252,,small
HFWA,2018,0.22864576163455996,daily_252,251,,small
HFWA,2019,0.2568693600126808,daily_252,251,,small
HFWA,2020,0.2267356970834385,daily_252,252,,small
HFWA,2021,0.5897898141931743,daily_252,253,,small
HFWA,2022,0.3000913381097718,daily_252,252,,small
HFWA,2023,0.2602085695022736,daily_252,251,,small
HIFS,2016,0.29600988503153686,daily_252,252,,
HIFS,2017,0.2103321795365548,daily_252,252,,small
HIFS,2018,0.21643712463384915,daily_252,251,,small
HIFS,2019,0.23990450165861862,daily_252,251,,small
HIFS,2020,0.22273370056447447,daily_252,252,,small
HIFS,2021,0.4825539103512282,daily_252,253,,small
HIFS,2022,0.23224258247216384,daily_252,252,,small
HIFS,2023,0.31439308944160194,daily_252,251,,small
HOMB,2016,0.24969719490675726,daily_252,252,,small
HOMB,2017,0.29062471838135157,daily_252,252,,small
HOMB,2018,0.2793799708604197,daily_252,251,,small
HOMB,2019,0.2520077982550361,daily_252,251,,small
HOMB,2020,0.2684861056361934,daily_252,252,,small
HOMB,2021,0.6939098862370259,daily_252,253,,small
HOMB,2022,0.3206598081438157,daily_252,252,,small
HOMB,2023,0.2914858645095185,daily_252,251,,small
HONE,2016,,imputed_peer,0,no_daily_data,
HONE,2017,0.19488219047918887,daily_partial,127,insufficient_days,
HONE,2018,0.24196015618120745,daily_252,251,,
HONE,2019,0.23507115577924542,daily_252,251,,
HONE,2020,0.15853367751141778,daily_252,252,,
HONE,2021,0.47803503438201206,daily_252,253,,
HONE,2022,0.2884816265305236,daily_252,252,,small
HONE,2023,0.24620869100981646,daily_252,251,,
HOPE,2016,0.2801048716959905,daily_252,252,,
HOPE,2017,0.28646737222733704,daily_252,252,,small
HOPE,2018,0.25896564909200925,daily_252,251,,small
HOPE,2019,0.24821071090157787,daily_252,251,,small
HOPE,2020,0.2589846667627764,daily_252,252,,small
HOPE,2021,0.6191706186484733,daily_252,253,,small
HOPE,2022,0.32170878117876717,daily_252,252,,small
HOPE,2023,0.2963667371798656,daily_252,251,,small
HTBK,2016,0.2572115029854241,daily_252,252,,
HTBK,2017,0.2668165489727757,daily_252,252,,
HTBK,2018,0.20708381150329905,daily_252,251,,small
HTBK,2019,0.2289019121169252,daily_252,251,,small
HTBK,2020,0.23764010585854367,daily_252,252,,small
HTBK,2021,0.6698143571969307,daily_252,253,,small
HTBK,2022,0.3109878733463099,daily_252,252,,small
HTBK,2023,0.26020778793286153,daily_252,251,,
HTH,2016,0.2654209132755119,daily_252,252,,small
HTH,2017,0.2950430825077304,daily_252,252,,small
HTH,2018,0.2637215786815536,daily_252,251,,small
HTH,2019,0.26976719678703087,daily_252,251,,small
HTH,2020,0.23462917017705961,daily_252,252,,small
HTH,2021,0.6432290283962425,daily_252,253,,small
HTH,2022,0.3373013533265838,daily_252,252,,small
HTH,2023,0.368679212171533,daily_252,251,,small
HWBK,2016,0.34389091229193863,daily_252,252,,
HWBK,2017,0.24907222899503068,daily_252,252,,
HWBK,2018,0.369414514106106,daily_252,251,,small
HWBK,2019,0.23380151845874442,daily_252,251,,small
HWBK,2020,0.27177985680352595,daily_252,252,,small
HWBK,2021,0.8185397132968874,daily_252,253,,small
HWBK,2022,0.30520402757445125,daily_252,252,,small
HWBK,2023,0.2462975269267839,daily_252,251,,
HWC,2016,0.29784240238063503,daily_252,252,,small
HWC,2017,0.3363511342001694,daily_252,252,,small
HWC,2018,0.26744942740697425,daily_252,251,,small
HWC,2019,0.2588677376756585,daily_252,251,,small
HWC,2020,0.28289079588519095,daily_252,252,,small
HWC,2021,0.7991684927225896,daily_252,253,,small
HWC,2022,0.38956855074191554,daily_252,252,,small
HWC,2023,0.3143942537290456,daily_252,251,,small
IBCP,2016,0.20624427064261225,daily_252,252,,
IBCP,2017,0.19036927511493365,daily_252,252,,
IBCP,2018,0.24952651120877087,daily_252,251,,
IBCP,2019,0.23078871040184873,daily_252,251,,small
IBCP,2020,0.20078375044923435,daily_252,252,,small
IBCP,2021,0.7684320536213136,daily_252,253,,small
IBCP,2022,0.29232447915915727,daily_252,252,,small
IBCP,2023,0.2616184798870492,daily_252,251,,small
IBOC,2016,0.29027995521399425,daily_252,252,,small
IBOC,2017,0.29545637282357834,daily_252,252,,small
IBOC,2018,0.26410210610797485,daily_252,251,,small
IBOC,2019,0.22931418528245023,daily_252,251,,small
IBOC,2020,0.23433775734428103,daily_252,252,,small
IBOC,2021,0.7261154050589306,daily_252,253,,small
IBOC,2022,0.3233221950859661,daily_252,252,,small
IBOC,2023,0.28715144114554575,daily_252,251,,small
INBK,2016,0.39023486098059335,daily_252,252,,
INBK,2017,0.31933819023960436,daily_252,252,,
INBK,2018,0.3053786952916295,daily_252,251,,small
INBK,2019,0.3049565725038731,daily_252,251,,small
INBK,2020,0.3338567374254752,daily_252,252,,small
INBK,2021,0.8239123378707326,daily_252,253,,small
INBK,2022,0.38006375317289065,daily_252,252,,small
INBK,2023,0.5029516442487435,daily_252,251,,
INDB,2016,0.23673181105684124,daily_252,252,,small
INDB,2017,0.2612392658470342,daily_252,252,,small
INDB,2018,0.2514805748666949,daily_252,251,,small
INDB,2019,0.24721400546103264,daily_252,251,,small
INDB,2020,0.24708675343266953,daily_252,252,,small
INDB,2021,0.5691573483366286,daily_252,253,,small
INDB,2022,0.29624992300513864,daily_252,252,,small
INDB,2023,0.2484477512100869,daily_252,251,,small
ISTR,2016,0.2828330074678347,daily_252,252,,
ISTR,2017,0.2927448894618146,daily_252,252,,
ISTR,2018,0.20541777548365972,daily_252,251,,small
ISTR,2019,0.33351815593753814,daily_252,251,,small
ISTR,2020,0.24484864029176207,daily_252,252,,small
ISTR,2021,0.7509604332116074,daily_252,253,,small
ISTR,2022,0.31314988733701615,daily_252,252,,small
ISTR,2023,0.17477193874712407,daily_252,251,,
JMSB,2016,0.2152349754568469,daily_252,251,,
JMSB,2017,0.16494759668459674,daily_252,252,,
JMSB,2018,0.20895496927945525,daily_252,251,,
JMSB,2019,0.16667752075329229,daily_252,251,,
JMSB,2020,0.24090433779992587,daily_252,252,,
JMSB,2021,0.520447881501189,daily_252,253,,
JMSB,2022,0.18624834959635017,daily_252,252,,
JMSB,2023,0.32981512039128036,daily_252,251,,small
JPM,2016,0.2226341529012799,daily_252,252,,large
JPM,2017,0.24574156038165892,daily_252,252,,large
JPM,2018,0.1632766108253354,daily_252,251,,large
JPM,2019,0.22167468425438439,daily_252,251,,large
JPM,2020,0.18674167349692808,daily_252,252,,large
JPM,2021,0.5421213628045289,daily_252,253,,large
JPM,2022,0.21337057070396412,daily_252,252,,large
JPM,2023,0.2982793444003671,daily_252,251,,large
KEY,2016,0.27816107599587664,daily_252,252,,mid
KEY,2017,0.2914402358592566,daily_252,252,,mid
KEY,2018,0.221219412087486,daily_252,251,,mid
KEY,2019,0.2720373347401253,daily_252,251,,mid
KEY,2020,0.2577831081703319,daily_252,252,,mid
KEY,2021,0.7656510722503758,daily_252,253,,mid
KEY,2022,0.3069516161802888,daily_252,252,,mid
KEY,2023,0.3541060126926035,daily_252,251,,mid
LARK,2016,0.3347999717800593,daily_252,252,,
LARK,2017,0.18665161288865031,daily_252,252,,
LARK,2018,0.23136343117972843,daily_252,251,,small
LARK,2019,0.16667752075329229,daily_252,251,,small
LARK,2020,0.2515366319086457,daily_252,252,,small
LARK,2021,0.4350990263194478,daily_252,253,,small
LARK,2022,0.26347742218189407,daily_252,252,,small
LARK,2023,0.21249389671960228,daily_252,251,,small
LCNB,2016,0.21220243309053496,daily_252,252,,
LCNB,2017,0.3183223343134954,daily_252,252,,
LCNB,2018,0.31964297839632744,daily_252,251,,small
LCNB,2019,0.25997425601981217,daily_252,251,,small
LCNB,2020,0.20229491088402113,daily_252,252,,small
LCNB,2021,0.7431880448357006,daily_252,253,,small
LCNB,2022,0.27886067937247827,daily_252,252,,small
LCNB,2023,0.26794581029191666,daily_252,251,,
LKFN,2016,0.21352754059059761,daily_252,252,,
LKFN,2017,0.2207401038266041,daily_252,252,,small
LKFN,2018,0.23539455894214142,daily_252,251,,small
LKFN,2019,0.21282916301348606,daily_252,251,,small
LKFN,2020,0.2036744005441886,daily_252,252,,small
LKFN,2021,0.5527194209296479,daily_252,253,,small
LKFN,2022,0.28967884498237795,daily_252,252,,small
LKFN,2023,0.24450424160242695,daily_252,251,,small
LOB,2016,,imputed_peer,0,no_daily_data,
LOB,2017,0.2602568778080121,imputed_peer,0,no_daily_data,small
LOB,2018,0.245226588249759,imputed_peer,0,no_daily_data,small
LOB,2019,0.24332152929237977,imputed_peer,0,no_daily_data,small
LOB,2020,0.23780468310986325,imputed_peer,0,no_daily_data,small
LOB,2021,,imputed_peer,0,no_daily_data,
LOB,2022,,imputed_peer,0,no_daily_data,
LOB,2023,,imputed_peer,12,no_daily_data,
MBCN,2016,0.2860404587717433,daily_252,251,,
MBCN,2017,0.2550308810025451,daily_252,252,,
MBCN,2018,0.3073276122529588,daily_252,251,,small
MBCN,2019,0.24724400893304,daily_252,251,,small
MBCN,2020,0.23712142413164192,daily_252,252,,small
MBCN,2021,0.6053413809135381,daily_252,253,,small
MBCN,2022,0.33688165671568143,daily_252,252,,small
MBCN,2023,0.1691682270676915,daily_252,251,,
MBIN,2016,,imputed_peer,0,no_daily_data,
MBIN,2017,,imputed_peer,0,no_daily_data,
MBIN,2018,,imputed_peer,43,no_daily_data,
MBIN,2019,0.33923733386883775,daily_252,251,,small
MBIN,2020,0.3534894708202424,daily_252,252,,
MBIN,2021,0.6582502029188794,daily_252,253,,
MBIN,2022,0.3502597051581341,daily_252,252,,small
MBIN,2023,0.3004553203350982,daily_252,251,,small
MBWM,2016,0.23986054901329762,daily_252,252,,
MBWM,2017,0.28600709642492533,daily_252,252,,small
MBWM,2018,0.27581898518551073,daily_252,251,,small
MBWM,2019,0.22881582962168054,daily_252,251,,small
MBWM,2020,0.22611815718157507,daily_252,252,,small
MBWM,2021,0.6253507923379316,daily_252,253,,small
MBWM,2022,0.2904482102281346,daily_252,252,,small
MBWM,2023,0.2504340706346425,daily_252,251,,small
MCB,2016,,imputed_peer,0,no_daily_data,
MCB,2017,,imputed_peer,0,no_daily_data,
MCB,2018,,imputed_peer,35,no_daily_data,
MCB,2019,0.3124468831024478,daily_252,251,,small
MCB,2020,0.2473943837892054,daily_252,252,,small
MCB,2021,0.8540231889147814,daily_252,253,,small
MCB,2022,0.38989918633026316,daily_252,252,,small
MCB,2023,0.4268577936102398,daily_252,251,,small
MCBS,2016,,imputed_peer,0,no_daily_data,
MCBS,2017,,imputed_peer,0,no_daily_data,
MCBS,2018,0.6064460671955266,daily_252,220,,
MCBS,2019,0.37377913661146867,daily_252,261,,
MCBS,2020,0.4304235258040967,daily_252,240,,small
MCBS,2021,0.6473405164694335,daily_252,253,,small
MCBS,2022,0.2964674385892985,daily_252,252,,small
MCBS,2023,0.31769128358980975,daily_252,251,,small
MCHB,2016,0.22435195993815535,daily_252,252,,
MCHB,2017,0.3207255103388586,daily_252,252,,
MCHB,2018,0.25458038787514864,daily_252,251,,
MCHB,2019,0.28444101895539414,daily_252,251,,
MCHB,2020,0.26264047402916496,daily_252,252,,
MCHB,2021,0.5844176122039811,daily_252,253,,
MCHB,2022,0.2760453879319418,daily_252,252,,
MCHB,2023,0.3558337324902573,daily_252,251,,
MFIN,2016,0.4201496058411285,daily_252,252,,
MFIN,2017,0.5532513203244112,daily_252,252,,
MFIN,2018,0.6064460671955266,daily_252,251,,small
MFIN,2019,0.45460652006687824,daily_252,251,,small
MFIN,2020,0.4304235258040967,daily_252,252,,small
MFIN,2021,0.9880256619281967,daily_252,253,,small
MFIN,2022,0.45140022497865223,daily_252,252,,small
MFIN,2023,0.4672265639966358,daily_252,251,,small
MNSB,2016,0.23595436957391508,daily_252,252,,
MNSB,2017,0.17471602260539654,daily_252,252,,
MNSB,2018,0.19645361517126655,daily_252,251,,
MNSB,2019,0.30604975056519845,daily_252,251,,
MNSB,2020,0.2775183374857737,daily_252,252,,small
MNSB,2021,0.6337813123625086,daily_252,253,,small
MNSB,2022,0.28761106099286593,daily_252,252,,small
MNSB,2023,0.21093878680201775,daily_252,251,,
MOFG,2016,0.2222915870184032,daily_252,252,,
MOFG,2017,0.2666776696959692,daily_252,252,,small
MOFG,2018,0.22149256275093393,daily_252,251,,small
MOFG,2019,0.25069531274654727,daily_252,251,,small
MOFG,2020,0.2803855045492233,daily_252,252,,small
MOFG,2021,0.732005382852606,daily_252,253,,small
MOFG,2022,0.29152950212704776,daily_252,252,,small
MOFG,2023,0.26303706382287634,daily_252,251,,
MPB,2016,0.262361145049444,daily_252,250,,
MPB,2017,0.31635852064231246,daily_252,252,,
MPB,2018,0.2793129791323576,daily_252,251,,small
MPB,2019,0.3245879728425424,daily_252,251,,small
MPB,2020,0.3017957792499832,daily_252,252,,small
MPB,2021,0.8000962105771112,daily_252,253,,small
MPB,2022,0.33114957721402244,daily_252,252,,small
MPB,2023,0.2513216334788104,daily_252,251,,small
MSBI,2016,,imputed_peer,0,no_daily_data,
MSBI,2017,0.2549180706134852,daily_partial,153,insufficient_days,small
MSBI,2018,0.24490765797927033,daily_252,251,,small
MSBI,2019,0.24332354351022115,daily_252,251,,small
MSBI,2020,0.22413460203618973,daily_252,252,,small
MSBI,2021,0.6387186529907903,daily_252,253,,small
MSBI,2022,0.3073168348150955,daily_252,252,,small
MSBI,2023,0.27730989281517354,daily_252,251,,small
MTB,2016,0.22814875904809545,daily_252,252,,mid
MTB,2017,0.2495315560159951,daily_252,252,,mid
MTB,2018,0.17371794051320807,daily_252,251,,mid
MTB,2019,0.214988767957056,daily_252,251,,mid
MTB,2020,0.22636180940119102,daily_252,252,,mid
MTB,2021,0.634184439805822,daily_252,253,,mid
MTB,2022,0.3170323526711651,daily_252,252,,mid
MTB,2023,0.3600338626198234,daily_252,251,,
MVBF,2016,0.36921482316390725,daily_252,252,,
MVBF,2017,0.47650890135137886,daily_252,252,,
MVBF,2018,0.2536362108859455,daily_252,251,,small
MVBF,2019,0.29054657372845777,daily_252,251,,small
MVBF,2020,0.26530765309585647,daily_252,252,,small
MVBF,2021,0.8145855512542918,daily_252,253,,small
MVBF,2022,0.38330652319401837,daily_252,252,,
MVBF,2023,0.2525110000198744,daily_252,251,,
MYFW,2016,,imputed_peer,0,no_daily_data,
MYFW,2017,,imputed_peer,0,no_daily_data,
MYFW,2018,,imputed_peer,0,no_daily_data,
MYFW,2019,0.427852120075204,daily_partial,113,insufficient_days,
MYFW,2020,0.3424046990276888,daily_252,252,,small
MYFW,2021,0.488693820182974,daily_252,253,,small
MYFW,2022,0.33742863878001905,daily_252,252,,small
MYFW,2023,0.28907933091562066,daily_252,251,,small
NBHC,2016,0.20676148282366433,daily_252,252,,
NBHC,2017,0.2269088576430801,daily_252,252,,small
NBHC,2018,0.23257786084224544,daily_252,251,,small
NBHC,2019,0.21215861674709188,daily_252,251,,small
NBHC,2020,0.2484017132287003,daily_252,252,,small
NBHC,2021,0.5340343396546376,daily_252,253,,small
NBHC,2022,0.27497468800276365,daily_252,252,,small
NBHC,2023,0.31082048650528626,daily_252,251,,small
NBTB,2016,0.22256053933155592,daily_252,252,,small
NBTB,2017,0.2332550474594708,daily_252,252,,small
NBTB,2018,0.23182999429117784,daily_252,251,,small
NBTB,2019,0.22951675597128787,daily_252,251,,small
NBTB,2020,0.1923785561623829,daily_252,252,,small
NBTB,2021,0.5065004683101193,daily_252,253,,small
NBTB,2022,0.2770218624957879,daily_252,252,,small
NBTB,2023,0.23187451364167627,daily_252,251,,small
NFBK,2016,0.14446175049627158,daily_252,252,,small
NFBK,2017,0.17676991055583066,daily_252,252,,small
NFBK,2018,0.2056082325924649,daily_252,251,,small
NFBK,2019,0.22094985621573676,daily_252,251,,small
NFBK,2020,0.17270829814207594,daily_252,252,,
NFBK,2021,0.5719970126864832,daily_252,253,,
NFBK,2022,0.24626148526588704,daily_252,252,,
NFBK,2023,0.22626804318861699,daily_252,251,,
NIC,2016,0.2007555519738358,daily_252,252,,
NIC,2017,0.3426801386090609,daily_252,252,,small
NIC,2018,0.20779637979426235,daily_252,251,,small
NIC,2019,0.2492624225257853,daily_252,251,,small
NIC,2020,0.21825901690469457,daily_252,252,,small
NIC,2021,0.5127312993590579,daily_252,253,,small
NIC,2022,0.26984233463936397,daily_252,252,,small
NIC,2023,0.23380715887950362,daily_252,251,,
NKSH,2016,0.2416603816675457,daily_252,252,,
NKSH,2017,0.25048518196164454,daily_252,252,,
NKSH,2018,0.2795438384593399,daily_252,251,,
NKSH,2019,0.28495951152070315,daily_252,251,,small
NKSH,2020,0.3191063396313429,daily_252,252,,small
NKSH,2021,0.7472366815169064,daily_252,253,,small
NKSH,2022,0.2332769083868577,daily_252,252,,small
NKSH,2023,0.16726808661783515,daily_252,251,,
NRIM,2016,0.2304901189618678,daily_252,252,,
NRIM,2017,0.2673913597965653,daily_252,252,,
NRIM,2018,0.2843254885887887,daily_252,251,,small
NRIM,2019,0.22821577143767127,daily_252,251,,small
NRIM,2020,0.25657460478726396,daily_252,252,,small
NRIM,2021,0.7535764353776786,daily_252,253,,small
NRIM,2022,0.3216060622061987,daily_252,252,,small
NRIM,2023,0.22696978964560766,daily_252,251,,small
NWBI,2016,0.16463539020329468,daily_252,252,,small
NWBI,2017,0.1785139902960371,daily_252,252,,small
NWBI,2018,0.18111598575377255,daily_252,251,,small
NWBI,2019,0.1859645522388297,daily_252,251,,small
NWBI,2020,0.16358284997019312,daily_252,252,,small
NWBI,2021,0.4972975933199527,daily_252,253,,small
NWBI,2022,0.22907579767201552,daily_252,252,,small
NWBI,2023,0.21885298859933897,daily_252,251,,
NWFL,2016,0.24745419230062957,daily_252,252,,
NWFL,2017,0.23127680749617796,daily_252,252,,
NWFL,2018,0.31058107455657347,daily_252,251,,small
NWFL,2019,0.3269338693981905,daily_252,251,,small
NWFL,2020,0.30022899308065204,daily_252,252,,small
NWFL,2021,0.6708308069267586,daily_252,253,,small
NWFL,2022,0.2732702845269462,daily_252,252,,small
NWFL,2023,0.22988974309875784,daily_252,251,,small
OBK,2016,,imputed_peer,0,no_daily_data,
OBK,2017,,imputed_peer,0,no_daily_data,
OBK,2018,,imputed_peer,0,no_daily_data,
OBK,2019,0.2680848908390858,daily_partial,162,insufficient_days,small
OBK,2020,0.22702568472645676,daily_252,252,,small
OBK,2021,0.6251108539837562,daily_252,253,,
OBK,2022,0.3122223671554029,daily_252,252,,
OBK,2023,0.2537624483038113,daily_252,251,,
OCFC,2016,0.2260573269472048,daily_252,252,,
OCFC,2017,0.1999749226481846,daily_252,252,,small
OCFC,2018,0.22127339347791364,daily_252,251,,small
OCFC,2019,0.19792327675508728,daily_252,251,,small
OCFC,2020,0.19640087881712384,daily_252,252,,small
OCFC,2021,0.6031272200393761,daily_252,253,,small
OCFC,2022,0.29782618194732896,daily_252,252,,small
OCFC,2023,0.2374694135296099,daily_252,251,,small
ONB,2016,0.23588229908478273,daily_252,252,,small
ONB,2017,0.25051598919515766,daily_252,252,,small
ONB,2018,0.22474646859423725,daily_252,251,,small
ONB,2019,0.24733072768752198,daily_252,251,,small
ONB,2020,0.20781254788347267,daily_252,252,,small
ONB,2021,0.519361541318114,daily_252,253,,small
ONB,2022,0.2564696707165196,daily_252,252,,small
ONB,2023,0.26987511994585184,daily_252,251,,small
OPBK,2016,0.1397829863745966,daily_252,252,,
OPBK,2017,0.2442248867910882,daily_252,252,,
OPBK,2018,0.2027527510778248,daily_252,251,,
OPBK,2019,0.2848236862786121,daily_252,251,,
OPBK,2020,0.34732859887873313,daily_252,252,,
OPBK,2021,0.5337585910220635,daily_252,253,,small
OPBK,2022,0.4025497665928145,daily_252,252,,small
OPBK,2023,0.33162468064785156,daily_252,251,,
OPOF.O^I25,2016,0.18763246077880602,daily_252,252,,
OPOF.O^I25,2017,0.25761574541599047,daily_252,252,,
OPOF.O^I25,2018,0.2533510313475378,daily_252,251,,
OPOF.O^I25,2019,0.3370533740196762,daily_252,251,,
OPOF.O^I25,2020,0.30925997112024295,daily_252,252,,
OPOF.O^I25,2021,0.6129250140138359,daily_252,253,,
OPOF.O^I25,2022,0.35651129344483296,daily_252,252,,
OPOF.O^I25,2023,0.31147544076084815,daily_252,251,,
ORRF,2016,0.2118199453994725,daily_252,252,,
ORRF,2017,0.29404443961311644,daily_252,252,,
ORRF,2018,0.27098705504430803,daily_252,251,,small
ORRF,2019,0.2424919561555962,daily_252,251,,small
ORRF,2020,0.2714041970551086,daily_252,252,,small
ORRF,2021,0.708648143644331,daily_252,253,,small
ORRF,2022,0.3381495990487611,daily_252,252,,small
ORRF,2023,0.25260142487738774,daily_252,251,,small
OSBC,2016,0.2542370084414049,daily_252,252,,
OSBC,2017,0.31796837560821806,daily_252,252,,small
OSBC,2018,0.30375895647824563,daily_252,251,,small
OSBC,2019,0.2300643723709341,daily_252,251,,small
OSBC,2020,0.22957586072113573,daily_252,252,,small
OSBC,2021,0.6834434562940388,daily_252,253,,small
OSBC,2022,0.2972594308086766,daily_252,252,,small
OSBC,2023,0.3031207602308768,daily_252,251,,small
OVBC,2016,0.24670262052100067,daily_252,253,,
OVBC,2017,0.245220169952208,daily_252,251,,
OVBC,2018,0.3228566574531154,daily_252,251,,small
OVBC,2019,0.40892556806754127,daily_252,251,,small
OVBC,2020,0.36670185889339374,daily_252,252,,small
OVBC,2021,0.7683587639740739,daily_252,253,,small
OVBC,2022,0.3559232600436943,daily_252,252,,small
OVBC,2023,0.3603225478048235,daily_252,251,,small
OVLY,2016,0.34201199456613196,daily_252,252,,
OVLY,2017,0.2827042048923458,daily_252,252,,
OVLY,2018,0.32604494565708453,daily_252,251,,small
OVLY,2019,0.37207771222101493,daily_252,251,,small
OVLY,2020,0.2933154034261024,daily_252,252,,small
OVLY,2021,0.7634545150960472,daily_252,253,,small
OVLY,2022,0.28164420172195936,daily_252,252,,small
OVLY,2023,0.2329014090580329,daily_252,251,,
OZK,2016,0.27068502377266995,daily_252,252,,
OZK,2017,0.3491552982179846,daily_252,252,,
OZK,2018,0.2917343633953373,daily_252,251,,
OZK,2019,0.4221817417562021,daily_252,251,,small
OZK,2020,0.34158774586344326,daily_252,252,,small
OZK,2021,0.6632673251300263,daily_252,253,,small
OZK,2022,0.3214002291524129,daily_252,252,,small
OZK,2023,0.32679260274094835,daily_252,251,,small
PB,2016,0.26878184586365594,daily_252,252,,small
PB,2017,0.3584918718597104,daily_252,252,,small
PB,2018,0.24973140618948175,daily_252,251,,small
PB,2019,0.23299914321036264,daily_252,251,,small
PB,2020,0.2274549026337525,daily_252,252,,small
PB,2021,0.6113771281292235,daily_252,253,,small
PB,2022,0.2503296836675437,daily_252,252,,small
PB,2023,0.24802823707570137,daily_252,251,,
PCB,2016,0.6090513642334237,daily_252,244,,
PCB,2017,0.5532513203244112,daily_252,265,,
PCB,2018,0.26745958545129994,daily_252,238,,
PCB,2019,0.36368775468759346,daily_252,251,,small
PCB,2020,0.22264409277665775,daily_252,252,,small
PCB,2021,0.6382296055992425,daily_252,253,,small
PCB,2022,0.32357790917113427,daily_252,252,,small
PCB,2023,0.30519696007951835,daily_252,251,,small
PDLB,2016,,imputed_peer,0,no_daily_data,
PDLB,2017,,imputed_peer,0,no_daily_data,
PDLB,2018,,imputed_peer,62,no_daily_data,
PDLB,2019,0.2055306731609825,daily_252,251,,small
PDLB,2020,0.16003730091501556,daily_252,252,,small
PDLB,2021,0.7017024732516314,daily_252,253,,small
PDLB,2022,0.35956028357479897,daily_252,252,,small
PDLB,2023,0.16726808661783515,daily_252,251,,small
PEBK,2016,0.24611056168127443,daily_252,252,,
PEBK,2017,0.2330379700585648,daily_252,252,,
PEBK,2018,0.33038565343785187,daily_252,251,,small
PEBK,2019,0.29112196751613334,daily_252,251,,small
PEBK,2020,0.27455984222171875,daily_252,252,,small
PEBK,2021,0.8301913530526175,daily_252,253,,small
PEBK,2022,0.27929833791051045,daily_252,252,,small
PEBK,2023,0.17687408160335397,daily_252,251,,small
PEBO,2016,0.25519972632355703,daily_252,252,,
PEBO,2017,0.23540619545392477,daily_252,252,,small
PEBO,2018,0.23221399314850236,daily_252,251,,small
PEBO,2019,0.20935528453289576,daily_252,251,,small
PEBO,2020,0.1899732247086854,daily_252,252,,small
PEBO,2021,0.6010935040752813,daily_252,253,,small
PEBO,2022,0.2698387382652014,daily_252,252,,small
PEBO,2023,0.2394910825840146,daily_252,251,,
PFBC,2016,0.25140118508475223,daily_252,252,,
PFBC,2017,0.29039319078674247,daily_252,252,,small
PFBC,2018,0.30655672753047936,daily_252,251,,small
PFBC,2019,0.28124905917207216,daily_252,251,,small
PFBC,2020,0.2549776544234749,daily_252,252,,small
PFBC,2021,0.6958129266495235,daily_252,253,,small
PFBC,2022,0.28544018602270355,daily_252,252,,small
PFBC,2023,0.2597823832825321,daily_252,251,,small
PFIS,2016,0.3257026071666883,daily_252,252,,
PFIS,2017,0.2832903239694511,daily_252,252,,
PFIS,2018,0.2617811842412516,daily_252,251,,small
PFIS,2019,0.2521395828346786,daily_252,251,,small
PFIS,2020,0.21642835387469375,daily_252,252,,small
PFIS,2021,0.7172569443117843,daily_252,253,,small
PFIS,2022,0.2741565191635782,daily_252,252,,small
PFIS,2023,0.2667287640561871,daily_252,251,,small
PFS,2016,0.20120741568741826,daily_252,252,,small
PFS,2017,0.207412188305596,daily_252,252,,small
PFS,2018,0.20816871879918566,daily_252,251,,small
PFS,2019,0.2145569199043593,daily_252,251,,small
PFS,2020,0.1778490289346521,daily_252,252,,small
PFS,2021,0.6993819601168372,daily_252,253,,small
PFS,2022,0.28520217644780077,daily_252,252,,small
PFS,2023,0.26485007486976153,daily_252,251,,
PGC,2016,0.25899409662575257,daily_252,252,,
PGC,2017,0.2823931872109024,daily_252,252,,small
PGC,2018,0.23511003316101198,daily_252,251,,small
PGC,2019,0.2260884417531962,daily_252,251,,small
PGC,2020,0.21640560306251438,daily_252,252,,small
PGC,2021,0.7486000971275792,daily_252,253,,small
PGC,2022,0.28326552581085435,daily_252,252,,small
PGC,2023,0.26983923174271546,daily_252,251,,small
PKBK,2016,0.212304678259024,daily_252,252,,
PKBK,2017,0.24262465819697338,daily_252,252,,
PKBK,2018,0.22124847258825076,daily_252,251,,small
PKBK,2019,0.27370140090677425,daily_252,251,,small
PKBK,2020,0.2986347523708741,daily_252,252,,small
PKBK,2021,0.7694201238588875,daily_252,253,,small
PKBK,2022,0.29321311172089826,daily_252,252,,small
PKBK,2023,0.24780994710932328,daily_252,251,,small
PLBC,2016,0.4938275912923431,daily_252,252,,
PLBC,2017,0.34615328939018153,daily_252,252,,
PLBC,2018,0.2925192543368095,daily_252,251,,
PLBC,2019,0.28308519528679343,daily_252,251,,small
PLBC,2020,0.2760530247669343,daily_252,252,,small
PLBC,2021,0.507662210508349,daily_252,253,,small
PLBC,2022,0.2869523337770008,daily_252,252,,small
PLBC,2023,0.3647807823317774,daily_252,251,,small
PNC,2016,0.2122877159081543,daily_252,252,,mid
PNC,2017,0.22425430337910318,daily_252,252,,mid
PNC,2018,0.1750053687984765,daily_252,251,,mid
PNC,2018,0.1750053687984765,daily_252,251,,mid
PNC,2018,0.1750053687984765,daily_252,251,,mid
PNC,2018,0.1750053687984765,daily_252,251,,mid
PNC,2019,0.232105227296382,daily_252,251,,
PNC,2020,0.19545497638934492,daily_252,252,,mid
PNC,2021,0.5771282729818057,daily_252,253,,large
PNC,2022,0.25837295144196437,daily_252,252,,large
PNC,2023,0.30562306062019096,daily_252,251,,
PNFP,2016,0.2712464667656383,daily_252,252,,small
PNFP,2017,0.28894191421950677,daily_252,252,,small
PNFP,2018,0.2567170584199196,daily_252,251,,small
PNFP,2019,0.25639161845517255,daily_252,251,,small
PNFP,2020,0.247702402395208,daily_252,252,,small
PNFP,2021,0.6923110242956135,daily_252,253,,small
PNFP,2022,0.3323169731718788,daily_252,252,,small
PNFP,2023,0.35092340707230424,daily_252,251,,
PPBI.O^I25,2016,0.21745348880032755,daily_252,252,,
PPBI.O^I25,2017,0.27359275152430307,daily_252,252,,
PPBI.O^I25,2018,0.2897636181645131,daily_252,251,,
PPBI.O^I25,2019,0.3108140555567804,daily_252,251,,
PPBI.O^I25,2020,0.27253137351447615,daily_252,252,,
PPBI.O^I25,2021,0.7140321896556996,daily_252,253,,
PPBI.O^I25,2022,0.32815096203280303,daily_252,252,,
PPBI.O^I25,2023,0.3239108705420025,daily_252,251,,
PRK,2016,0.2460512556908366,daily_252,252,,small
PRK,2017,0.2618085651905988,daily_252,252,,small
PRK,2018,0.2214032697401893,daily_252,251,,small
PRK,2019,0.24294904862307298,daily_252,251,,small
PRK,2020,0.21461158243788092,daily_252,252,,small
PRK,2021,0.5773913895751949,daily_252,253,,small
PRK,2022,0.298657682461877,daily_252,252,,small
PRK,2023,0.2569297796411831,daily_252,251,,small
PVBC,2016,0.282009405781674,daily_partial,117,insufficient_days,
PVBC,2017,0.219401913945223,daily_252,252,,
PVBC,2018,0.33241881065601453,daily_252,251,,
PVBC,2019,0.3904281817124108,daily_252,251,,
PVBC,2020,0.2953150176240288,daily_252,252,,
PVBC,2021,0.4727565682353949,daily_252,253,,small
PVBC,2022,0.29055411779496687,daily_252,252,,small
PVBC,2023,0.45475883008551593,daily_252,251,,
PWOD.O^G25,2016,0.20237647958382174,daily_252,252,,
PWOD.O^G25,2017,0.2882813663085731,daily_252,252,,
PWOD.O^G25,2018,0.21153792128900162,daily_252,251,,
PWOD.O^G25,2019,0.19634505524672002,daily_252,251,,
PWOD.O^G25,2020,0.22013615937098616,daily_252,252,,
PWOD.O^G25,2021,0.622551740369997,daily_252,253,,
PWOD.O^G25,2022,0.26446708310666284,daily_252,252,,
PWOD.O^G25,2023,0.17452709441177164,daily_252,251,,
QCRH,2016,0.21651414300773603,daily_252,252,,
QCRH,2017,0.24043371146730888,daily_252,252,,small
QCRH,2018,0.22406777287397053,daily_252,251,,small
QCRH,2019,0.2456202533502081,daily_252,251,,small
QCRH,2020,0.24136108513784638,daily_252,252,,small
QCRH,2021,0.6672768712316317,daily_252,253,,small
QCRH,2022,0.2679535373067957,daily_252,252,,small
QCRH,2023,0.2683649968088681,daily_252,251,,
RBB,2016,,imputed_peer,0,no_daily_data,
RBB,2017,,imputed_peer,0,no_daily_data,
RBB,2018,0.1672072502854341,daily_partial,109,insufficient_days,small
RBB,2019,0.25480269197101185,daily_252,251,,small
RBB,2020,0.29085629510719313,daily_252,252,,small
RBB,2021,0.578626005630816,daily_252,253,,small
RBB,2022,0.31383151177708796,daily_252,252,,small
RBB,2023,0.28798569861183965,daily_252,251,,small
RBCAA,2016,0.22843511043485387,daily_252,252,,
RBCAA,2017,0.23800261259679892,daily_252,252,,small
RBCAA,2018,0.24570975917576177,daily_252,251,,small
RBCAA,2019,0.25553471736337213,daily_252,251,,small
RBCAA,2020,0.2783177536248312,daily_252,252,,small
RBCAA,2021,0.649132652012163,daily_252,253,,small
RBCAA,2022,0.25570019087815943,daily_252,252,,small
RBCAA,2023,0.24488603363302555,daily_252,251,,small
RF,2016,0.2775756904970454,daily_252,252,,mid
RF,2017,0.34189695604864934,daily_252,252,,mid
RF,2018,0.22659595805484056,daily_252,251,,mid
RF,2019,0.2661566403725935,daily_252,251,,mid
RF,2020,0.25852357723316616,daily_252,252,,mid
RF,2021,0.7103924819827174,daily_252,253,,mid
RF,2022,0.31950090566846046,daily_252,252,,mid
RF,2023,0.3627128578593047,daily_252,251,,
RMBI,2016,,imputed_peer,0,no_daily_data,
RMBI,2017,,imputed_peer,0,no_daily_data,
RMBI,2018,,imputed_peer,0,no_daily_data,
RMBI,2019,,imputed_peer,0,no_daily_data,
RMBI,2020,0.15853367751141778,daily_partial,126,insufficient_days,small
RMBI,2021,0.4321481752720885,daily_252,253,,small
RMBI,2022,0.21958060301770435,daily_252,252,,small
RMBI,2023,0.21256905052191852,daily_252,251,,small
RNST,2016,0.2364840051229442,imputed_peer,0,no_daily_data,small
RNST,2017,0.2602568778080121,imputed_peer,0,no_daily_data,small
RNST,2018,0.245226588249759,imputed_peer,0,no_daily_data,small
RNST,2019,0.24332152929237977,imputed_peer,0,no_daily_data,small
RNST,2020,0.23780468310986325,imputed_peer,0,no_daily_data,small
RNST,2021,0.6550777488618563,imputed_peer,0,no_daily_data,small
RNST,2022,0.29782618194732896,imputed_peer,0,no_daily_data,small
RNST,2023,,imputed_peer,0,no_daily_data,
RRBI,2016,,imputed_peer,0,no_daily_data,
RRBI,2017,,imputed_peer,0,no_daily_data,
RRBI,2018,,imputed_peer,0,no_daily_data,
RRBI,2019,,imputed_peer,0,no_daily_data,
RRBI,2020,0.20746970890586514,daily_partial,167,insufficient_days,small
RRBI,2021,0.6689399839798872,daily_252,253,,small
RRBI,2022,0.3015724733621602,daily_252,252,,small
RRBI,2023,0.29800107502639217,daily_252,251,,small
SBCF,2016,0.23115087396314718,daily_252,252,,
SBCF,2017,0.22901159745793634,daily_252,252,,small
SBCF,2018,0.2528919578139739,daily_252,251,,small
SBCF,2019,0.29889966573285526,daily_252,251,,small
SBCF,2020,0.2583428321929893,daily_252,252,,small
SBCF,2021,0.6688871152361128,daily_252,253,,small
SBCF,2022,0.33745334157695306,daily_252,252,,small
SBCF,2023,0.3064420012019676,daily_252,251,,
SBFG,2016,0.28341505360048463,daily_252,251,,
SBFG,2017,0.2986806053999253,daily_252,252,,
SBFG,2018,0.25723751184495214,daily_252,251,,small
SBFG,2019,0.2086910350943255,daily_252,251,,small
SBFG,2020,0.1857691132996727,daily_252,252,,small
SBFG,2021,0.6122425942669965,daily_252,253,,small
SBFG,2022,0.26849326770328824,daily_252,252,,small
SBFG,2023,0.24697123881089936,daily_252,251,,small
SBNY,2016,0.23650232103982077,daily_252,252,,small
SBNY,2017,0.3072308380875851,daily_252,252,,small
SBNY,2018,0.22996036626114452,daily_252,251,,small
SBNY,2019,0.27295901227312414,daily_252,251,,small
SBNY,2020,0.24495684268731524,daily_252,252,,small
SBNY,2021,0.6808851183052193,daily_252,253,,
SBNY,2022,0.3933607134829385,daily_252,252,,
SBNY,2023,0.5140850275012191,daily_252,251,,
SBSI,2016,0.27921403401411315,daily_252,252,,
SBSI,2017,0.2963584338919891,daily_252,252,,small
SBSI,2018,0.235967922807012,daily_252,251,,small
SBSI,2019,0.2333278503946171,daily_252,251,,small
SBSI,2020,0.2042413788835161,daily_252,252,,small
SBSI,2021,0.5155362093238317,daily_252,253,,small
SBSI,2022,0.2718376435587732,daily_252,252,,small
SBSI,2023,0.24524338673113968,daily_252,251,,small
SFBS,2016,0.2364840051229442,imputed_peer,0,no_daily_data,small
SFBS,2017,0.2602568778080121,imputed_peer,0,no_daily_data,small
SFBS,2018,0.245226588249759,imputed_peer,0,no_daily_data,small
SFBS,2019,0.24332152929237977,imputed_peer,0,no_daily_data,small
SFBS,2020,0.23780468310986325,imputed_peer,0,no_daily_data,small
SFBS,2021,0.6550777488618563,imputed_peer,0,no_daily_data,small
SFBS,2022,0.25106704921026546,daily_partial,136,insufficient_days,small
SFBS,2023,0.3165516119880849,daily_252,251,,
SFNC,2016,0.25446643388941903,daily_252,252,,small
SFNC,2017,0.276861333589923,daily_252,252,,small
SFNC,2018,0.23921932798680354,daily_252,251,,small
SFNC,2019,0.26082102233103743,daily_252,251,,small
SFNC,2020,0.2620107543515355,daily_252,252,,small
SFNC,2021,0.6200067222335999,daily_252,253,,small
SFNC,2022,0.32854419793018663,daily_252,252,,small
SFNC,2023,0.27624281873734907,daily_252,251,,small
SFST,2016,0.3937882484060259,daily_252,252,,
SFST,2017,0.28160331800863797,daily_252,252,,
SFST,2018,0.23063904744688946,daily_252,251,,small
SFST,2019,0.213609992984259,daily_252,251,,small
SFST,2020,0.24632694670386032,daily_252,252,,small
SFST,2021,0.8097715944414636,daily_252,253,,small
SFST,2022,0.31617903150684645,daily_252,252,,small
SFST,2023,0.26034485780909317,daily_252,251,,small
SHBI,2016,0.22107078712555664,daily_252,252,,
SHBI,2017,0.24250822730824842,daily_252,252,,
SHBI,2018,0.19830899230354074,daily_252,251,,small
SHBI,2019,0.24661913974765526,daily_252,251,,small
SHBI,2020,0.2205232923370867,daily_252,252,,small
SHBI,2021,0.87707721881318,daily_252,253,,small
SHBI,2022,0.255120391709495,daily_252,252,,small
SHBI,2023,0.21772011113524037,daily_252,251,,small
SMBK,2016,0.41667794418555254,daily_252,253,,
SMBK,2017,0.36117885870303384,daily_252,250,,
SMBK,2018,0.2722802634624963,daily_252,251,,small
SMBK,2019,0.27682932330859317,daily_252,251,,small
SMBK,2020,0.2363769137507673,daily_252,252,,small
SMBK,2021,0.7335107401461792,daily_252,253,,small
SMBK,2022,0.24993912317461706,daily_252,252,,small
SMBK,2023,0.2602538953804441,daily_252,251,,small
SNV,2016,0.2235754132797053,daily_252,252,,small
SNV,2017,0.272076053767611,daily_252,252,,small
SNV,2018,0.20242580273016758,daily_252,251,,small
SNV,2019,0.25644541838120355,daily_252,251,,small
SNV,2020,0.2850647262514521,daily_252,252,,small
SNV,2021,0.8628144164314484,daily_252,253,,small
SNV,2022,0.3416411497974732,daily_252,252,,small
SNV,2023,0.3957471540516553,daily_252,251,,small
SPFI,2016,,imputed_peer,0,no_daily_data,
SPFI,2017,,imputed_peer,0,no_daily_data,
SPFI,2018,,imputed_peer,0,no_daily_data,
SPFI,2019,,imputed_peer,0,no_daily_data,
SPFI,2020,0.24819624527288878,daily_partial,163,insufficient_days,small
SPFI,2021,0.7240167563162441,daily_252,253,,small
SPFI,2022,0.29629743221880855,daily_252,252,,small
SPFI,2023,0.25126848638665983,daily_252,251,,small
SRCE,2016,0.24544286166257087,daily_252,252,,
SRCE,2017,0.22879875853528814,daily_252,252,,small
SRCE,2018,0.21928372957299794,daily_252,251,,small
SRCE,2019,0.2308466641895133,daily_252,251,,small
SRCE,2020,0.2172195375252246,daily_252,252,,small
SRCE,2021,0.5761342620840685,daily_252,253,,small
SRCE,2022,0.2855521397929257,daily_252,252,,small
SRCE,2023,0.266566641713836,daily_252,251,,
SSB,2016,0.2364840051229442,imputed_peer,0,no_daily_data,small
SSB,2017,0.2602568778080121,imputed_peer,0,no_daily_data,small
SSB,2018,0.245226588249759,imputed_peer,0,no_daily_data,small
SSB,2019,0.24332152929237977,imputed_peer,0,no_daily_data,small
SSB,2020,0.23780468310986325,imputed_peer,0,no_daily_data,small
SSB,2021,0.6550777488618563,imputed_peer,0,no_daily_data,small
SSB,2022,0.29782618194732896,imputed_peer,0,no_daily_data,small
SSB,2023,0.2671130394526987,imputed_peer,0,no_daily_data,small
STBA,2016,0.2364590921869988,daily_252,252,,
STBA,2017,0.28520905558514215,daily_252,252,,small
STBA,2018,0.2519224302342708,daily_252,251,,small
STBA,2019,0.22896209972615816,daily_252,251,,small
STBA,2020,0.2181159698707197,daily_252,252,,small
STBA,2021,0.5987263050972941,daily_252,253,,small
STBA,2022,0.32126312086823117,daily_252,252,,small
STBA,2023,0.23687133860651668,daily_252,251,,small
STEL,2016,,imputed_peer,0,no_daily_data,
STEL,2017,,imputed_peer,0,no_daily_data,
STEL,2018,,imputed_peer,35,no_daily_data,
STEL,2019,0.2188224950112741,daily_252,251,,small
STEL,2020,0.24510670305371107,daily_252,252,,small
STEL,2021,0.7825581274564173,daily_252,253,,small
STEL,2022,0.30582345437161107,daily_252,252,,small
STEL,2023,0.2871118683778281,daily_252,251,,
SYBT,2016,0.23745131047525495,daily_252,252,,
SYBT,2017,0.2357558384493781,daily_252,252,,small
SYBT,2018,0.259284659357289,daily_252,251,,small
SYBT,2019,0.23024259547292514,daily_252,251,,small
SYBT,2020,0.2049697282405638,daily_252,252,,small
SYBT,2021,0.5638056975723946,daily_252,253,,small
SYBT,2022,0.273919716247019,daily_252,252,,small
SYBT,2023,0.26562700556079283,daily_252,251,,
TBBK,2016,0.3884731761946825,daily_252,252,,
TBBK,2017,0.5532513203244112,daily_252,252,,small
TBBK,2018,0.46546521781827527,daily_252,251,,small
TBBK,2019,0.30600159893949264,daily_252,251,,small
TBBK,2020,0.3416462291892004,daily_252,252,,small
TBBK,2021,0.9266383221752206,daily_252,253,,small
TBBK,2022,0.45140022497865223,daily_252,252,,
TBBK,2023,0.4624077741540281,daily_252,251,,small
TCBI,2016,0.31731092214033824,daily_252,252,,small
TCBI,2017,0.4194431566777778,daily_252,252,,small
TCBI,2018,0.29789563942668784,daily_252,251,,small
TCBI,2019,0.3090377908125263,daily_252,251,,small
TCBI,2020,0.3274007886637742,daily_252,252,,small
TCBI,2021,0.8238771994882542,daily_252,253,,small
TCBI,2022,0.39971435857007803,daily_252,252,,small
TCBI,2023,0.36471100254639727,daily_252,251,,small
TCBK,2016,0.20805948182743134,daily_252,252,,
TCBK,2017,0.23100168676048172,daily_252,252,,small
TCBK,2018,0.2336778286651766,daily_252,251,,small
TCBK,2019,0.20678855053287143,daily_252,251,,small
TCBK,2020,0.19264571064048477,daily_252,252,,small
TCBK,2021,0.5507887448827405,daily_252,253,,small
TCBK,2022,0.30206119130001613,daily_252,252,,small
TCBK,2023,0.2669817933568917,daily_252,251,,
TFC,2016,0.21288815954008147,daily_252,252,,mid
TFC,2017,0.2329371259923461,daily_252,252,,mid
TFC,2018,0.17208353044582844,daily_252,251,,mid
TFC,2019,0.21794444194031518,daily_252,251,,
TFC,2020,0.20639644634649304,daily_252,252,,large
TFC,2021,0.6671290471720958,daily_252,253,,large
TFC,2022,0.2820050187874403,daily_252,252,,large
TFC,2023,0.32354893997611656,daily_252,251,,large
TFIN,2016,0.2876089574450086,daily_252,252,,
TFIN,2017,0.28883368205887827,daily_252,252,,small
TFIN,2018,0.2669193633592125,daily_252,251,,small
TFIN,2019,0.2973018529588031,daily_252,251,,small
TFIN,2020,0.2941917337137358,daily_252,252,,small
TFIN,2021,0.7526445541651002,daily_252,253,,small
TFIN,2022,0.4091570790811872,daily_252,252,,small
TFIN,2023,0.5140850275012191,daily_252,251,,small
THFF,2016,0.192208232247937,daily_252,252,,
THFF,2017,0.21400873438985316,daily_252,252,,small
THFF,2018,0.23384064993107448,daily_252,251,,small
THFF,2019,0.2619107849163043,daily_252,251,,small
THFF,2020,0.23796926036118282,daily_252,252,,small
THFF,2021,0.5224421011061688,daily_252,253,,small
THFF,2022,0.23370450937945908,daily_252,252,,small
THFF,2023,0.17924421880089428,daily_252,251,,small
TMP,2016,0.22983885375676735,daily_252,252,,
TMP,2017,0.2586319089218523,daily_252,252,,small
TMP,2018,0.25903819029271574,daily_252,251,,small
TMP,2019,0.2624790754937218,daily_252,251,,small
TMP,2020,0.21032826074360292,daily_252,252,,small
TMP,2021,0.5789004367452381,daily_252,253,,small
TMP,2022,0.30990877858954113,daily_252,252,,
TMP,2023,0.23879430982169159,daily_252,251,,
TOWN,2016,0.2265376311614691,daily_252,252,,small
TOWN,2017,0.23326052801560285,daily_252,252,,small
TOWN,2018,0.22853096183857596,daily_252,251,,small
TOWN,2019,0.21972129909715926,daily_252,251,,small
TOWN,2020,0.21182238760861505,daily_252,252,,small
TOWN,2021,0.5898420595958465,daily_252,253,,small
TOWN,2022,0.2936360427051888,daily_252,252,,
TOWN,2023,0.24627910104556008,daily_252,251,,
TRMK,2016,0.22307827395214838,daily_252,252,,small
TRMK,2017,0.23426235077710558,daily_252,252,,small
TRMK,2018,0.2182722517733622,daily_252,251,,small
TRMK,2019,0.22150066426454731,daily_252,251,,small
TRMK,2020,0.2054103725462739,daily_252,252,,small
TRMK,2021,0.539444432989176,daily_252,253,,small
TRMK,2022,0.3076834929162622,daily_252,252,,small
TRMK,2023,0.23094165020600724,daily_252,251,,
TRST,2016,0.23393553305571763,daily_252,252,,
TRST,2017,0.2606138000948262,daily_252,252,,small
TRST,2018,0.2547603031790585,daily_252,251,,small
TRST,2019,0.23333222748715046,daily_252,251,,small
TRST,2020,0.20406499271859194,daily_252,252,,small
TRST,2021,0.6177422940923482,daily_252,253,,small
TRST,2022,0.2420344806080296,daily_252,252,,small
TRST,2023,0.20788394977283445,daily_252,251,,small
UBFO,2016,0.17348756361321638,daily_252,252,,
UBFO,2017,0.3576919606130252,daily_252,252,,
UBFO,2018,0.2865988146151465,daily_252,251,,small
UBFO,2019,0.24040332422131502,daily_252,251,,small
UBFO,2020,0.21957439338253829,daily_252,252,,small
UBFO,2021,0.8884820596420134,daily_252,253,,
UBFO,2022,0.24609286967236035,daily_252,252,,
UBFO,2023,0.20340600919553942,daily_252,251,,
UBSI,2016,0.23565497836858862,daily_252,252,,small
UBSI,2017,0.2552383532111784,daily_252,252,,small
UBSI,2018,0.2435621928615812,daily_252,251,,small
UBSI,2019,0.23737748608205872,daily_252,251,,small
UBSI,2020,0.21957035517409865,daily_252,252,,small
UBSI,2021,0.6211299615177949,daily_252,253,,small
UBSI,2022,0.3178429757376402,daily_252,252,,small
UBSI,2023,0.2629016332092783,daily_252,251,,small
UCB,2016,0.2364840051229442,daily_252,252,,small
UCB,2017,0.25687944528072937,daily_252,252,,small
UCB,2018,0.2463904573617524,daily_252,251,,small
UCB,2019,0.2501859628137846,daily_252,251,,small
UCB,2020,0.24681184988111218,daily_252,252,,small
UCB,2021,0.6774174431656395,daily_252,253,,small
UCB,2022,0.30957614469420547,daily_252,252,,small
UCB,2023,0.294447431592881,daily_252,251,,small
UMBF,2016,0.25485332008628403,daily_252,252,,small
UMBF,2017,0.26730702412613144,daily_252,252,,small
UMBF,2018,0.24098335570209772,daily_252,251,,small
UMBF,2019,0.22562889998622151,daily_252,251,,small
UMBF,2020,0.22870656880556342,daily_252,252,,small
UMBF,2021,0.5704423208919189,daily_252,253,,small
UMBF,2022,0.310085984907406,daily_252,252,,small
UMBF,2023,0.302239948091486,daily_252,251,,small
UNB,2016,0.26408415181717376,daily_252,252,,
UNB,2017,0.31550748691767727,daily_252,252,,
UNB,2018,0.31640990281985054,daily_252,251,,small
UNB,2019,0.2378284976225044,daily_252,251,,small
UNB,2020,0.35607108501889545,daily_252,252,,small
UNB,2021,0.7693456479015901,daily_252,253,,small
UNB,2022,0.2747004142609173,daily_252,252,,small
UNB,2023,0.33474549302129053,daily_252,251,,small
UNTY,2016,0.26538627400486825,daily_252,252,,
UNTY,2017,0.33215185150826515,daily_252,252,,
UNTY,2018,0.2099771131624451,daily_252,251,,small
UNTY,2019,0.30137640470897237,daily_252,251,,small
UNTY,2020,0.29276644111161937,daily_252,252,,
UNTY,2021,0.9880256619281967,daily_252,253,,
UNTY,2022,0.31373933292962886,daily_252,252,,
UNTY,2023,0.20999634039792547,daily_252,251,,
USB,2016,0.2028963591105147,daily_252,252,,mid
USB,2017,0.20356385395900115,daily_252,252,,mid
USB,2018,0.1632766108253354,daily_252,251,,mid
USB,2019,0.18921712260194845,daily_252,251,,mid
USB,2020,0.16299567701138623,daily_252,252,,large
USB,2021,0.5838949384039546,daily_252,253,,large
USB,2022,0.26421628620575394,daily_252,252,,large
USB,2023,0.2917860538732647,daily_252,251,,large
UVSP,2016,0.20596090197858835,daily_252,252,,
UVSP,2017,0.19331389313659134,daily_252,252,,small
UVSP,2018,0.24718275081729238,daily_252,251,,small
UVSP,2019,0.21748142121654535,daily_252,251,,small
UVSP,2020,0.21205402705641013,daily_252,252,,small
UVSP,2021,0.6113793680482671,daily_252,253,,small
UVSP,2022,0.31337122208438045,daily_252,252,,small
UVSP,2023,0.2561722005337209,daily_252,251,,
VABK,2016,,imputed_peer,0,no_daily_data,
VABK,2017,,imputed_peer,0,no_daily_data,
VABK,2018,,imputed_peer,0,no_daily_data,
VABK,2019,,imputed_peer,0,no_daily_data,
VABK,2020,,imputed_peer,0,no_daily_data,
VABK,2021,,imputed_peer,0,no_daily_data,
VABK,2022,0.30842960451485685,daily_252,190,,
VABK,2023,0.22311361313116498,daily_252,251,,small
VBTX,2016,0.3043203678888866,daily_252,252,,
VBTX,2017,0.2948025172512067,daily_252,252,,small
VBTX,2018,0.22764249379034568,daily_252,251,,small
VBTX,2019,0.2921253033689728,daily_252,251,,
VBTX,2020,0.24636214484669744,daily_252,252,,
VBTX,2021,0.7391234416863524,daily_252,253,,
VBTX,2022,0.32527791939395256,daily_252,252,,
VBTX,2023,0.34216263025005683,daily_252,251,,
VLY,2016,0.19224215949250809,daily_252,252,,small
VLY,2017,0.24522833802210256,daily_252,252,,small
VLY,2018,0.21860941211411097,daily_252,251,,small
VLY,2019,0.23551430378410088,daily_252,251,,small
VLY,2020,0.23878530652014487,daily_252,252,,small
VLY,2021,0.6211847895653563,daily_252,253,,small
VLY,2022,0.3179534174483041,daily_252,252,,small
VLY,2023,0.32325053088738487,daily_252,251,,small
WABC,2016,0.2336862575571994,daily_252,252,,small
WABC,2017,0.2464461429914689,daily_252,252,,small
WABC,2018,0.228905970991147,daily_252,251,,small
WABC,2019,0.23408212423369643,daily_252,251,,small
WABC,2020,0.18474279906765206,daily_252,252,,small
WABC,2021,0.4469094805693018,daily_252,253,,small
WABC,2022,0.24280984616747495,daily_252,252,,small
WABC,2023,0.21923279922683653,daily_252,251,,
WAL,2016,0.249668779547875,daily_252,252,,
WAL,2017,0.32068916720132357,daily_252,252,,small
WAL,2018,0.24776984462960297,daily_252,251,,small
WAL,2019,0.26488803161657437,daily_252,251,,small
WAL,2020,0.2796198530409525,daily_252,252,,small
WAL,2021,0.7650428987559578,daily_252,253,,small
WAL,2022,0.3683253854816238,daily_252,252,,small
WAL,2023,0.44981025407255687,daily_252,251,,
WASH,2016,0.21421450113180643,daily_252,252,,
WASH,2017,0.24687865844937637,daily_252,252,,small
WASH,2018,0.24869512690819814,daily_252,251,,small
WASH,2019,0.22718469318409593,daily_252,251,,small
WASH,2020,0.2111510841578611,daily_252,252,,small
WASH,2021,0.5750074207931738,daily_252,253,,small
WASH,2022,0.28477906350798304,daily_252,252,,small
WASH,2023,0.2220405909838639,daily_252,251,,small
WBS,2016,0.25282081568664133,daily_252,252,,small
WBS,2017,0.2919326373064066,daily_252,252,,small
WBS,2018,0.24630014493934574,daily_252,251,,small
WBS,2019,0.26952678104911165,daily_252,251,,small
WBS,2020,0.3005826235605404,daily_252,252,,small
WBS,2021,0.7742974327246149,daily_252,253,,small
WBS,2022,0.3665458158334651,daily_252,252,,small
WBS,2023,0.35772892757739366,daily_252,251,,small
WFC,2016,0.19948264431111995,daily_252,252,,large
WFC,2017,0.2366522556807739,daily_252,252,,large
WFC,2018,0.1773862006904813,daily_252,251,,large
WFC,2019,0.2365762186196464,daily_252,251,,large
WFC,2020,0.19816482650782474,daily_252,252,,large
WFC,2021,0.6140947117568867,daily_252,253,,large
WFC,2022,0.33662681850460596,daily_252,252,,large
WFC,2023,0.3397095711912841,daily_252,251,,
WNEB,2016,0.14218325949464206,daily_252,252,,
WNEB,2017,0.20353843974279714,daily_252,252,,
WNEB,2018,0.2206996806830636,daily_252,251,,small
WNEB,2019,0.1835302261323666,daily_252,251,,small
WNEB,2020,0.2416916668649481,daily_252,252,,small
WNEB,2021,0.7638418083073238,daily_252,253,,small
WNEB,2022,0.31654231692446533,daily_252,252,,small
WNEB,2023,0.2945257469579628,daily_252,251,,
WSBC,2016,0.21557090922162084,daily_252,252,,small
WSBC,2017,0.21749726978112877,daily_252,252,,small
WSBC,2018,0.2297403205364822,daily_252,251,,small
WSBC,2019,0.21113074794165385,daily_252,251,,small
WSBC,2020,0.22327886060483854,daily_252,252,,small
WSBC,2021,0.5954779139026934,daily_252,253,,small
WSBC,2022,0.3204395925719785,daily_252,252,,small
WSBC,2023,0.2446048827161489,daily_252,251,,small
WSBF,2016,0.1397829863745966,daily_252,252,,
WSBF,2017,0.16494759668459674,daily_252,252,,
WSBF,2018,0.2156469832992565,daily_252,251,,
WSBF,2019,0.16667752075329229,daily_252,251,,
WSBF,2020,0.15853367751141778,daily_252,252,,
WSBF,2021,0.4141933279283645,daily_252,253,,small
WSBF,2022,0.18624834959635017,daily_252,252,,small
WSBF,2023,0.22841750493913476,daily_252,251,,
WSFS,2016,0.2208391454949733,daily_252,252,,small
WSFS,2017,0.26958523979393567,daily_252,252,,small
WSFS,2018,0.23729804833944104,daily_252,251,,small
WSFS,2019,0.25631892062933403,daily_252,251,,small
WSFS,2020,0.2294434845407719,daily_252,252,,small
WSFS,2021,0.6798268242795956,daily_252,253,,small
WSFS,2022,0.3400530728442244,daily_252,252,,small
WSFS,2023,0.3121271994385811,daily_252,251,,small
WTBA,2016,0.25810238485399634,daily_252,252,,
WTBA,2017,0.26989086967151715,daily_252,252,,small
WTBA,2018,0.23880221603826518,daily_252,251,,small
WTBA,2019,0.24024718574699444,daily_252,251,,small
WTBA,2020,0.2435447998484146,daily_252,252,,small
WTBA,2021,0.5721295896607146,daily_252,253,,small
WTBA,2022,0.2829281922876176,daily_252,252,,small
WTBA,2023,0.2749447049247645,daily_252,251,,small
WTFC,2016,0.22051048371437768,daily_252,252,,small
WTFC,2017,0.2766938244304992,daily_252,252,,small
WTFC,2018,0.2512774205952718,daily_252,251,,small
WTFC,2019,0.24668843847103586,daily_252,251,,small
WTFC,2020,0.2620419722756326,daily_252,252,,small
WTFC,2021,0.780267220656107,daily_252,253,,small
WTFC,2022,0.3325069933669653,daily_252,252,,small
WTFC,2023,0.32592733658798534,daily_252,251,,small
ZION,2016,0.27722056406582574,daily_252,252,,
ZION,2017,0.33474424812709613,daily_252,252,,
ZION,2018,0.22625846417730366,daily_252,251,,
ZION,2019,0.25028900046154323,daily_252,251,,small
ZION,2020,0.2520659965985808,daily_252,252,,small
ZION,2021,0.5900690592844725,daily_252,253,,small
ZION,2022,0.34937350128932065,daily_252,252,,small
ZION,2023,0.3811887314979723,daily_252,251,,
