symbol,year,equity_volatility,equity_volatility_note
SSB.N,2015,,number of return too low for equity vol
SSB.N,2016,0.22929139227718928,
SSB.N,2017,0.14523743145546492,
SSB.N,2018,0.2668053467667799,
SSB.N,2019,0.27268496563605493,
SSB.N,2020,0.4682960667612011,
SSB.N,2021,0.2784744815390993,
SSB.N,2022,0.2978218541350679,
SSB.N,2023,0.3495528686070689,
EBC.OQ,2020,0.3342737740978372,
EBC.OQ,2021,0.2591064666863433,
EBC.OQ,2022,0.22476321665604637,
EBC.OQ,2023,0.42918463082382846,
AUB.N,2015,,number of return too low for equity vol
AUB.N,2016,0.26729478132615925,
AUB.N,2017,0.21064699176439614,
AUB.N,2018,0.28868478397319614,
AUB.N,2019,0.2883792566935299,
AUB.N,2020,0.46120516069266937,
AUB.N,2021,0.2782857490686469,
AUB.N,2022,0.2349419714515804,
AUB.N,2023,0.42761450230862524,
FHB.OQ,2016,0.2500591773868733,
FHB.OQ,2017,0.2318343486113458,
FHB.OQ,2018,0.20361001199662493,
FHB.OQ,2019,0.17018503101483085,
FHB.OQ,2020,0.5636595596189276,
FHB.OQ,2021,0.24264853994755495,
FHB.OQ,2022,0.2808370304792546,
FHB.OQ,2023,0.4378791762572746,
MBIN.OQ,2017,0.013393853391504758,
MBIN.OQ,2018,0.3732830306750449,
MBIN.OQ,2019,0.38336972497053323,
MBIN.OQ,2020,0.36978962853024977,
MBIN.OQ,2021,0.32705224305564884,
MBIN.OQ,2022,0.34365903924853125,
MBIN.OQ,2023,0.46887442863300316,
RNST.N,2015,,number of return too low for equity vol
RNST.N,2016,0.27914743355817095,
RNST.N,2017,0.2040717883916833,
RNST.N,2018,0.29987746538364923,
RNST.N,2019,0.23393459094492447,
RNST.N,2020,0.5076461786371568,
RNST.N,2021,0.23261542474451286,
RNST.N,2022,0.41629755259587764,
RNST.N,2023,0.43243216680198665,
SFBS.N,2015,,number of return too low for equity vol
SFBS.N,2016,0.4368867723163213,
SFBS.N,2017,0.26861930699255876,
SFBS.N,2018,0.2658646425640532,
SFBS.N,2019,0.22238993309560076,
SFBS.N,2020,0.325431220931575,
SFBS.N,2021,0.2808893203503174,
SFBS.N,2022,0.2606216230577633,
SFBS.N,2023,0.7313428328578455,
FBK.N,2016,0.18035927324006948,
FBK.N,2017,0.2956882881493714,
FBK.N,2018,0.20689017698019244,
FBK.N,2019,0.24584998940061512,
FBK.N,2020,0.5359838105821274,
FBK.N,2021,0.24206395933062702,
FBK.N,2022,0.3050293604588953,
FBK.N,2023,0.4818695722793439,
LOB.N,2015,,number of return too low for equity vol
LOB.N,2016,0.2866652021226312,
LOB.N,2017,0.26651297172157884,
LOB.N,2018,0.40569262822500685,
LOB.N,2019,0.3676493186168081,
LOB.N,2020,0.6376206037914496,
LOB.N,2021,0.5967873786085549,
LOB.N,2022,0.38722471749172344,
LOB.N,2023,0.7704849644800027,
FFWM.N,2015,,number of return too low for equity vol
FFWM.N,2016,0.19636760989686375,
FFWM.N,2017,0.1873004706662423,
FFWM.N,2018,0.284005947779975,
FFWM.N,2019,0.2553593955169252,
FFWM.N,2020,0.6214865097386452,
FFWM.N,2021,0.22011606073984252,
FFWM.N,2022,0.2051136820187423,
FFWM.N,2023,1.4499927926504783,
STEL.N,2017,,number of return too low for equity vol
STEL.N,2018,0.2800268828157711,
STEL.N,2019,0.2331529190435606,
STEL.N,2020,0.5639678964200573,
STEL.N,2021,0.18791318497308357,
STEL.N,2022,0.2959111663438035,
STEL.N,2023,0.3424088003355917,
CLBK.OQ,2018,0.1966363293528327,
CLBK.OQ,2019,0.11724148069430887,
CLBK.OQ,2020,0.33409184594222013,
CLBK.OQ,2021,0.17984996007642046,
CLBK.OQ,2022,0.21868292268155343,
CLBK.OQ,2023,0.2964389954723452,
AMTB.N,2018,1.0632497146141846,
AMTB.N,2019,0.468557358570633,
AMTB.N,2020,0.6910159885375892,
AMTB.N,2021,0.4178964167464902,
AMTB.N,2022,0.3406938589851969,
AMTB.N,2023,0.44610101689829346,
OBK.N,2018,0.16566186765885202,
OBK.N,2019,0.1752490782753931,
OBK.N,2020,0.47986317346412394,
OBK.N,2021,0.27827609071874604,
OBK.N,2022,0.2684818484813978,
OBK.N,2023,0.29461457328603363,
BY.N,2017,0.17075612247375846,
BY.N,2018,0.23118044947251667,
BY.N,2019,0.24004633464082953,
BY.N,2020,0.5832104268938862,
BY.N,2021,0.24714917976098263,
BY.N,2022,0.27134315133326004,
BY.N,2023,0.38179194394679333,
NIC.N,2016,0.2831604844905305,
NIC.N,2017,0.144329046251377,
NIC.N,2018,0.08477621079310645,
NIC.N,2019,0.12344382905202625,
NIC.N,2020,0.2954972281451818,
NIC.N,2021,0.30858629371897567,
NIC.N,2022,0.2690477225269881,
NIC.N,2023,0.38741372148983244,
BFST.OQ,2018,0.22534686988145497,
BFST.OQ,2019,0.1258052175713076,
BFST.OQ,2020,0.5501876165792227,
BFST.OQ,2021,0.19204181491721628,
BFST.OQ,2022,0.2688590184234043,
BFST.OQ,2023,0.5184218801358303,
MSBI.OQ,2016,0.34715670610684707,
MSBI.OQ,2017,0.11500182262169545,
MSBI.OQ,2018,0.23576163193816915,
MSBI.OQ,2019,0.21493036877772956,
MSBI.OQ,2020,0.4236664641178058,
MSBI.OQ,2021,0.40003147601883066,
MSBI.OQ,2022,0.29122513818793616,
MSBI.OQ,2023,0.39470007260968054,
MCB.N,2017,,number of return too low for equity vol
MCB.N,2018,0.3047698181429855,
MCB.N,2019,0.31896361713445487,
MCB.N,2020,0.5292043353724863,
MCB.N,2021,0.38285576764757595,
MCB.N,2022,0.22036838771922485,
MCB.N,2023,0.8246565672334222,
HONE.OQ,2016,0.10725689352546548,
HONE.OQ,2017,0.22396535893800576,
HONE.OQ,2018,0.19331528811887394,
HONE.OQ,2019,0.15839698941156627,
HONE.OQ,2020,0.3828106966647779,
HONE.OQ,2021,0.1993516786359384,
HONE.OQ,2022,0.2214294992147779,
HONE.OQ,2023,0.4331196638592297,
EQBK.N,2015,,number of return too low for equity vol
EQBK.N,2016,0.27445018862131426,
EQBK.N,2017,0.17318825145252578,
EQBK.N,2018,0.16770744910528357,
EQBK.N,2019,0.2612081313705802,
EQBK.N,2020,0.5442308323920663,
EQBK.N,2021,0.2526712001726868,
EQBK.N,2022,0.31947224082215414,
EQBK.N,2023,0.4901497591453463,
SMBK.N,2015,,number of return too low for equity vol
SMBK.N,2016,0.3157770413679397,
SMBK.N,2017,0.16889405552721876,
SMBK.N,2018,0.2372491187493612,
SMBK.N,2019,0.20722535182956603,
SMBK.N,2020,0.3821373002012591,
SMBK.N,2021,0.1130273726979768,
SMBK.N,2022,0.27053393938169074,
SMBK.N,2023,0.3321539693056955,
ALRS.OQ,2019,0.0874496279314207,
ALRS.OQ,2020,0.33165539916968056,
ALRS.OQ,2021,0.2905303940708307,
ALRS.OQ,2022,0.15381090014024235,
ALRS.OQ,2023,0.4249627806757212,
BWB.OQ,2018,0.2523522124499347,
BWB.OQ,2019,0.17630582046409954,
BWB.OQ,2020,0.3493468350854064,
BWB.OQ,2021,0.2110972466247877,
BWB.OQ,2022,0.2346304321427787,
BWB.OQ,2023,0.5289287636380492,
HBT.OQ,2019,0.10670965377318423,
HBT.OQ,2020,0.5019159736434239,
HBT.OQ,2021,0.2288560139013734,
HBT.OQ,2022,0.17745192536008284,
HBT.OQ,2023,0.27947287756805256,
TCBX.OQ,2021,,number of return too low for equity vol
TCBX.OQ,2022,0.2828571042334534,
TCBX.OQ,2023,0.5065774468525844,
CARE.OQ,2019,0.17572975538546107,
CARE.OQ,2020,0.7505501976581705,
CARE.OQ,2021,0.4535068913965206,
CARE.OQ,2022,0.3334383078934069,
CARE.OQ,2023,0.4028932534623664,
HBIA.PK,2015,,number of return too low for equity vol
HBIA.PK,2016,0.03304160338498283,
HBIA.PK,2017,0.08754968674819279,
HBIA.PK,2018,0.08954009351266722,
HBIA.PK,2019,0.1123067867358453,
HBIA.PK,2020,0.06755397564286744,
HBIA.PK,2021,0.13187629707602655,
HBIA.PK,2022,0.031142926122779076,
HBIA.PK,2023,0.17126799367107642,
BFC.OQ,2018,0.08891522793442774,
BFC.OQ,2019,0.3452774083230247,
BFC.OQ,2020,0.3173300816688506,
BFC.OQ,2021,0.11447644877097343,
BFC.OQ,2022,0.18765622137161753,
BFC.OQ,2023,0.26884807864907717,
SPFI.OQ,2019,0.260831318440268,
SPFI.OQ,2020,0.5047114567443022,
SPFI.OQ,2021,0.21651976434871234,
SPFI.OQ,2022,0.2527920876816455,
SPFI.OQ,2023,0.3431846207501268,
CCB.OQ,2018,0.1308034878666336,
CCB.OQ,2019,0.21644751800703776,
CCB.OQ,2020,0.6770879109796165,
CCB.OQ,2021,0.4805117759812469,
CCB.OQ,2022,0.2677196906827136,
CCB.OQ,2023,0.4126395208677332,
FSBC.OQ,2021,0.2546137629080779,
FSBC.OQ,2022,0.21956779256317588,
FSBC.OQ,2023,0.4511017849254145,
RBB.OQ,2017,0.19032394371074932,
RBB.OQ,2018,0.32148933977124045,
RBB.OQ,2019,0.2743307596998694,
RBB.OQ,2020,0.38443639421099934,
RBB.OQ,2021,0.22597719754216242,
RBB.OQ,2022,0.22922108305417277,
RBB.OQ,2023,0.6614101669722454,
MCBS.OQ,2019,0.5902822373680909,
MCBS.OQ,2020,0.3927898607669401,
MCBS.OQ,2021,0.1806805522355249,
MCBS.OQ,2022,0.2216148164945817,
MCBS.OQ,2023,0.3750044832596437,
CWBC.OQ,2015,,number of return too low for equity vol
CWBC.OQ,2016,0.32699975460102854,
CWBC.OQ,2017,0.26901288043023014,
CWBC.OQ,2018,0.13137834112426902,
CWBC.OQ,2019,0.15225016306170813,
CWBC.OQ,2020,0.3851492243676586,
CWBC.OQ,2021,0.22893382086064368,
CWBC.OQ,2022,0.35956228774426996,
CWBC.OQ,2023,0.571777966619665,
FMAO.OQ,2017,0.22596853767462677,
FMAO.OQ,2018,0.2784450223363528,
FMAO.OQ,2019,0.23877109719893017,
FMAO.OQ,2020,0.23304082176559263,
FMAO.OQ,2021,0.26933535052705543,
FMAO.OQ,2022,0.29268095421019474,
FMAO.OQ,2023,0.43474277522923627,
EXSR.PK,2015,,number of return too low for equity vol
EXSR.PK,2016,0.25453555681910894,
EXSR.PK,2017,0.06453637675793525,
EXSR.PK,2018,0.1620721246399578,
EXSR.PK,2019,0.12984463553282638,
EXSR.PK,2020,0.39441717945481414,
EXSR.PK,2021,0.11522817600122012,
EXSR.PK,2022,0.200499687101772,
EXSR.PK,2023,0.19623838558948933,
CBNK.OQ,2018,0.4238639025586896,
CBNK.OQ,2019,0.16685351148719624,
CBNK.OQ,2020,0.34651464907078,
CBNK.OQ,2021,0.2682188915570266,
CBNK.OQ,2022,0.24437868559853534,
CBNK.OQ,2023,0.3091087365088707,
RRBI.OQ,2019,0.2806491412904769,
RRBI.OQ,2020,0.37983683073407465,
RRBI.OQ,2021,0.17799332564144918,
RRBI.OQ,2022,0.22803899324701377,
RRBI.OQ,2023,0.18843022334813775,
MVBF.OQ,2017,,number of return too low for equity vol
MVBF.OQ,2018,0.171198299480494,
MVBF.OQ,2019,0.24351594451788375,
MVBF.OQ,2020,0.4929425738743188,
MVBF.OQ,2021,0.5057744234743153,
MVBF.OQ,2022,0.2489533570108816,
MVBF.OQ,2023,0.5474162684368842,
GNTY.N,2017,0.20611740477746693,
GNTY.N,2018,0.17091255983215656,
GNTY.N,2019,0.12865671912856427,
GNTY.N,2020,0.3473496401414629,
GNTY.N,2021,0.26566930283007534,
GNTY.N,2022,0.1453066919354168,
GNTY.N,2023,0.3524616675018106,
PCB.OQ,2018,0.22235075994889256,
PCB.OQ,2019,0.11140235334341446,
PCB.OQ,2020,0.4313164557235125,
PCB.OQ,2021,0.2236751960457498,
PCB.OQ,2022,0.1444771896412268,
PCB.OQ,2023,0.34058675334440425,
PDLB.OQ,2017,0.46775844929231136,
PDLB.OQ,2018,0.16067167196420487,
PDLB.OQ,2019,0.09616259560659714,
PDLB.OQ,2020,0.45391597517259213,
PDLB.OQ,2021,0.3040994449924258,
PDLB.OQ,2022,0.14477536638544314,
PDLB.OQ,2023,0.3393279489571757,
CZFS.OQ,2022,0.23851741938099502,
CZFS.OQ,2023,0.3995983285249264,
MYFW.OQ,2018,0.361141675765014,
MYFW.OQ,2019,0.25043894220386564,
MYFW.OQ,2020,0.46197713631761805,
MYFW.OQ,2021,0.3929147672095471,
MYFW.OQ,2022,0.2853222401436467,
MYFW.OQ,2023,0.5640014458016019,
BRBS.A,2019,,number of return too low for equity vol
BRBS.A,2020,0.37281110387336014,
BRBS.A,2021,0.15965905490030194,
BRBS.A,2022,0.19185871906970464,
BRBS.A,2023,0.5249354013811678,
COFS.OQ,2020,0.3134846664508605,
COFS.OQ,2021,0.12439457618530854,
COFS.OQ,2022,0.356302683193909,
COFS.OQ,2023,0.5098851218511349,
BCML.OQ,2018,0.19298695205688354,
BCML.OQ,2019,0.15197715198046136,
BCML.OQ,2020,0.6587471827591608,
BCML.OQ,2021,0.20760769063856155,
BCML.OQ,2022,0.21326159135934208,
BCML.OQ,2023,0.33417563956263213,
FDBC.OQ,2017,0.06922650269573345,
FDBC.OQ,2018,0.32266630989005474,
FDBC.OQ,2019,0.28610108582945454,
FDBC.OQ,2020,0.5070178902840524,
FDBC.OQ,2021,0.32028093696315296,
FDBC.OQ,2022,0.30813128207934987,
FDBC.OQ,2023,0.42265648440899906,
OBT.OQ,2021,0.12335250485292995,
OBT.OQ,2022,0.2731516037842516,
OBT.OQ,2023,0.5363352733897485,
OPBK.OQ,2018,0.1527096462761856,
OPBK.OQ,2019,0.2108354160451435,
OPBK.OQ,2020,0.35606668174439954,
OPBK.OQ,2021,0.3661628270224142,
OPBK.OQ,2022,0.2482751438161102,
OPBK.OQ,2023,0.41867984542786396,
JMSB.OQ,2022,0.4565688213877675,
JMSB.OQ,2023,0.3705724938204072,
MNSB.OQ,2019,0.15596671917649033,
MNSB.OQ,2020,0.37383441040889936,
MNSB.OQ,2021,0.1700433368514981,
MNSB.OQ,2022,0.2833953930403956,
MNSB.OQ,2023,0.3743474645352267,
FVCB.OQ,2018,0.5613574259230443,
FVCB.OQ,2019,0.20590481871999644,
FVCB.OQ,2020,0.394183295238775,
FVCB.OQ,2021,0.14658680255380618,
FVCB.OQ,2022,0.13460766507097183,
FVCB.OQ,2023,0.4905249368855365,
FRAF.OQ,2019,0.2789345917358412,
FRAF.OQ,2020,0.43611007267760227,
FRAF.OQ,2021,0.17440605594513853,
FRAF.OQ,2022,0.2285996329248169,
FRAF.OQ,2023,0.24565876067153086,
BLFY.OQ,2021,0.11382371329897899,
BLFY.OQ,2022,0.17754089891704353,
BLFY.OQ,2023,0.3802867767193613,
OVLY.OQ,2015,,number of return too low for equity vol
OVLY.OQ,2016,0.1243228490830435,
OVLY.OQ,2017,0.2334875037175842,
OVLY.OQ,2018,0.24715177099781707,
OVLY.OQ,2019,0.2373397068121509,
OVLY.OQ,2020,0.5037811269592707,
OVLY.OQ,2021,0.12867867176801456,
OVLY.OQ,2022,0.22268048497148868,
OVLY.OQ,2023,0.32166969818482427,
ESQ.OQ,2017,0.15512616799770892,
ESQ.OQ,2018,0.208043263016436,
ESQ.OQ,2019,0.23951984052685582,
ESQ.OQ,2020,0.4751903598039484,
ESQ.OQ,2021,0.18147376124136733,
ESQ.OQ,2022,0.2909096224989676,
ESQ.OQ,2023,0.2590772549058241,
MBCN.OQ,2015,,number of return too low for equity vol
MBCN.OQ,2016,0.16286862683664913,
MBCN.OQ,2017,0.25839801317030436,
MBCN.OQ,2018,0.12327704291160843,
MBCN.OQ,2019,0.23948968694426423,
MBCN.OQ,2020,0.4763056485775515,
MBCN.OQ,2021,0.16434429782511445,
MBCN.OQ,2022,0.14063203828918078,
MBCN.OQ,2023,0.27353970165804253,
NKSH.OQ,2015,,number of return too low for equity vol
NKSH.OQ,2016,0.2548091942257968,
NKSH.OQ,2017,0.2657351867230444,
NKSH.OQ,2018,0.25766476233315105,
NKSH.OQ,2019,0.3163353401804834,
NKSH.OQ,2020,0.2844208315693587,
NKSH.OQ,2021,0.11471954755248542,
NKSH.OQ,2022,0.18127864150742673,
NKSH.OQ,2023,0.436906014435792,
BSVN.OQ,2018,0.694917328633496,
BSVN.OQ,2019,0.15550166895348935,
BSVN.OQ,2020,0.8060870902140113,
BSVN.OQ,2021,0.40340237811607027,
BSVN.OQ,2022,0.23439425315835333,
BSVN.OQ,2023,0.35489148866486436,
VABK.OQ,2021,0.26721421677572366,
VABK.OQ,2022,0.13547039477642453,
VABK.OQ,2023,0.3669615971203432,
RMBI.OQ,2019,0.15110543189217338,
RMBI.OQ,2020,0.36523491100535843,
RMBI.OQ,2021,0.07573757430742478,
RMBI.OQ,2022,0.15795377571698632,
RMBI.OQ,2023,0.3631031054535911,
CIZN.PK,2015,,number of return too low for equity vol
CIZN.PK,2016,0.11953016097301397,
CIZN.PK,2017,0.165891438252512,
CIZN.PK,2018,0.14962085691846064,
CIZN.PK,2019,0.1241719359399388,
CIZN.PK,2020,0.25166594447823537,
CIZN.PK,2021,0.12488137557840756,
CIZN.PK,2022,0.17133873928850143,
CIZN.PK,2023,0.4171995490406959,
FCAP.OQ,2015,,number of return too low for equity vol
FCAP.OQ,2016,0.1458791356197744,
FCAP.OQ,2017,0.12700227008467985,
FCAP.OQ,2018,0.3099617286936224,
FCAP.OQ,2019,0.2120629012523466,
FCAP.OQ,2020,0.4986992797041143,
FCAP.OQ,2021,0.08220152490808169,
FCAP.OQ,2022,0.3010843463580641,
FCAP.OQ,2023,0.4735406078181499,
ABCB.N,2015,,number of return too low for equity vol
ABCB.N,2016,0.30451477743558814,
ABCB.N,2017,0.21854299104155092,
ABCB.N,2018,0.3233038168146218,
ABCB.N,2019,0.3181401826369912,
ABCB.N,2020,0.5521408681769385,
ABCB.N,2021,0.28713803975728597,
ABCB.N,2022,0.3583866762332213,
ABCB.N,2023,0.5295449123231164,
ACNB.OQ,2015,,number of return too low for equity vol
ACNB.OQ,2016,0.17795464501065192,
ACNB.OQ,2017,0.21049065556349783,
ACNB.OQ,2018,0.21133255239563667,
ACNB.OQ,2019,0.2331131684507512,
ACNB.OQ,2020,0.351050694441641,
ACNB.OQ,2021,0.1768195896937339,
ACNB.OQ,2022,0.37390232271548,
ACNB.OQ,2023,0.3344273244380255,
AROW.OQ,2015,,number of return too low for equity vol
AROW.OQ,2016,0.2218337660486442,
AROW.OQ,2017,0.17481660303390556,
AROW.OQ,2018,0.16586378840302554,
AROW.OQ,2019,0.2072943232518679,
AROW.OQ,2020,0.26602588407628025,
AROW.OQ,2021,0.14533583167723998,
AROW.OQ,2022,0.28028031596577035,
AROW.OQ,2023,0.5055185639316617,
ASB.N,2015,,number of return too low for equity vol
ASB.N,2016,0.19993874154473337,
ASB.N,2017,0.19499564412833637,
ASB.N,2018,0.21316366956319943,
ASB.N,2019,0.26393941885512084,
ASB.N,2020,0.4061003603466611,
ASB.N,2021,0.20574844266772724,
ASB.N,2022,0.3370796088583103,
ASB.N,2023,0.462556337904254,
ATLO.OQ,2015,,number of return too low for equity vol
ATLO.OQ,2016,0.1843416732210947,
ATLO.OQ,2017,0.18181778435051615,
ATLO.OQ,2018,0.19238015608275186,
ATLO.OQ,2019,0.17601428237766692,
ATLO.OQ,2020,0.3945942962667329,
ATLO.OQ,2021,0.15581601658716573,
ATLO.OQ,2022,0.10444126505346592,
ATLO.OQ,2023,0.30064208599702447,
AUBN.OQ,2015,,number of return too low for equity vol
AUBN.OQ,2016,0.18656757216315067,
AUBN.OQ,2017,0.14802370703683243,
AUBN.OQ,2018,0.35122798023215634,
AUBN.OQ,2019,0.39049344226339067,
AUBN.OQ,2020,0.5380768191167822,
AUBN.OQ,2021,0.1555516468940082,
AUBN.OQ,2022,0.20693543825353447,
AUBN.OQ,2023,0.09815179133067418,
BAC.N,2015,,number of return too low for equity vol
BAC.N,2016,0.37677790014369633,
BAC.N,2017,0.17278931797187552,
BAC.N,2018,0.20552627562421158,
BAC.N,2019,0.27867369386553276,
BAC.N,2020,0.423451286095018,
BAC.N,2021,0.2749430043849742,
BAC.N,2022,0.37884974723247433,
BAC.N,2023,0.3398222230908158,
BANC.N,2015,,number of return too low for equity vol
BANC.N,2016,0.5428519688880935,
BANC.N,2017,0.3398415391108754,
BANC.N,2018,0.3036835837236334,
BANC.N,2019,0.39750945770107404,
BANC.N,2020,0.6810614437998548,
BANC.N,2021,0.17033785817948768,
BANC.N,2022,0.1698136636341439,
BANC.N,2023,0.49078573140505044,
BANF.OQ,2015,,number of return too low for equity vol
BANF.OQ,2016,0.20790383394906248,
BANF.OQ,2017,0.24656805591709255,
BANF.OQ,2018,0.18904589429618085,
BANF.OQ,2019,0.21056486687013712,
BANF.OQ,2020,0.5304197849163357,
BANF.OQ,2021,0.2750870704116353,
BANF.OQ,2022,0.3262661555655523,
BANF.OQ,2023,0.27050164716691344,
BANR.OQ,2015,,number of return too low for equity vol
BANR.OQ,2016,0.20261997121271277,
BANR.OQ,2017,0.18624570645302743,
BANR.OQ,2018,0.17765840985444892,
BANR.OQ,2019,0.27979060954001556,
BANR.OQ,2020,0.47020906714005034,
BANR.OQ,2021,0.22881082398007044,
BANR.OQ,2022,0.36811825899269907,
BANR.OQ,2023,0.3429067268726027,
BCBP.OQ,2015,,number of return too low for equity vol
BCBP.OQ,2016,0.12495560083707845,
BCBP.OQ,2017,0.19787792567426893,
BCBP.OQ,2018,0.15701853198612528,
BCBP.OQ,2019,0.23306165845143018,
BCBP.OQ,2020,0.3202492145692076,
BCBP.OQ,2021,0.2294354351456467,
BCBP.OQ,2022,0.3321380292161969,
BCBP.OQ,2023,0.41376921152036955,
BFIN.OQ,2015,,number of return too low for equity vol
BFIN.OQ,2016,0.1622071845162094,
BFIN.OQ,2017,0.1618846768480878,
BFIN.OQ,2018,0.18137629269641745,
BFIN.OQ,2019,0.2188164545764343,
BFIN.OQ,2020,0.35408671911720124,
BFIN.OQ,2021,0.1770362865339262,
BFIN.OQ,2022,0.14128327688736195,
BFIN.OQ,2023,0.31870787002673306,
BHB.A,2015,,number of return too low for equity vol
BHB.A,2016,0.24281968617741304,
BHB.A,2017,0.34296828941833013,
BHB.A,2018,0.19936197422764151,
BHB.A,2019,0.2859890979604726,
BHB.A,2020,0.32165563246834955,
BHB.A,2021,0.3433702908387146,
BHB.A,2022,0.2568859165485559,
BHB.A,2023,0.2829801861092493,
BHLB.N,2015,,number of return too low for equity vol
BHLB.N,2016,0.2096325578046168,
BHLB.N,2017,0.21807462677195963,
BHLB.N,2018,0.30355364200968094,
BHLB.N,2019,0.2899622622310627,
BHLB.N,2020,0.774486261201777,
BHLB.N,2021,0.344298464666007,
BHLB.N,2022,0.2796472001850977,
BHLB.N,2023,0.35230736652813366,
BKU.N,2015,,number of return too low for equity vol
BKU.N,2016,0.29679480652594903,
BKU.N,2017,0.19361612533127576,
BKU.N,2018,0.194918894044694,
BKU.N,2019,0.24026466520547157,
BKU.N,2020,0.5780405439478651,
BKU.N,2021,0.26893879122085645,
BKU.N,2022,0.31232661497481806,
BKU.N,2023,0.7451877363694616,
BMRC.OQ,2015,,number of return too low for equity vol
BMRC.OQ,2016,0.30482194619112113,
BMRC.OQ,2017,0.15456472704497803,
BMRC.OQ,2018,0.16421041375175954,
BMRC.OQ,2019,0.18354746379296913,
BMRC.OQ,2020,0.35804042595306534,
BMRC.OQ,2021,0.22737332648964032,
BMRC.OQ,2022,0.29382627894326846,
BMRC.OQ,2023,0.49799218283181285,
BOH.N,2015,,number of return too low for equity vol
BOH.N,2016,0.14617858105828646,
BOH.N,2017,0.15000546470080786,
BOH.N,2018,0.1799083185975772,
BOH.N,2019,0.17888309010512457,
BOH.N,2020,0.5634851592691535,
BOH.N,2021,0.17360948073381036,
BOH.N,2022,0.2032585824878546,
BOH.N,2023,0.6806897751992926,
BOKF.OQ,2015,,number of return too low for equity vol
BOKF.OQ,2016,0.18018005314815988,
BOKF.OQ,2017,0.1849732756774183,
BOKF.OQ,2018,0.21955088580273607,
BOKF.OQ,2019,0.29407224909524143,
BOKF.OQ,2020,0.5820673459395421,
BOKF.OQ,2021,0.22069644044213307,
BOKF.OQ,2022,0.3866615981086301,
BOKF.OQ,2023,0.40273519497538446,
BRKL.OQ,2015,,number of return too low for equity vol
BRKL.OQ,2016,0.21365829453891036,
BRKL.OQ,2017,0.16146749715892703,
BRKL.OQ,2018,0.19890069434148594,
BRKL.OQ,2019,0.20613613867802044,
BRKL.OQ,2020,0.38922243823442576,
BRKL.OQ,2021,0.22877608939689462,
BRKL.OQ,2022,0.2779508761264728,
BRKL.OQ,2023,0.4784823268616237,
BSRR.OQ,2015,,number of return too low for equity vol
BSRR.OQ,2016,0.34824145356476827,
BSRR.OQ,2017,0.23808284880434394,
BSRR.OQ,2018,0.20750015085854992,
BSRR.OQ,2019,0.2405495407763168,
BSRR.OQ,2020,0.4530510496283347,
BSRR.OQ,2021,0.2198080813418094,
BSRR.OQ,2022,0.22332966765318268,
BSRR.OQ,2023,0.4136206736753,
BUSE.OQ,2015,,number of return too low for equity vol
BUSE.OQ,2016,0.2306118402157297,
BUSE.OQ,2017,0.1608724498387331,
BUSE.OQ,2018,0.21290598939176172,
BUSE.OQ,2019,0.21563758575348638,
BUSE.OQ,2020,0.39861147469267894,
BUSE.OQ,2021,0.21418923848804114,
BUSE.OQ,2022,0.30402048803235754,
BUSE.OQ,2023,0.31988771254797604,
BWFG.OQ,2015,,number of return too low for equity vol
BWFG.OQ,2016,0.19251278599682395,
BWFG.OQ,2017,0.2451616549634928,
BWFG.OQ,2018,0.10341996464244259,
BWFG.OQ,2019,0.1491670284751325,
BWFG.OQ,2020,0.5843321810564638,
BWFG.OQ,2021,0.2862294243840119,
BWFG.OQ,2022,0.2040745852609647,
BWFG.OQ,2023,0.32212523885141797,
CAC.OQ,2015,,number of return too low for equity vol
CAC.OQ,2016,0.24941997780656147,
CAC.OQ,2017,0.21933817713488468,
CAC.OQ,2018,0.17771219809866998,
CAC.OQ,2019,0.21355312614603197,
CAC.OQ,2020,0.336537717584545,
CAC.OQ,2021,0.22656337375440658,
CAC.OQ,2022,0.1068574388378175,
CAC.OQ,2023,0.36605956588566335,
CADE.N,2015,,number of return too low for equity vol
CADE.N,2016,0.2819739526486701,
CADE.N,2017,0.18056866997861493,
CADE.N,2018,0.24856985601352166,
CADE.N,2019,0.2864278627568982,
CADE.N,2020,0.4540965192441852,
CADE.N,2021,0.2582719026923608,
CADE.N,2022,0.32196789009621635,
CADE.N,2023,0.513913172535762,
CATY.OQ,2015,,number of return too low for equity vol
CATY.OQ,2016,0.25211408171351174,
CATY.OQ,2017,0.22306850764419398,
CATY.OQ,2018,0.21711316026175762,
CATY.OQ,2019,0.2574776209120208,
CATY.OQ,2020,0.5179736680977558,
CATY.OQ,2021,0.171660398736584,
CATY.OQ,2022,0.3067200374578622,
CATY.OQ,2023,0.4273779486595824,
CBAN.N,2015,,number of return too low for equity vol
CBAN.N,2016,0.23935230901867033,
CBAN.N,2017,0.10342458049812363,
CBAN.N,2018,0.2577380039701296,
CBAN.N,2019,0.11292365221133947,
CBAN.N,2020,0.3278073547524725,
CBAN.N,2021,0.22556544067923975,
CBAN.N,2022,0.21108774832857716,
CBAN.N,2023,0.38729085181754375,
CBFV.OQ,2015,,number of return too low for equity vol
CBFV.OQ,2016,0.1445816701894546,
CBFV.OQ,2017,0.17256293849735574,
CBFV.OQ,2018,0.18187968278385527,
CBFV.OQ,2019,0.2021827075161815,
CBFV.OQ,2020,0.5299310964285392,
CBFV.OQ,2021,0.16359668605803987,
CBFV.OQ,2022,0.14543708665468152,
CBFV.OQ,2023,0.29344913831297953,
CBSH.OQ,2015,,number of return too low for equity vol
CBSH.OQ,2016,0.17919742571825328,
CBSH.OQ,2017,0.13656176714510063,
CBSH.OQ,2018,0.1885751957455002,
CBSH.OQ,2019,0.18667360345062825,
CBSH.OQ,2020,0.37174365056684294,
CBSH.OQ,2021,0.1485990002294929,
CBSH.OQ,2022,0.16141041980468884,
CBSH.OQ,2023,0.3325710611049614,
CBU.N,2015,,number of return too low for equity vol
CBU.N,2016,0.2204326374703715,
CBU.N,2017,0.15144183092932575,
CBU.N,2018,0.24156993786689854,
CBU.N,2019,0.24120590473652145,
CBU.N,2020,0.21747346319531088,
CBU.N,2021,0.20500694143925732,
CBU.N,2022,0.17613284225260847,
CBU.N,2023,0.38221118895553957,
CCBG.OQ,2015,,number of return too low for equity vol
CCBG.OQ,2016,0.29864289877886263,
CCBG.OQ,2017,0.2610660847878452,
CCBG.OQ,2018,0.2538856051961367,
CCBG.OQ,2019,0.22022774113935142,
CCBG.OQ,2020,0.39505815539546263,
CCBG.OQ,2021,0.20296809481065134,
CCBG.OQ,2022,0.26446657306480026,
CCBG.OQ,2023,0.28275677125130283,
CCNE.OQ,2015,,number of return too low for equity vol
CCNE.OQ,2016,0.2714876985699138,
CCNE.OQ,2017,0.30396503751631165,
CCNE.OQ,2018,0.24491410060306204,
CCNE.OQ,2019,0.3168832352451588,
CCNE.OQ,2020,0.43541143450057224,
CCNE.OQ,2021,0.17028138213280328,
CCNE.OQ,2022,0.19259829819793436,
CCNE.OQ,2023,0.34049823402993645,
CFFI.OQ,2015,,number of return too low for equity vol
CFFI.OQ,2016,0.21242988743515032,
CFFI.OQ,2017,0.24934709817639286,
CFFI.OQ,2018,0.3383472941739629,
CFFI.OQ,2019,0.27185685134298404,
CFFI.OQ,2020,0.35807351449763697,
CFFI.OQ,2021,0.22086587436149005,
CFFI.OQ,2022,0.19728669375667196,
CFFI.OQ,2023,0.2770770189554006,
CFG.N,2015,,number of return too low for equity vol
CFG.N,2016,0.38847962690925175,
CFG.N,2017,0.2325544950822598,
CFG.N,2018,0.19625838659470624,
CFG.N,2019,0.2987064933423179,
CFG.N,2020,0.5873881927268991,
CFG.N,2021,0.26355357766032883,
CFG.N,2022,0.3547720493050886,
CFG.N,2023,0.5652289538562353,
CFR.N,2015,,number of return too low for equity vol
CFR.N,2016,0.2182987346983589,
CFR.N,2017,0.1981909713730975,
CFR.N,2018,0.1920665663042441,
CFR.N,2019,0.23500495736507618,
CFR.N,2020,0.5379489230713136,
CFR.N,2021,0.22284144992013785,
CFR.N,2022,0.2785545108491289,
CFR.N,2023,0.32861030059652463,
CHCO.OQ,2015,,number of return too low for equity vol
CHCO.OQ,2016,0.23364056870191593,
CHCO.OQ,2017,0.23985104061411633,
CHCO.OQ,2018,0.18758579080793267,
CHCO.OQ,2019,0.1881020468181396,
CHCO.OQ,2020,0.21854445997355862,
CHCO.OQ,2021,0.16962993512054145,
CHCO.OQ,2022,0.21498055005350544,
CHCO.OQ,2023,0.24385872170934,
CHMG.OQ,2015,,number of return too low for equity vol
CHMG.OQ,2016,0.3109007247701476,
CHMG.OQ,2017,0.2129382534979991,
CHMG.OQ,2018,0.22395464755546624,
CHMG.OQ,2019,0.2455552501268836,
CHMG.OQ,2020,0.38786012352212385,
CHMG.OQ,2021,0.22976299473237458,
CHMG.OQ,2022,0.20515131792988808,
CHMG.OQ,2023,0.33679113433166824,
CIVB.OQ,2015,,number of return too low for equity vol
CIVB.OQ,2016,0.3580769621948227,
CIVB.OQ,2017,0.18880796750587736,
CIVB.OQ,2018,0.22565011893965617,
CIVB.OQ,2019,0.21612995527966827,
CIVB.OQ,2020,0.4139099460037284,
CIVB.OQ,2021,0.24674933779173236,
CIVB.OQ,2022,0.22708068188372768,
CIVB.OQ,2023,0.3968101242278078,
CMA.N,2015,,number of return too low for equity vol
CMA.N,2016,0.32873073079958676,
CMA.N,2017,0.1831213527881829,
CMA.N,2018,0.19345908776308565,
CMA.N,2019,0.3395328771172825,
CMA.N,2020,0.6163615915391655,
CMA.N,2021,0.2575102759152167,
CMA.N,2022,0.22261670037173809,
CMA.N,2023,0.6834805886854015,
CNOB.OQ,2015,,number of return too low for equity vol
CNOB.OQ,2016,0.3368314328214518,
CNOB.OQ,2017,0.1811638739704188,
CNOB.OQ,2018,0.14532995919399574,
CNOB.OQ,2019,0.2553206103960797,
CNOB.OQ,2020,0.5418275893997909,
CNOB.OQ,2021,0.2002549848494994,
CNOB.OQ,2022,0.2623151023119228,
CNOB.OQ,2023,0.593972108478855,
COLB.OQ,2015,,number of return too low for equity vol
COLB.OQ,2016,0.28044924023794654,
COLB.OQ,2017,0.22471462231207828,
COLB.OQ,2018,0.2105200015826783,
COLB.OQ,2019,0.3071485113209941,
COLB.OQ,2020,0.4683175663198134,
COLB.OQ,2021,0.26218682984180314,
COLB.OQ,2022,0.3170387190454889,
COLB.OQ,2023,0.43450443085104246,
CPF.N,2015,,number of return too low for equity vol
CPF.N,2016,0.19527204891556557,
CPF.N,2017,0.18413085652160746,
CPF.N,2018,0.18387470702468556,
CPF.N,2019,0.1472850986496754,
CPF.N,2020,0.5139291278037366,
CPF.N,2021,0.2489331489164986,
CPF.N,2022,0.23192134133469297,
CPF.N,2023,0.3895142066865888,
CTBI.OQ,2015,,number of return too low for equity vol
CTBI.OQ,2016,0.24561987248657213,
CTBI.OQ,2017,0.16743616908228914,
CTBI.OQ,2018,0.21784891111620033,
CTBI.OQ,2019,0.18994315358412486,
CTBI.OQ,2020,0.34806745830769953,
CTBI.OQ,2021,0.19500304431818175,
CTBI.OQ,2022,0.23191510563108314,
CTBI.OQ,2023,0.2652405873852481,
CUBI.N,2015,,number of return too low for equity vol
CUBI.N,2016,0.29064181534174927,
CUBI.N,2017,0.2899462167958923,
CUBI.N,2018,0.16773059324350276,
CUBI.N,2019,0.40329534765402186,
CUBI.N,2020,0.6913018815496875,
CUBI.N,2021,0.3081618161321787,
CUBI.N,2022,0.41681261984466933,
CUBI.N,2023,0.7829059291584916,
CVBF.OQ,2015,,number of return too low for equity vol
CVBF.OQ,2016,0.307266907530211,
CVBF.OQ,2017,0.259927979187471,
CVBF.OQ,2018,0.2013574762934087,
CVBF.OQ,2019,0.15224655931276096,
CVBF.OQ,2020,0.23043410712939363,
CVBF.OQ,2021,0.23474936563656246,
CVBF.OQ,2022,0.22923032094280174,
CVBF.OQ,2023,0.6743884233727095,
CZNC.OQ,2015,,number of return too low for equity vol
CZNC.OQ,2016,0.18438858735686572,
CZNC.OQ,2017,0.15532664799670615,
CZNC.OQ,2018,0.16031200098030476,
CZNC.OQ,2019,0.23767491608422522,
CZNC.OQ,2020,0.3194326077705255,
CZNC.OQ,2021,0.16936921119142345,
CZNC.OQ,2022,0.106171817280844,
CZNC.OQ,2023,0.30046100846216534,
DCOM.OQ,2015,,number of return too low for equity vol
DCOM.OQ,2016,0.28954595157431906,
DCOM.OQ,2017,0.17076381857224937,
DCOM.OQ,2018,0.228953453861357,
DCOM.OQ,2019,0.2667401068480824,
DCOM.OQ,2020,0.4649700925518558,
DCOM.OQ,2021,0.25029388145842213,
DCOM.OQ,2022,0.3291487684146695,
DCOM.OQ,2023,0.6380085004092948,
DFS.N^E25,2015,,number of return too low for equity vol
DFS.N^E25,2016,0.26260828563164157,
DFS.N^E25,2017,0.2147719210861602,
DFS.N^E25,2018,0.2510633108496166,
DFS.N^E25,2019,0.28439162838952664,
DFS.N^E25,2020,0.6559624406074825,
DFS.N^E25,2021,0.2770820917441032,
DFS.N^E25,2022,0.3278865288379828,
DFS.N^E25,2023,0.3991724615938072,
EBMT.OQ,2015,,number of return too low for equity vol
EBMT.OQ,2016,0.2985920586381752,
EBMT.OQ,2017,0.19514972559186336,
EBMT.OQ,2018,0.1681500652117479,
EBMT.OQ,2019,0.20931257834193023,
EBMT.OQ,2020,0.3191333723808308,
EBMT.OQ,2021,0.18925667896250145,
EBMT.OQ,2022,0.1215660683804888,
EBMT.OQ,2023,0.39240016403755035,
EBTC.OQ^G25,2015,,number of return too low for equity vol
EBTC.OQ^G25,2016,0.36764236960152613,
EBTC.OQ^G25,2017,0.32776397563347776,
EBTC.OQ^G25,2018,0.25229484095947424,
EBTC.OQ^G25,2019,0.2781894490408435,
EBTC.OQ^G25,2020,0.27461165868963255,
EBTC.OQ^G25,2021,0.21740086084321922,
EBTC.OQ^G25,2022,0.24011694367736064,
EBTC.OQ^G25,2023,0.3359082274304846,
EFSC.OQ,2015,,number of return too low for equity vol
EFSC.OQ,2016,0.20799811057691645,
EFSC.OQ,2017,0.16484514384448518,
EFSC.OQ,2018,0.29704697072315306,
EFSC.OQ,2019,0.20801249045864456,
EFSC.OQ,2020,0.42226479910098325,
EFSC.OQ,2021,0.28519461980625443,
EFSC.OQ,2022,0.32802323319955223,
EFSC.OQ,2023,0.31860539950098293,
EGBN.OQ,2015,,number of return too low for equity vol
EGBN.OQ,2016,0.24620431962187067,
EGBN.OQ,2017,0.2135970085725825,
EGBN.OQ,2018,0.29109153426020423,
EGBN.OQ,2019,0.38706136829248816,
EGBN.OQ,2020,0.47044196175284486,
EGBN.OQ,2021,0.1888609303554758,
EGBN.OQ,2022,0.16845540897393815,
EGBN.OQ,2023,0.7087843695958973,
EVBN.K^E25,2015,,number of return too low for equity vol
EVBN.K^E25,2016,0.2575774626198532,
EVBN.K^E25,2017,0.13009881585039826,
EVBN.K^E25,2018,0.2396100822551779,
EVBN.K^E25,2019,0.18445005643870435,
EVBN.K^E25,2020,0.5101551188634648,
EVBN.K^E25,2021,0.1386510384978257,
EVBN.K^E25,2022,0.1892381877216774,
EVBN.K^E25,2023,0.44170790341683314,
EWBC.OQ,2015,,number of return too low for equity vol
EWBC.OQ,2016,0.3276993136548159,
EWBC.OQ,2017,0.14895465021275742,
EWBC.OQ,2018,0.25804643697860713,
EWBC.OQ,2019,0.3497264591642758,
EWBC.OQ,2020,0.654468407985436,
EWBC.OQ,2021,0.22862501071375144,
EWBC.OQ,2022,0.2548590408235496,
EWBC.OQ,2023,0.4810718201420353,
FBIZ.OQ,2015,,number of return too low for equity vol
FBIZ.OQ,2016,0.3507144070489929,
FBIZ.OQ,2017,0.21672295560729232,
FBIZ.OQ,2018,0.19572586669760578,
FBIZ.OQ,2019,0.2235576193332817,
FBIZ.OQ,2020,0.4966553162432019,
FBIZ.OQ,2021,0.18236940909193564,
FBIZ.OQ,2022,0.25071079295049026,
FBIZ.OQ,2023,0.3590032576043483,
FBNC.OQ,2015,,number of return too low for equity vol
FBNC.OQ,2016,0.3306872792381136,
FBNC.OQ,2017,0.22592242567174634,
FBNC.OQ,2018,0.2819166183444426,
FBNC.OQ,2019,0.209756311055716,
FBNC.OQ,2020,0.5636667465818266,
FBNC.OQ,2021,0.2801455038954572,
FBNC.OQ,2022,0.345708394743436,
FBNC.OQ,2023,0.35798774260422644,
FCBC.OQ,2015,,number of return too low for equity vol
FCBC.OQ,2016,0.28200595063417927,
FCBC.OQ,2017,0.22876679316954718,
FCBC.OQ,2018,0.22440386634640028,
FCBC.OQ,2019,0.14766090552712544,
FCBC.OQ,2020,0.2778856858937489,
FCBC.OQ,2021,0.26690527691366306,
FCBC.OQ,2022,0.2599945730863067,
FCBC.OQ,2023,0.39508720439414247,
FCCO.OQ,2015,,number of return too low for equity vol
FCCO.OQ,2016,0.1788470338782298,
FCCO.OQ,2017,0.1981244684298137,
FCCO.OQ,2018,0.2663779743854528,
FCCO.OQ,2019,0.1872974196805365,
FCCO.OQ,2020,0.36540085969843417,
FCCO.OQ,2021,0.19084198012586692,
FCCO.OQ,2022,0.1985786994131584,
FCCO.OQ,2023,0.4010405978578671,
FCF.N,2015,,number of return too low for equity vol
FCF.N,2016,0.265089977219942,
FCF.N,2017,0.18286000366785918,
FCF.N,2018,0.2696814053655596,
FCF.N,2019,0.24264266022610675,
FCF.N,2020,0.40895229496925967,
FCF.N,2021,0.23822919916910115,
FCF.N,2022,0.2602111885273563,
FCF.N,2023,0.38531366971097414,
FCNCA.OQ,2015,,number of return too low for equity vol
FCNCA.OQ,2016,0.2561125644365347,
FCNCA.OQ,2017,0.24579747990707607,
FCNCA.OQ,2018,0.2661801179993448,
FCNCA.OQ,2019,0.2031086550698803,
FCNCA.OQ,2020,0.6788148475567545,
FCNCA.OQ,2021,0.33774636037256545,
FCNCA.OQ,2022,0.30199489224467624,
FCNCA.OQ,2023,0.4201853169252917,
FFBC.OQ,2015,,number of return too low for equity vol
FFBC.OQ,2016,0.25726731821146104,
FFBC.OQ,2017,0.23734911832476768,
FFBC.OQ,2018,0.25813779948093957,
FFBC.OQ,2019,0.26476169838248825,
FFBC.OQ,2020,0.4776314367798222,
FFBC.OQ,2021,0.2737904814848682,
FFBC.OQ,2022,0.3655687402816401,
FFBC.OQ,2023,0.350338620450832,
FFIC.OQ,2015,,number of return too low for equity vol
FFIC.OQ,2016,0.3404560573507384,
FFIC.OQ,2017,0.1853995938594289,
FFIC.OQ,2018,0.14626213332388474,
FFIC.OQ,2019,0.1951829322549335,
FFIC.OQ,2020,0.4972239119616216,
FFIC.OQ,2021,0.20248569362730245,
FFIC.OQ,2022,0.1815665551815174,
FFIC.OQ,2023,0.5423503740601601,
FFIN.OQ,2015,,number of return too low for equity vol
FFIN.OQ,2016,0.2185400163818267,
FFIN.OQ,2017,0.27037713589447715,
FFIN.OQ,2018,0.24142206997402285,
FFIN.OQ,2019,0.24252176198444364,
FFIN.OQ,2020,0.2936702219864797,
FFIN.OQ,2021,0.22461365625045218,
FFIN.OQ,2022,0.22266601356086604,
FFIN.OQ,2023,0.3973760461735721,
FGBI.OQ,2015,,number of return too low for equity vol
FGBI.OQ,2016,0.26083001032682646,
FGBI.OQ,2017,0.1532170260399441,
FGBI.OQ,2018,0.17159579993221566,
FGBI.OQ,2019,0.284810967488749,
FGBI.OQ,2020,0.3886235404925457,
FGBI.OQ,2021,0.17093445179306352,
FGBI.OQ,2022,0.41219134422620796,
FGBI.OQ,2023,0.4255847184978803,
FHN.N,2015,,number of return too low for equity vol
FHN.N,2016,0.278369933617135,
FHN.N,2017,0.18096667649298928,
FHN.N,2018,0.22266204961165395,
FHN.N,2019,0.2624893983222708,
FHN.N,2020,0.5517688284086844,
FHN.N,2021,0.27440204186013056,
FHN.N,2022,0.3997278782277066,
FHN.N,2023,0.6588165259941541,
FISI.OQ,2015,,number of return too low for equity vol
FISI.OQ,2016,0.23376440138600416,
FISI.OQ,2017,0.22717650805580167,
FISI.OQ,2018,0.21314045662333503,
FISI.OQ,2019,0.21625532104176712,
FISI.OQ,2020,0.570152957092013,
FISI.OQ,2021,0.2617688573108737,
FISI.OQ,2022,0.15595721852778435,
FISI.OQ,2023,0.47960393445572636,
FITB.OQ,2015,,number of return too low for equity vol
FITB.OQ,2016,0.24315496848914672,
FITB.OQ,2017,0.1806116969733845,
FITB.OQ,2018,0.20503037624242712,
FITB.OQ,2019,0.2641746375143506,
FITB.OQ,2020,0.5669407800014172,
FITB.OQ,2021,0.2762757113584377,
FITB.OQ,2022,0.3051487306099924,
FITB.OQ,2023,0.48272925051310095,
FLG.N,2015,,number of return too low for equity vol
FLG.N,2016,0.18986630370266241,
FLG.N,2017,0.175688792647343,
FLG.N,2018,0.20047725858282,
FLG.N,2019,0.2898903500536604,
FLG.N,2020,0.3662149134313764,
FLG.N,2021,0.23895971680586525,
FLG.N,2022,0.33976829135994624,
FLG.N,2023,0.4429626957905805,
FLIC.O^F25,2015,,number of return too low for equity vol
FLIC.O^F25,2016,0.2668576063009235,
FLIC.O^F25,2017,0.1920824194495941,
FLIC.O^F25,2018,0.17530776627747943,
FLIC.O^F25,2019,0.23441609180601344,
FLIC.O^F25,2020,0.2788522062343562,
FLIC.O^F25,2021,0.21014419885734698,
FLIC.O^F25,2022,0.2997357215505318,
FLIC.O^F25,2023,0.47049329946927,
FMBH.O,2015,,number of return too low for equity vol
FMBH.O,2016,0.23452499680397268,
FMBH.O,2017,0.17048880727605048,
FMBH.O,2018,0.23101538118058562,
FMBH.O,2019,0.1587683284819607,
FMBH.O,2020,0.358828104315794,
FMBH.O,2021,0.249381822349584,
FMBH.O,2022,0.22688547322919392,
FMBH.O,2023,0.4070747573940151,
FMNB.OQ,2015,,number of return too low for equity vol
FMNB.OQ,2016,0.24943949340169444,
FMNB.OQ,2017,0.19600558454477393,
FMNB.OQ,2018,0.24457770083943955,
FMNB.OQ,2019,0.24482907044972416,
FMNB.OQ,2020,0.33048115289965774,
FMNB.OQ,2021,0.2852261237400047,
FMNB.OQ,2022,0.21264960802504915,
FMNB.OQ,2023,0.3214851184261025,
FNB.N,2015,,number of return too low for equity vol
FNB.N,2016,0.216748683068959,
FNB.N,2017,0.21465795107887717,
FNB.N,2018,0.23327418211982576,
FNB.N,2019,0.2989953114529305,
FNB.N,2020,0.4426084223909684,
FNB.N,2021,0.2583833253833727,
FNB.N,2022,0.35310555128663895,
FNB.N,2023,0.3513476164531733,
FNLC.OQ,2015,,number of return too low for equity vol
FNLC.OQ,2016,0.2488404017852236,
FNLC.OQ,2017,0.25544007923047696,
FNLC.OQ,2018,0.1542499868885345,
FNLC.OQ,2019,0.17818801889632552,
FNLC.OQ,2020,0.2609637954935137,
FNLC.OQ,2021,0.21299890544230995,
FNLC.OQ,2022,0.20221095060803718,
FNLC.OQ,2023,0.25173573200340243,
FNWB.OQ,2015,,number of return too low for equity vol
FNWB.OQ,2016,0.10956152051365962,
FNWB.OQ,2017,0.17675940536586607,
FNWB.OQ,2018,0.16898236003276815,
FNWB.OQ,2019,0.11983357612192275,
FNWB.OQ,2020,0.599958802000833,
FNWB.OQ,2021,0.2360112486347803,
FNWB.OQ,2022,0.24159283691747566,
FNWB.OQ,2023,0.3883998353291779,
FRBA.OQ,2015,,number of return too low for equity vol
FRBA.OQ,2016,0.21550024598950218,
FRBA.OQ,2017,0.3197717076709418,
FRBA.OQ,2018,0.14977597170845813,
FRBA.OQ,2019,0.12054316637810923,
FRBA.OQ,2020,0.5297117645676346,
FRBA.OQ,2021,0.23565345165297447,
FRBA.OQ,2022,0.24102758588143994,
FRBA.OQ,2023,0.4582041376028449,
FRBKQ.PK,2015,,number of return too low for equity vol
FRBKQ.PK,2016,0.6885279964077375,
FRBKQ.PK,2017,0.19670237233663995,
FRBKQ.PK,2018,0.2918678373106673,
FRBKQ.PK,2019,0.26585236858275285,
FRBKQ.PK,2020,0.6238262076821025,
FRBKQ.PK,2021,0.36273629680181485,
FRBKQ.PK,2022,0.3668733104533356,
FRBKQ.PK,2023,1.3847659434417323,
FRCB.PK,2015,,number of return too low for equity vol
FRCB.PK,2016,0.2297724425959237,
FRCB.PK,2017,0.18282311631240986,
FRCB.PK,2018,0.2125404190326929,
FRCB.PK,2019,0.23446535367987645,
FRCB.PK,2020,0.4264502051612682,
FRCB.PK,2021,0.211065762736753,
FRCB.PK,2022,0.2696793238263326,
FRCB.PK,2023,3.099307343146505,
FRME.OQ,2015,,number of return too low for equity vol
FRME.OQ,2016,0.2509787137090594,
FRME.OQ,2017,0.14566578339556852,
FRME.OQ,2018,0.23899784404307925,
FRME.OQ,2019,0.2713066567806288,
FRME.OQ,2020,0.5018922826220419,
FRME.OQ,2021,0.21518112610400233,
FRME.OQ,2022,0.32568180009139247,
FRME.OQ,2023,0.42895815956060007,
FRST.OQ,2015,,number of return too low for equity vol
FRST.OQ,2016,0.23363947938418161,
FRST.OQ,2017,0.16586311436856607,
FRST.OQ,2018,0.24291253460575588,
FRST.OQ,2019,0.21272952889905267,
FRST.OQ,2020,0.43888580457729537,
FRST.OQ,2021,0.2026909372708468,
FRST.OQ,2022,0.12185504186816296,
FRST.OQ,2023,0.5004940301063159,
FSBW.OQ,2015,,number of return too low for equity vol
FSBW.OQ,2016,0.16381435240817355,
FSBW.OQ,2017,0.23801929972250546,
FSBW.OQ,2018,0.2833233038688268,
FSBW.OQ,2019,0.2197497860912029,
FSBW.OQ,2020,0.4325222768440381,
FSBW.OQ,2021,0.19340277584992688,
FSBW.OQ,2022,0.2557182728129563,
FSBW.OQ,2023,0.32147181718984147,
FULT.OQ,2015,,number of return too low for equity vol
FULT.OQ,2016,0.21688602756016676,
FULT.OQ,2017,0.20042463983088551,
FULT.OQ,2018,0.21673603060585325,
FULT.OQ,2019,0.23122167789838918,
FULT.OQ,2020,0.3718649827014863,
FULT.OQ,2021,0.23966036175570601,
FULT.OQ,2022,0.3138285806081585,
FULT.OQ,2023,0.4358993132229917,
FUNC.OQ,2015,,number of return too low for equity vol
FUNC.OQ,2016,0.33525905968160763,
FUNC.OQ,2017,0.11167377817383096,
FUNC.OQ,2018,0.2434932317761367,
FUNC.OQ,2019,0.1595807043928256,
FUNC.OQ,2020,0.5519090485838267,
FUNC.OQ,2021,0.20593189046130245,
FUNC.OQ,2022,0.33517131618820895,
FUNC.OQ,2023,0.47062269995973444,
GABC.OQ,2015,,number of return too low for equity vol
GABC.OQ,2016,0.2398148796281458,
GABC.OQ,2017,0.2709571059814215,
GABC.OQ,2018,0.19811149963812424,
GABC.OQ,2019,0.16804330894824182,
GABC.OQ,2020,0.26292505199319405,
GABC.OQ,2021,0.2967366593912939,
GABC.OQ,2022,0.2528583502838952,
GABC.OQ,2023,0.29165647023896907,
GBCI.N,2015,,number of return too low for equity vol
GBCI.N,2016,0.24376157128246323,
GBCI.N,2017,0.2591829273298491,
GBCI.N,2018,0.2731096260701888,
GBCI.N,2019,0.18453441530857098,
GBCI.N,2020,0.3776468793000103,
GBCI.N,2021,0.21348084527192313,
GBCI.N,2022,0.3062942579715325,
GBCI.N,2023,0.4415940438814385,
GSBC.OQ,2015,,number of return too low for equity vol
GSBC.OQ,2016,0.2627725786114138,
GSBC.OQ,2017,0.18550041109611654,
GSBC.OQ,2018,0.226835399863151,
GSBC.OQ,2019,0.22124707710719582,
GSBC.OQ,2020,0.3712160544659639,
GSBC.OQ,2021,0.14766307270789247,
GSBC.OQ,2022,0.16745142689181183,
GSBC.OQ,2023,0.2875832955246204,
HAFC.OQ,2015,,number of return too low for equity vol
HAFC.OQ,2016,0.28398411482731384,
HAFC.OQ,2017,0.25473266539300154,
HAFC.OQ,2018,0.2837736963719194,
HAFC.OQ,2019,0.3061634730597076,
HAFC.OQ,2020,0.5358866101006997,
HAFC.OQ,2021,0.3102432499146889,
HAFC.OQ,2022,0.24867390053202426,
HAFC.OQ,2023,0.5091065806455323,
HBAN.OQ,2015,,number of return too low for equity vol
HBAN.OQ,2016,0.270202268001185,
HBAN.OQ,2017,0.18752038827482556,
HBAN.OQ,2018,0.22404617635474425,
HBAN.OQ,2019,0.27110550429920977,
HBAN.OQ,2020,0.46923671107660825,
HBAN.OQ,2021,0.2477046251222718,
HBAN.OQ,2022,0.3056652904111569,
HBAN.OQ,2023,0.4395164439817945,
HBCP.OQ,2015,,number of return too low for equity vol
HBCP.OQ,2016,0.23652375066074696,
HBCP.OQ,2017,0.2831565871243332,
HBCP.OQ,2018,0.15544360897057397,
HBCP.OQ,2019,0.16828807800600792,
HBCP.OQ,2020,0.38537785551883474,
HBCP.OQ,2021,0.22652411834865965,
HBCP.OQ,2022,0.224115908970729,
HBCP.OQ,2023,0.3124654051677972,
HBNC.OQ,2015,,number of return too low for equity vol
HBNC.OQ,2016,0.2985287474961094,
HBNC.OQ,2017,0.1604419661856745,
HBNC.OQ,2018,0.2433157158098489,
HBNC.OQ,2019,0.208446696618578,
HBNC.OQ,2020,0.5761148711130306,
HBNC.OQ,2021,0.18615565007602702,
HBNC.OQ,2022,0.2667059851325319,
HBNC.OQ,2023,0.6111653322719303,
HFWA.OQ,2015,,number of return too low for equity vol
HFWA.OQ,2016,0.3012165860011033,
HFWA.OQ,2017,0.24470237968816055,
HFWA.OQ,2018,0.24861913597684335,
HFWA.OQ,2019,0.18438398512348456,
HFWA.OQ,2020,0.3056555722672499,
HFWA.OQ,2021,0.23722300099998622,
HFWA.OQ,2022,0.3307185476151743,
HFWA.OQ,2023,0.4542146190738356,
HIFS.OQ,2015,,number of return too low for equity vol
HIFS.OQ,2016,0.2721937953051414,
HIFS.OQ,2017,0.2382966190090202,
HIFS.OQ,2018,0.20805449611341584,
HIFS.OQ,2019,0.24138453192379317,
HIFS.OQ,2020,0.3254505002062759,
HIFS.OQ,2021,0.19612904666802058,
HIFS.OQ,2022,0.31163174122998133,
HIFS.OQ,2023,0.4491552338779002,
HMST.OQ,2015,,number of return too low for equity vol
HMST.OQ,2016,0.24890977376685472,
HMST.OQ,2017,0.18254618273684106,
HMST.OQ,2018,0.28922029365086893,
HMST.OQ,2019,0.2342694969564249,
HMST.OQ,2020,0.4092721802940813,
HMST.OQ,2021,0.3140516991943099,
HMST.OQ,2022,0.30575105192043167,
HMST.OQ,2023,1.3161626201302212,
HOMB.N,2015,,number of return too low for equity vol
HOMB.N,2016,0.30448594480610014,
HOMB.N,2017,0.22501149974031698,
HOMB.N,2018,0.22453847642353522,
HOMB.N,2019,0.2576253080950589,
HOMB.N,2020,0.5049596169272702,
HOMB.N,2021,0.2882791956629021,
HOMB.N,2022,0.2695026282675945,
HOMB.N,2023,0.25999653653202087,
HOPE.OQ,2015,,number of return too low for equity vol
HOPE.OQ,2016,0.32047872073028644,
HOPE.OQ,2017,0.22426063111886888,
HOPE.OQ,2018,0.27509561206431765,
HOPE.OQ,2019,0.23817960263108115,
HOPE.OQ,2020,0.5402355093805452,
HOPE.OQ,2021,0.26530183557366344,
HOPE.OQ,2022,0.23670395233314406,
HOPE.OQ,2023,0.5451902960394677,
HTBK.OQ,2015,,number of return too low for equity vol
HTBK.OQ,2016,0.25447656024714405,
HTBK.OQ,2017,0.15951300453847578,
HTBK.OQ,2018,0.2545129453768367,
HTBK.OQ,2019,0.19639775965799225,
HTBK.OQ,2020,0.4385817183362345,
HTBK.OQ,2021,0.3470759101745705,
HTBK.OQ,2022,0.3411143241798353,
HTBK.OQ,2023,0.49348127152579396,
HTH.N,2015,,number of return too low for equity vol
HTH.N,2016,0.15721586027076506,
HTH.N,2017,0.2239685373534297,
HTH.N,2018,0.12809335794024096,
HTH.N,2019,0.20040264908875366,
HTH.N,2020,0.48074084261766903,
HTH.N,2021,0.22713168182991275,
HTH.N,2022,0.36902241950440057,
HTH.N,2023,0.28442485436471543,
HWBK.OQ,2015,,number of return too low for equity vol
HWBK.OQ,2016,0.18717487460796278,
HWBK.OQ,2017,0.16506177092539592,
HWBK.OQ,2018,0.14436414560704877,
HWBK.OQ,2019,0.22617357223340145,
HWBK.OQ,2020,0.3448903332107902,
HWBK.OQ,2021,0.14617208376538912,
HWBK.OQ,2022,0.16498828787636094,
HWBK.OQ,2023,0.40946995327194236,
HWC.OQ,2015,,number of return too low for equity vol
HWC.OQ,2016,0.29999374842074095,
HWC.OQ,2017,0.1796899629702005,
HWC.OQ,2018,0.2262408862190117,
HWC.OQ,2019,0.30535053600138534,
HWC.OQ,2020,0.6614962747139161,
HWC.OQ,2021,0.2289108023918456,
HWC.OQ,2022,0.3625213087135124,
HWC.OQ,2023,0.4691496415747537,
IBCP.OQ,2015,,number of return too low for equity vol
IBCP.OQ,2016,0.20787814368305854,
IBCP.OQ,2017,0.20054929977886146,
IBCP.OQ,2018,0.16845709875783954,
IBCP.OQ,2019,0.199775733789378,
IBCP.OQ,2020,0.5461736055723696,
IBCP.OQ,2021,0.22274306291834686,
IBCP.OQ,2022,0.30920156941663984,
IBCP.OQ,2023,0.426930573382393,
IBOC.OQ,2015,,number of return too low for equity vol
IBOC.OQ,2016,0.2909403855323811,
IBOC.OQ,2017,0.21821945551441532,
IBOC.OQ,2018,0.23678933235744462,
IBOC.OQ,2019,0.2729119802902228,
IBOC.OQ,2020,0.4463994863439801,
IBOC.OQ,2021,0.2349485693338561,
IBOC.OQ,2022,0.2863725328384029,
IBOC.OQ,2023,0.3172784894407838,
INBK.OQ,2015,,number of return too low for equity vol
INBK.OQ,2016,0.2658691054360583,
INBK.OQ,2017,0.31947093810603755,
INBK.OQ,2018,0.22300665137470532,
INBK.OQ,2019,0.24858963653309124,
INBK.OQ,2020,0.6811567704375358,
INBK.OQ,2021,0.330886082943749,
INBK.OQ,2022,0.265038950363246,
INBK.OQ,2023,0.8954476806945384,
INDB.OQ,2015,,number of return too low for equity vol
INDB.OQ,2016,0.24137089823915703,
INDB.OQ,2017,0.18357270351705232,
INDB.OQ,2018,0.2533872486817098,
INDB.OQ,2019,0.29673951075412014,
INDB.OQ,2020,0.35427442796158787,
INDB.OQ,2021,0.25301903966319333,
INDB.OQ,2022,0.26444186886828935,
INDB.OQ,2023,0.5935274245897094,
ISTR.OQ,2015,,number of return too low for equity vol
ISTR.OQ,2016,0.16442474203869903,
ISTR.OQ,2017,0.16355190952414983,
ISTR.OQ,2018,0.1356193590237488,
ISTR.OQ,2019,0.13109674860216625,
ISTR.OQ,2020,0.5148867779880851,
ISTR.OQ,2021,0.2958155118144049,
ISTR.OQ,2022,0.20909133127512758,
ISTR.OQ,2023,0.6882412023341729,
JPM.N,2015,,number of return too low for equity vol
JPM.N,2016,0.20673474225262145,
JPM.N,2017,0.16910926583452066,
JPM.N,2018,0.18503983028130322,
JPM.N,2019,0.22700575912927065,
JPM.N,2020,0.3824752119105977,
JPM.N,2021,0.20325347206181604,
JPM.N,2022,0.36687438049678606,
JPM.N,2023,0.24787988589209983,
KEY.N,2015,,number of return too low for equity vol
KEY.N,2016,0.3476322885716864,
KEY.N,2017,0.18865335231847408,
KEY.N,2018,0.243962662395489,
KEY.N,2019,0.2886484037708032,
KEY.N,2020,0.5089738067336731,
KEY.N,2021,0.27794577581685176,
KEY.N,2022,0.30275503557621175,
KEY.N,2023,0.6321056750899198,
LARK.OQ,2015,,number of return too low for equity vol
LARK.OQ,2016,0.08772453235886794,
LARK.OQ,2017,0.11359877483576236,
LARK.OQ,2018,0.11617419973949453,
LARK.OQ,2019,0.16636104018689873,
LARK.OQ,2020,0.3213225981386541,
LARK.OQ,2021,0.16269601281651172,
LARK.OQ,2022,0.10860033689260866,
LARK.OQ,2023,0.3182773040946607,
LCNB.OQ,2015,,number of return too low for equity vol
LCNB.OQ,2016,0.291004028545158,
LCNB.OQ,2017,0.25867381744549345,
LCNB.OQ,2018,0.14586363955082318,
LCNB.OQ,2019,0.17777214150565374,
LCNB.OQ,2020,0.4320565484540124,
LCNB.OQ,2021,0.19545159625750916,
LCNB.OQ,2022,0.20614060538621068,
LCNB.OQ,2023,0.35098198614470383,
LKFN.OQ,2015,,number of return too low for equity vol
LKFN.OQ,2016,0.20455884469648097,
LKFN.OQ,2017,0.216729122169531,
LKFN.OQ,2018,0.20611350337994588,
LKFN.OQ,2019,0.20637534113259498,
LKFN.OQ,2020,0.3980444738349415,
LKFN.OQ,2021,0.26177126518851557,
LKFN.OQ,2022,0.29334904737032225,
LKFN.OQ,2023,0.39989451721437463,
MBWM.OQ,2015,,number of return too low for equity vol
MBWM.OQ,2016,0.24251961045271775,
MBWM.OQ,2017,0.20725148286625972,
MBWM.OQ,2018,0.15696184420149578,
MBWM.OQ,2019,0.2038617905226271,
MBWM.OQ,2020,0.49621706027273044,
MBWM.OQ,2021,0.17458931885775328,
MBWM.OQ,2022,0.30680469748306705,
MBWM.OQ,2023,0.4138179796471346,
MFIN.OQ,2015,,number of return too low for equity vol
MFIN.OQ,2016,0.5970954824407113,
MFIN.OQ,2017,0.5465979417017801,
MFIN.OQ,2018,0.4967907130176666,
MFIN.OQ,2019,0.6155284496395307,
MFIN.OQ,2020,1.529743669597971,
MFIN.OQ,2021,0.41663765363217464,
MFIN.OQ,2022,0.37803849093850045,
MFIN.OQ,2023,0.6318211467703285,
MOFG.OQ,2015,,number of return too low for equity vol
MOFG.OQ,2016,0.2267627380743786,
MOFG.OQ,2017,0.1431603386356207,
MOFG.OQ,2018,0.22049357095069547,
MOFG.OQ,2019,0.2544145859867478,
MOFG.OQ,2020,0.4228592706602424,
MOFG.OQ,2021,0.20650033505349308,
MOFG.OQ,2022,0.3457083067532935,
MOFG.OQ,2023,0.49736442480721726,
MPB.OQ,2015,,number of return too low for equity vol
MPB.OQ,2016,0.24825901966590952,
MPB.OQ,2017,0.23154715054678987,
MPB.OQ,2018,0.2261604000070547,
MPB.OQ,2019,0.14959906429872613,
MPB.OQ,2020,0.3206758248078472,
MPB.OQ,2021,0.2022350070698532,
MPB.OQ,2022,0.2710978549402994,
MPB.OQ,2023,0.34892970449799593,
MTB.N,2015,,number of return too low for equity vol
MTB.N,2016,0.23546850655265184,
MTB.N,2017,0.1745776874649497,
MTB.N,2018,0.18172653345487066,
MTB.N,2019,0.24358891484754674,
MTB.N,2020,0.4337211084870293,
MTB.N,2021,0.22775341055441897,
MTB.N,2022,0.2837841864382943,
MTB.N,2023,0.3843339512148829,
NBHC.N,2015,,number of return too low for equity vol
NBHC.N,2016,0.28680129022985,
NBHC.N,2017,0.20560833189552977,
NBHC.N,2018,0.291286985608961,
NBHC.N,2019,0.28269596341519876,
NBHC.N,2020,0.3446469913472154,
NBHC.N,2021,0.2228087980275033,
NBHC.N,2022,0.3410951512741947,
NBHC.N,2023,0.3521971415583777,
NBTB.OQ,2015,,number of return too low for equity vol
NBTB.OQ,2016,0.15870449459061695,
NBTB.OQ,2017,0.228767029888235,
NBTB.OQ,2018,0.19459845896978148,
NBTB.OQ,2019,0.2129806771896949,
NBTB.OQ,2020,0.23392814626024097,
NBTB.OQ,2021,0.19986029255325238,
NBTB.OQ,2022,0.3087476727612042,
NBTB.OQ,2023,0.36964748455325935,
NFBK.OQ,2015,,number of return too low for equity vol
NFBK.OQ,2016,0.17785534654476182,
NFBK.OQ,2017,0.18091354107975194,
NFBK.OQ,2018,0.22211950714847775,
NFBK.OQ,2019,0.13910988533058785,
NFBK.OQ,2020,0.3804833089780836,
NFBK.OQ,2021,0.21540111224564062,
NFBK.OQ,2022,0.24051780216969562,
NFBK.OQ,2023,0.5148791424744544,
NRIM.OQ,2015,,number of return too low for equity vol
NRIM.OQ,2016,0.2517915324662971,
NRIM.OQ,2017,0.30267912536144304,
NRIM.OQ,2018,0.2519252655407766,
NRIM.OQ,2019,0.2579396807930104,
NRIM.OQ,2020,0.42801383766244006,
NRIM.OQ,2021,0.26525172721833473,
NRIM.OQ,2022,0.2615310414673892,
NRIM.OQ,2023,0.5110883015305968,
NWBI.OQ,2015,,number of return too low for equity vol
NWBI.OQ,2016,0.16525047501638715,
NWBI.OQ,2017,0.19218774323478216,
NWBI.OQ,2018,0.177208478011467,
NWBI.OQ,2019,0.17076423420824463,
NWBI.OQ,2020,0.35335987946680975,
NWBI.OQ,2021,0.16210493794581898,
NWBI.OQ,2022,0.229129377369563,
NWBI.OQ,2023,0.33217215458987776,
NWFL.OQ,2015,,number of return too low for equity vol
NWFL.OQ,2016,0.17207035736347065,
NWFL.OQ,2017,0.19695145102101375,
NWFL.OQ,2018,0.2307822700008255,
NWFL.OQ,2019,0.22908451233560384,
NWFL.OQ,2020,0.2989703487763642,
NWFL.OQ,2021,0.09263588017574441,
NWFL.OQ,2022,0.20982775873113876,
NWFL.OQ,2023,0.4362777167268989,
OCFC.OQ,2015,,number of return too low for equity vol
OCFC.OQ,2016,0.3253908712791079,
OCFC.OQ,2017,0.16826426924047228,
OCFC.OQ,2018,0.2029024507719444,
OCFC.OQ,2019,0.24440335064753183,
OCFC.OQ,2020,0.41821139309420385,
OCFC.OQ,2021,0.2994692735605004,
OCFC.OQ,2022,0.32499735906890975,
OCFC.OQ,2023,0.5374149771755015,
ONB.OQ,2015,,number of return too low for equity vol
ONB.OQ,2016,0.25432327575795766,
ONB.OQ,2017,0.2087341073468309,
ONB.OQ,2018,0.24310431776696173,
ONB.OQ,2019,0.19322193972020887,
ONB.OQ,2020,0.33096831228119916,
ONB.OQ,2021,0.1809144736643191,
ONB.OQ,2022,0.3394872687985566,
ONB.OQ,2023,0.42456341270999837,
OPOF.OQ,2015,,number of return too low for equity vol
OPOF.OQ,2016,0.15766641065306683,
OPOF.OQ,2017,0.21972522861936084,
OPOF.OQ,2018,0.3118071202728887,
OPOF.OQ,2019,0.25945378945613834,
OPOF.OQ,2020,0.5043996851380956,
OPOF.OQ,2021,0.2711560855029913,
OPOF.OQ,2022,0.4249401961505295,
OPOF.OQ,2023,0.5328719595355432,
ORRF.OQ,2015,,number of return too low for equity vol
ORRF.OQ,2016,0.14148996580572573,
ORRF.OQ,2017,0.14533736564576286,
ORRF.OQ,2018,0.2330163098047206,
ORRF.OQ,2019,0.20387701214683293,
ORRF.OQ,2020,0.4247846581167552,
ORRF.OQ,2021,0.23304597795995305,
ORRF.OQ,2022,0.23982014571883217,
ORRF.OQ,2023,0.42939657800721215,
OSBC.OQ,2015,,number of return too low for equity vol
OSBC.OQ,2016,0.3246460042609137,
OSBC.OQ,2017,0.20184130107671722,
OSBC.OQ,2018,0.20105729570545686,
OSBC.OQ,2019,0.23786185109011904,
OSBC.OQ,2020,0.5275534242782149,
OSBC.OQ,2021,0.32968782556685383,
OSBC.OQ,2022,0.34730507986915643,
OSBC.OQ,2023,0.38730397598260585,
OVBC.OQ,2015,,number of return too low for equity vol
OVBC.OQ,2016,0.16469094857666727,
OVBC.OQ,2017,0.25026200257541337,
OVBC.OQ,2018,0.2969516491097392,
OVBC.OQ,2019,0.2254985167219056,
OVBC.OQ,2020,0.3753172932358727,
OVBC.OQ,2021,0.1859925802197843,
OVBC.OQ,2022,0.11744231049958213,
OVBC.OQ,2023,0.12770937419612552,
OZK.OQ,2015,,number of return too low for equity vol
OZK.OQ,2016,0.42316683535581967,
OZK.OQ,2017,0.2189538158212308,
OZK.OQ,2018,0.29845613185363423,
OZK.OQ,2019,0.31698640314526644,
OZK.OQ,2020,0.6055665442498553,
OZK.OQ,2021,0.1354786183185227,
OZK.OQ,2022,0.28610273967135996,
OZK.OQ,2023,0.4629749277387219,
PB.N,2015,,number of return too low for equity vol
PB.N,2016,0.2856207618095767,
PB.N,2017,0.19044982868624505,
PB.N,2018,0.1926876302196434,
PB.N,2019,0.22524505830720123,
PB.N,2020,0.4730628442171143,
PB.N,2021,0.15855856542597346,
PB.N,2022,0.23524044093118998,
PB.N,2023,0.32534162428475294,
PEBK.OQ,2015,,number of return too low for equity vol
PEBK.OQ,2016,0.1547687404444798,
PEBK.OQ,2017,0.27831993293112123,
PEBK.OQ,2018,0.23575387003891157,
PEBK.OQ,2019,0.21312265904125677,
PEBK.OQ,2020,0.5918257203395998,
PEBK.OQ,2021,0.1847725325223487,
PEBK.OQ,2022,0.21185175968822614,
PEBK.OQ,2023,0.5752569417540424,
PEBO.OQ,2015,,number of return too low for equity vol
PEBO.OQ,2016,0.18983306715509526,
PEBO.OQ,2017,0.19021731937504266,
PEBO.OQ,2018,0.17011251606988517,
PEBO.OQ,2019,0.16375559654983002,
PEBO.OQ,2020,0.4240406578517506,
PEBO.OQ,2021,0.15135144570359627,
PEBO.OQ,2022,0.2633670172460577,
PEBO.OQ,2023,0.3017014949616816,
PFBC.OQ,2015,,number of return too low for equity vol
PFBC.OQ,2016,0.345984011308252,
PFBC.OQ,2017,0.20126972005632052,
PFBC.OQ,2018,0.1939945529307196,
PFBC.OQ,2019,0.3165775303769037,
PFBC.OQ,2020,0.6568392482002866,
PFBC.OQ,2021,0.2638792446405845,
PFBC.OQ,2022,0.2578935581547864,
PFBC.OQ,2023,0.4689782564867913,
PFIS.OQ,2015,,number of return too low for equity vol
PFIS.OQ,2016,0.1962114559202349,
PFIS.OQ,2017,0.2887516911017302,
PFIS.OQ,2018,0.18712090537462417,
PFIS.OQ,2019,0.16598164687671807,
PFIS.OQ,2020,0.2665368524934175,
PFIS.OQ,2021,0.19515447802696403,
PFIS.OQ,2022,0.2780218796871069,
PFIS.OQ,2023,0.2987621803197757,
PFS.N,2015,,number of return too low for equity vol
PFS.N,2016,0.2362436503386436,
PFS.N,2017,0.1847753997744178,
PFS.N,2018,0.15980405931834518,
PFS.N,2019,0.192001728998851,
PFS.N,2020,0.5399523628270888,
PFS.N,2021,0.22516730305056226,
PFS.N,2022,0.28406456799355506,
PFS.N,2023,0.3930940771729865,
PGC.OQ,2015,,number of return too low for equity vol
PGC.OQ,2016,0.45523175769983604,
PGC.OQ,2017,0.17649015436421206,
PGC.OQ,2018,0.22038578854166732,
PGC.OQ,2019,0.20621119265475257,
PGC.OQ,2020,0.5613383347335759,
PGC.OQ,2021,0.22214864853458166,
PGC.OQ,2022,0.33392432534959127,
PGC.OQ,2023,0.374086364847267,
PKBK.OQ,2015,,number of return too low for equity vol
PKBK.OQ,2016,0.19249122505977168,
PKBK.OQ,2017,0.26959670556658594,
PKBK.OQ,2018,0.22259435335972586,
PKBK.OQ,2019,0.3100096443476791,
PKBK.OQ,2020,0.41660339534573,
PKBK.OQ,2021,0.19846233970908217,
PKBK.OQ,2022,0.19406210566197282,
PKBK.OQ,2023,0.3372095216542903,
PLBC.OQ,2015,,number of return too low for equity vol
PLBC.OQ,2016,0.4149095645132421,
PLBC.OQ,2017,0.19476702349434744,
PLBC.OQ,2018,0.2028779003610419,
PLBC.OQ,2019,0.3223566388558728,
PLBC.OQ,2020,0.4068676376338568,
PLBC.OQ,2021,0.3293525543067245,
PLBC.OQ,2022,0.3247040894546216,
PLBC.OQ,2023,0.40051234028841454,
PNC.N,2015,,number of return too low for equity vol
PNC.N,2016,0.23545279190028628,
PNC.N,2017,0.13262475366809703,
PNC.N,2018,0.19935342660338576,
PNC.N,2019,0.22805991886454358,
PNC.N,2020,0.44870521827922966,
PNC.N,2021,0.22469286519668227,
PNC.N,2022,0.23151525068780537,
PNC.N,2023,0.4103099823361986,
PNFP.OQ,2015,,number of return too low for equity vol
PNFP.OQ,2016,0.3101879973014584,
PNFP.OQ,2017,0.15373056750578537,
PNFP.OQ,2018,0.297960673390128,
PNFP.OQ,2019,0.26815872347092456,
PNFP.OQ,2020,0.56316409469667,
PNFP.OQ,2021,0.22434861380078167,
PNFP.OQ,2022,0.29063746763134096,
PNFP.OQ,2023,0.6040659884876036,
PPBI.OQ,2015,,number of return too low for equity vol
PPBI.OQ,2016,0.2858311310880081,
PPBI.OQ,2017,0.18032574506809995,
PPBI.OQ,2018,0.3159942410385793,
PPBI.OQ,2019,0.23934310867145134,
PPBI.OQ,2020,0.5140291783683175,
PPBI.OQ,2021,0.3033818478109056,
PPBI.OQ,2022,0.36233898644037577,
PPBI.OQ,2023,0.6095198657639213,
PRK.A,2015,,number of return too low for equity vol
PRK.A,2016,0.18883467454176706,
PRK.A,2017,0.17858632669837354,
PRK.A,2018,0.22068118671730974,
PRK.A,2019,0.16875236431935117,
PRK.A,2020,0.3615248430016868,
PRK.A,2021,0.20202342092034947,
PRK.A,2022,0.27184584933420003,
PRK.A,2023,0.33768699176006634,
PVBC.OQ,2015,,number of return too low for equity vol
PVBC.OQ,2016,0.17750929754812977,
PVBC.OQ,2017,0.22438253295391244,
PVBC.OQ,2018,0.3758468436242262,
PVBC.OQ,2019,0.2649015469848282,
PVBC.OQ,2020,0.43216138994609377,
PVBC.OQ,2021,0.24511188250765112,
PVBC.OQ,2022,0.464849423833242,
PVBC.OQ,2023,0.36695043433753577,
PWOD.OQ,2015,,number of return too low for equity vol
PWOD.OQ,2016,0.16261103195255575,
PWOD.OQ,2017,0.18811484793841116,
PWOD.OQ,2018,0.17584380176669723,
PWOD.OQ,2019,0.33568811998982767,
PWOD.OQ,2020,0.3823818617128909,
PWOD.OQ,2021,0.15636508699373947,
PWOD.OQ,2022,0.14365556558900194,
PWOD.OQ,2023,0.3025377824562093,
QCRH.OQ,2015,,number of return too low for equity vol
QCRH.OQ,2016,0.20250017332668957,
QCRH.OQ,2017,0.18629174016351982,
QCRH.OQ,2018,0.2098284261651845,
QCRH.OQ,2019,0.21515279689358918,
QCRH.OQ,2020,0.44949592835510865,
QCRH.OQ,2021,0.16427087080496944,
QCRH.OQ,2022,0.1809412298727337,
QCRH.OQ,2023,0.4158588307438138,
RBCAA.OQ,2015,,number of return too low for equity vol
RBCAA.OQ,2016,0.2078585773852797,
RBCAA.OQ,2017,0.19077350225209072,
RBCAA.OQ,2018,0.20184459763250853,
RBCAA.OQ,2019,0.20181990854304108,
RBCAA.OQ,2020,0.30825184849364456,
RBCAA.OQ,2021,0.19224162891297475,
RBCAA.OQ,2022,0.32913631732920734,
RBCAA.OQ,2023,0.24457584684373918,
RF.N,2015,,number of return too low for equity vol
RF.N,2016,0.38348341688851595,
RF.N,2017,0.1672340040189601,
RF.N,2018,0.2245138749773142,
RF.N,2019,0.29247996722247926,
RF.N,2020,0.5183600796833583,
RF.N,2021,0.3256507854882584,
RF.N,2022,0.31219545258892945,
RF.N,2023,0.42596724660179786,
SBCF.OQ,2015,,number of return too low for equity vol
SBCF.OQ,2016,0.2134195597803877,
SBCF.OQ,2017,0.1581019029764014,
SBCF.OQ,2018,0.28321832404161357,
SBCF.OQ,2019,0.3521307509200663,
SBCF.OQ,2020,0.5447251966689245,
SBCF.OQ,2021,0.28562743438277877,
SBCF.OQ,2022,0.2496058714934258,
SBCF.OQ,2023,0.4458777557361376,
SBFG.OQ,2015,,number of return too low for equity vol
SBFG.OQ,2016,0.1916555403165184,
SBFG.OQ,2017,0.1415301672222409,
SBFG.OQ,2018,0.18838411062334015,
SBFG.OQ,2019,0.1618334253050655,
SBFG.OQ,2020,0.6789639175882086,
SBFG.OQ,2021,0.15726333235824036,
SBFG.OQ,2022,0.10476260469150346,
SBFG.OQ,2023,0.28266720342564255,
SBNY.PK,2015,,number of return too low for equity vol
SBNY.PK,2016,0.29927949316177926,
SBNY.PK,2017,0.14480001701504885,
SBNY.PK,2018,0.290309200631373,
SBNY.PK,2019,0.2508134707407014,
SBNY.PK,2020,0.7534895007696903,
SBNY.PK,2021,0.3637641145226479,
SBNY.PK,2022,0.36621044909960015,
SBNY.PK,2023,32.55570727935104,
SBSI.N,2015,,number of return too low for equity vol
SBSI.N,2016,0.2234918531521493,
SBSI.N,2017,0.2005485061921562,
SBSI.N,2018,0.1690249050556895,
SBSI.N,2019,0.16941229727024518,
SBSI.N,2020,0.24449800886048215,
SBSI.N,2021,0.23229772532313703,
SBSI.N,2022,0.16578845291006136,
SBSI.N,2023,0.43064820392302916,
SFNC.OQ,2015,,number of return too low for equity vol
SFNC.OQ,2016,0.2762689042430617,
SFNC.OQ,2017,0.17460728770912667,
SFNC.OQ,2018,0.2869230479047128,
SFNC.OQ,2019,0.25214568242659546,
SFNC.OQ,2020,0.3160316764946162,
SFNC.OQ,2021,0.24439363329587607,
SFNC.OQ,2022,0.3092845540494146,
SFNC.OQ,2023,0.48604639350315293,
SFST.OQ,2015,,number of return too low for equity vol
SFST.OQ,2016,0.27535635545674064,
SFST.OQ,2017,0.18817356687458528,
SFST.OQ,2018,0.22394151594935907,
SFST.OQ,2019,0.2264840056665612,
SFST.OQ,2020,0.4258966462278407,
SFST.OQ,2021,0.167934080799182,
SFST.OQ,2022,0.23346104053459632,
SFST.OQ,2023,0.5297479145239337,
SHBI.O,2015,,number of return too low for equity vol
SHBI.O,2016,0.18556365303107963,
SHBI.O,2017,0.1423819699670679,
SHBI.O,2018,0.21067771034579327,
SHBI.O,2019,0.1672872293258632,
SHBI.O,2020,0.5396837915090804,
SHBI.O,2021,0.18451439345366438,
SHBI.O,2022,0.275481211455293,
SHBI.O,2023,0.3905684382598599,
SNV.N,2015,,number of return too low for equity vol
SNV.N,2016,0.2983276574977907,
SNV.N,2017,0.16060806529474164,
SNV.N,2018,0.26074411100211414,
SNV.N,2019,0.3368683557097964,
SNV.N,2020,0.6409065797153533,
SNV.N,2021,0.24083314099382808,
SNV.N,2022,0.3266580767826578,
SNV.N,2023,0.508981190402377,
SRCE.OQ,2015,,number of return too low for equity vol
SRCE.OQ,2016,0.21367261803073453,
SRCE.OQ,2017,0.15367453597774486,
SRCE.OQ,2018,0.24404051482955696,
SRCE.OQ,2019,0.19429559558592724,
SRCE.OQ,2020,0.3689630398021222,
SRCE.OQ,2021,0.18846149826991965,
SRCE.OQ,2022,0.32905473761938,
SRCE.OQ,2023,0.2832957197323699,
STBA.OQ,2015,,number of return too low for equity vol
STBA.OQ,2016,0.23391309941792024,
STBA.OQ,2017,0.2057210518568918,
STBA.OQ,2018,0.21336858432447545,
STBA.OQ,2019,0.1957861431247247,
STBA.OQ,2020,0.40199003687089535,
STBA.OQ,2021,0.2559349723704946,
STBA.OQ,2022,0.37684643955611374,
STBA.OQ,2023,0.3909337735614491,
SYBT.OQ,2015,,number of return too low for equity vol
SYBT.OQ,2016,0.24473666512654235,
SYBT.OQ,2017,0.23291926245455405,
SYBT.OQ,2018,0.195890028156988,
SYBT.OQ,2019,0.16970069014319758,
SYBT.OQ,2020,0.4410467209381611,
SYBT.OQ,2021,0.21661263506732042,
SYBT.OQ,2022,0.33375464597705523,
SYBT.OQ,2023,0.3669791256881789,
TBBK.OQ,2015,,number of return too low for equity vol
TBBK.OQ,2016,0.3951417391317549,
TBBK.OQ,2017,0.4162852666552969,
TBBK.OQ,2018,0.29256530817492693,
TBBK.OQ,2019,0.4053937376012039,
TBBK.OQ,2020,0.7252675529191945,
TBBK.OQ,2021,0.34866845402203067,
TBBK.OQ,2022,0.4913028122581459,
TBBK.OQ,2023,0.34928959681843785,
TCBI.OQ,2015,,number of return too low for equity vol
TCBI.OQ,2016,0.3613934550399965,
TCBI.OQ,2017,0.24862745444258588,
TCBI.OQ,2018,0.2760284671185657,
TCBI.OQ,2019,0.3337356009625358,
TCBI.OQ,2020,0.8759093884254708,
TCBI.OQ,2021,0.3669869532102194,
TCBI.OQ,2022,0.2732503706833092,
TCBI.OQ,2023,0.4603926074174814,
TCBK.OQ,2015,,number of return too low for equity vol
TCBK.OQ,2016,0.23908952104729167,
TCBK.OQ,2017,0.20801251265698792,
TCBK.OQ,2018,0.18302989267751124,
TCBK.OQ,2019,0.1503503168260569,
TCBK.OQ,2020,0.35343060163603707,
TCBK.OQ,2021,0.27369521986159384,
TCBK.OQ,2022,0.4233666298406972,
TCBK.OQ,2023,0.42611736474310274,
TFC.N,2015,,number of return too low for equity vol
TFC.N,2016,0.16944527052896458,
TFC.N,2017,0.1639538666186258,
TFC.N,2018,0.183609045355782,
TFC.N,2019,0.24860530914036494,
TFC.N,2020,0.4779179407150535,
TFC.N,2021,0.26357992319586676,
TFC.N,2022,0.23294198470840732,
TFC.N,2023,0.4081763383608005,
TFIN.OQ,2015,,number of return too low for equity vol
TFIN.OQ,2016,0.30893147321385667,
TFIN.OQ,2017,0.30352582088373836,
TFIN.OQ,2018,0.32887823145792594,
TFIN.OQ,2019,0.27571119725913257,
TFIN.OQ,2020,0.5325454508779831,
TFIN.OQ,2021,0.46719761781435803,
TFIN.OQ,2022,0.5155565497648432,
TFIN.OQ,2023,0.3692615259155608,
THFF.OQ,2015,,number of return too low for equity vol
THFF.OQ,2016,0.19867279480875652,
THFF.OQ,2017,0.18284321911986995,
THFF.OQ,2018,0.25385551691891994,
THFF.OQ,2019,0.20315617923565826,
THFF.OQ,2020,0.28670462304027283,
THFF.OQ,2021,0.18047679286543225,
THFF.OQ,2022,0.15432072366899943,
THFF.OQ,2023,0.3453930804786754,
TMP.A,2015,,number of return too low for equity vol
TMP.A,2016,0.17590649350125614,
TMP.A,2017,0.23327466785558018,
TMP.A,2018,0.24412834349764026,
TMP.A,2019,0.16626715034714692,
TMP.A,2020,0.2902014265097395,
TMP.A,2021,0.21750216080812826,
TMP.A,2022,0.23154749122312862,
TMP.A,2023,0.32925407232191933,
TOWN.OQ,2015,,number of return too low for equity vol
TOWN.OQ,2016,0.3314883474823519,
TOWN.OQ,2017,0.1925695725286828,
TOWN.OQ,2018,0.22788767635115703,
TOWN.OQ,2019,0.19624456274909552,
TOWN.OQ,2020,0.42130432260932904,
TOWN.OQ,2021,0.26617619979481166,
TOWN.OQ,2022,0.32630865346063614,
TOWN.OQ,2023,0.28869039877865976,
TRMK.OQ,2015,,number of return too low for equity vol
TRMK.OQ,2016,0.22768967111211771,
TRMK.OQ,2017,0.21404123232415978,
TRMK.OQ,2018,0.20098678900970887,
TRMK.OQ,2019,0.24719745212936173,
TRMK.OQ,2020,0.36856779550941093,
TRMK.OQ,2021,0.21436263650703238,
TRMK.OQ,2022,0.2774135963521013,
TRMK.OQ,2023,0.4800312597809174,
TRST.OQ,2015,,number of return too low for equity vol
TRST.OQ,2016,0.18207838368618479,
TRST.OQ,2017,0.20875653736637598,
TRST.OQ,2018,0.21565288935865243,
TRST.OQ,2019,0.21201018334130586,
TRST.OQ,2020,0.4041203808437718,
TRST.OQ,2021,0.223011802782933,
TRST.OQ,2022,0.2580354013783219,
TRST.OQ,2023,0.2991452607293989,
UBFO.OQ,2015,,number of return too low for equity vol
UBFO.OQ,2016,0.2947428460079306,
UBFO.OQ,2017,0.24255703171417564,
UBFO.OQ,2018,0.16129496223753786,
UBFO.OQ,2019,0.171701239324063,
UBFO.OQ,2020,0.36949820821961915,
UBFO.OQ,2021,0.1606565732840921,
UBFO.OQ,2022,0.14251140985749522,
UBFO.OQ,2023,0.2694509171497204,
UBSI.OQ,2015,,number of return too low for equity vol
UBSI.OQ,2016,0.2536216114202481,
UBSI.OQ,2017,0.21605046452081883,
UBSI.OQ,2018,0.2505757334187699,
UBSI.OQ,2019,0.19231222657771926,
UBSI.OQ,2020,0.5642148607753106,
UBSI.OQ,2021,0.24595486641681616,
UBSI.OQ,2022,0.3011664507590753,
UBSI.OQ,2023,0.36972317626032175,
UCB.N,2015,,number of return too low for equity vol
UCB.N,2016,0.3155687212327763,
UCB.N,2017,0.18532024710582468,
UCB.N,2018,0.22437691065410714,
UCB.N,2019,0.2536371656654215,
UCB.N,2020,0.5342858997628813,
UCB.N,2021,0.23371312480322554,
UCB.N,2022,0.3477033185609564,
UCB.N,2023,0.43303508949668784,
UMBF.OQ,2015,,number of return too low for equity vol
UMBF.OQ,2016,0.2601964424876442,
UMBF.OQ,2017,0.19042848669574347,
UMBF.OQ,2018,0.20069026557872827,
UMBF.OQ,2019,0.23684307237764343,
UMBF.OQ,2020,0.42756848845186063,
UMBF.OQ,2021,0.21740721146370146,
UMBF.OQ,2022,0.1512740667866472,
UMBF.OQ,2023,0.5450395087435548,
UNB.OQ,2015,,number of return too low for equity vol
UNB.OQ,2016,0.3750237349862794,
UNB.OQ,2017,0.262443683919818,
UNB.OQ,2018,0.15691014525955846,
UNB.OQ,2019,0.39165752626666855,
UNB.OQ,2020,0.5247323053950178,
UNB.OQ,2021,0.2293708762704581,
UNB.OQ,2022,0.191174062288133,
UNB.OQ,2023,0.28464214504587415,
UNTY.OQ,2015,,number of return too low for equity vol
UNTY.OQ,2016,0.2719801544564472,
UNTY.OQ,2017,0.21744068121082322,
UNTY.OQ,2018,0.18589491395678978,
UNTY.OQ,2019,0.3469356887377846,
UNTY.OQ,2020,0.6433059346036921,
UNTY.OQ,2021,0.19174438311701256,
UNTY.OQ,2022,0.23627321880130325,
UNTY.OQ,2023,0.2883642171565914,
USB.N,2015,,number of return too low for equity vol
USB.N,2016,0.1702704439249942,
USB.N,2017,0.11440429101587356,
USB.N,2018,0.20814672164108092,
USB.N,2019,0.2177053749937969,
USB.N,2020,0.36961536090124847,
USB.N,2021,0.24806212504648364,
USB.N,2022,0.2605020541494307,
USB.N,2023,0.4958372321544543,
UVSP.OQ,2015,,number of return too low for equity vol
UVSP.OQ,2016,0.2247832079595703,
UVSP.OQ,2017,0.2903948150384702,
UVSP.OQ,2018,0.20355155905749459,
UVSP.OQ,2019,0.22800082103185526,
UVSP.OQ,2020,0.45646604240344485,
UVSP.OQ,2021,0.2413479345538737,
UVSP.OQ,2022,0.2725689276729786,
UVSP.OQ,2023,0.3840680814929645,
VBTX.OQ,2015,,number of return too low for equity vol
VBTX.OQ,2016,0.39301616036161335,
VBTX.OQ,2017,0.11355149158652211,
VBTX.OQ,2018,0.2934050392314013,
VBTX.OQ,2019,0.25959693534326406,
VBTX.OQ,2020,0.6423207374390848,
VBTX.OQ,2021,0.2105245225861411,
VBTX.OQ,2022,0.37028040099959825,
VBTX.OQ,2023,0.5193660477579449,
VLY.OQ,2015,,number of return too low for equity vol
VLY.OQ,2016,0.1758077630571191,
VLY.OQ,2017,0.1623228513065232,
VLY.OQ,2018,0.2510103587266111,
VLY.OQ,2019,0.22238042377865372,
VLY.OQ,2020,0.42226353437385,
VLY.OQ,2021,0.2531483578286114,
VLY.OQ,2022,0.3303308092973088,
VLY.OQ,2023,0.584293636042402,
WABC.OQ,2015,,number of return too low for equity vol
WABC.OQ,2016,0.2815303868695391,
WABC.OQ,2017,0.23997567635948105,
WABC.OQ,2018,0.21382651562006064,
WABC.OQ,2019,0.14475729431485007,
WABC.OQ,2020,0.2043966405219481,
WABC.OQ,2021,0.1647186081182175,
WABC.OQ,2022,0.27835797747182434,
WABC.OQ,2023,0.4494096600890448,
WAL.N,2015,,number of return too low for equity vol
WAL.N,2016,0.36865074821450056,
WAL.N,2017,0.18514727948274448,
WAL.N,2018,0.2228766401570512,
WAL.N,2019,0.35734846690598343,
WAL.N,2020,0.6582051241915828,
WAL.N,2021,0.40513373462833624,
WAL.N,2022,0.29262427775010585,
WAL.N,2023,0.8648630242931091,
WASH.OQ,2015,,number of return too low for equity vol
WASH.OQ,2016,0.24345470505689262,
WASH.OQ,2017,0.22189736259776646,
WASH.OQ,2018,0.21054927544363589,
WASH.OQ,2019,0.19754216997025356,
WASH.OQ,2020,0.35371192360411274,
WASH.OQ,2021,0.20149639510863054,
WASH.OQ,2022,0.2558552347679863,
WASH.OQ,2023,0.5088513203103564,
WBS.N,2015,,number of return too low for equity vol
WBS.N,2016,0.300426012465936,
WBS.N,2017,0.23726261905526966,
WBS.N,2018,0.25782220611773077,
WBS.N,2019,0.3456794113759232,
WBS.N,2020,0.6292484652051651,
WBS.N,2021,0.27149257459134024,
WBS.N,2022,0.35973805088564537,
WBS.N,2023,0.4973822506750395,
WFC.N,2015,,number of return too low for equity vol
WFC.N,2016,0.2585133871460524,
WFC.N,2017,0.1829200449161723,
WFC.N,2018,0.24763207266101694,
WFC.N,2019,0.1708024642078977,
WFC.N,2020,0.49242690114544213,
WFC.N,2021,0.2849621749302098,
WFC.N,2022,0.3465551874602688,
WFC.N,2023,0.33357633747209686,
WNEB.OQ,2015,,number of return too low for equity vol
WNEB.OQ,2016,0.18299427401411134,
WNEB.OQ,2017,0.13907210573555423,
WNEB.OQ,2018,0.1458865917477274,
WNEB.OQ,2019,0.15852810396327063,
WNEB.OQ,2020,0.4139888574871892,
WNEB.OQ,2021,0.3281380369060724,
WNEB.OQ,2022,0.3097679590504169,
WNEB.OQ,2023,0.4397413466532427,
WSBC.OQ,2015,,number of return too low for equity vol
WSBC.OQ,2016,0.24681831291643666,
WSBC.OQ,2017,0.1732148080092233,
WSBC.OQ,2018,0.27900031417535803,
WSBC.OQ,2019,0.23177401654347055,
WSBC.OQ,2020,0.42139400280922085,
WSBC.OQ,2021,0.2602312529967569,
WSBC.OQ,2022,0.29858695918043104,
WSBC.OQ,2023,0.3660901093421941,
WSBF.OQ,2015,,number of return too low for equity vol
WSBF.OQ,2016,0.1053857962671338,
WSBF.OQ,2017,0.1835154519372188,
WSBF.OQ,2018,0.07680153606439044,
WSBF.OQ,2019,0.11347262341202173,
WSBF.OQ,2020,0.1847594461067347,
WSBF.OQ,2021,0.09282586548880098,
WSBF.OQ,2022,0.26166296934266087,
WSBF.OQ,2023,0.323289533525665,
WSFS.OQ,2015,,number of return too low for equity vol
WSFS.OQ,2016,0.30109938454964347,
WSFS.OQ,2017,0.14524803541897593,
WSFS.OQ,2018,0.2359021639814876,
WSFS.OQ,2019,0.2347749300244677,
WSFS.OQ,2020,0.529409697104873,
WSFS.OQ,2021,0.34273044617358045,
WSFS.OQ,2022,0.3078059227997272,
WSFS.OQ,2023,0.45302967149943213,
WTBA.OQ,2015,,number of return too low for equity vol
WTBA.OQ,2016,0.18950095134886302,
WTBA.OQ,2017,0.21406408841788055,
WTBA.OQ,2018,0.14010984871183024,
WTBA.OQ,2019,0.17909694255795353,
WTBA.OQ,2020,0.37911359828951613,
WTBA.OQ,2021,0.15270126959965705,
WTBA.OQ,2022,0.2641592462050353,
WTBA.OQ,2023,0.3552350221590542,
WTFC.OQ,2015,,number of return too low for equity vol
WTFC.OQ,2016,0.2829676400006447,
WTFC.OQ,2017,0.177769577838164,
WTFC.OQ,2018,0.20058897037392304,
WTFC.OQ,2019,0.2835621539387817,
WTFC.OQ,2020,0.6317734866594378,
WTFC.OQ,2021,0.2707751355022228,
WTFC.OQ,2022,0.2412854211482355,
WTFC.OQ,2023,0.4006319063033775,
ZION.OQ,2015,,number of return too low for equity vol
ZION.OQ,2016,0.3318974017544117,
ZION.OQ,2017,0.1901836036598367,
ZION.OQ,2018,0.2050546668466661,
ZION.OQ,2019,0.2902019155904819,
ZION.OQ,2020,0.5303129513156406,
ZION.OQ,2021,0.25850862625660553,
ZION.OQ,2022,0.23142981778324376,
ZION.OQ,2023,0.7355039541475012,
COFS.OQ,2017,0.0987,
COFS.OQ,2018,0.0921,
