Index,Date,Instrument,Total Return
1,2013,ABCB.N,21.49805447
2,2014,ABCB.N,69.01521217
3,2015,ABCB.N,21.45902416
4,2016,ABCB.N,32.56630265
5,2017,ABCB.N,28.27302148
6,2018,ABCB.N,10.55045872
7,2019,ABCB.N,-33.8177797
8,2020,ABCB.N,36.03614093
9,2021,ABCB.N,-8.397569049
10,2022,ABCB.N,32.01805442
11,2023,ABCB.N,-3.818172612
12,2024,ABCB.N,14.26806883
13,2013,ACNB.O,21.57247589
14,2014,ACNB.O,16.64085725
15,2015,ACNB.O,25.27289137
16,2016,ACNB.O,1.794160477
17,2017,ACNB.O,51.30315102
18,2018,ACNB.O,-2.713102658
19,2019,ACNB.O,36.46885334
20,2020,ACNB.O,-0.996234131
21,2021,ACNB.O,-31.27785863
22,2022,ACNB.O,29.69712821
23,2023,ACNB.O,31.13754198
24,2024,ACNB.O,16.2526847
25,2013,ALRS.O,21.56862745
26,2014,ALRS.O,64.51612903
27,2015,ALRS.O,16.17658676
28,2016,ALRS.O,-4.303797465
29,2017,ALRS.O,-10.05291006
30,2018,ALRS.O,20.29411765
31,2019,ALRS.O,-5.86797066
32,2020,ALRS.O,20.23648085
33,2021,ALRS.O,23.28364174
34,2022,ALRS.O,9.229789975
35,2023,ALRS.O,-17.89574248
36,2024,ALRS.O,-0.220015824
37,2013,AMTB.N,NaN
38,2014,AMTB.N,NaN
39,2015,AMTB.N,NaN
40,2016,AMTB.N,NaN
41,2017,AMTB.N,NaN
42,2018,AMTB.N,NaN
43,2019,AMTB.N,NaN
44,2020,AMTB.N,NaN
45,2021,AMTB.N,NaN
46,2022,AMTB.N,NaN
47,2023,AMTB.N,NaN
48,2024,AMTB.N,31.03046553
49,2013,AROW.OQ,13.13568009
50,2014,AROW.OQ,12.90586143
51,2015,AROW.OQ,9.686685903
52,2016,AROW.OQ,4.610542189
53,2017,AROW.OQ,58.57362763
54,2018,AROW.OQ,-11.0791881
55,2019,AROW.OQ,-0.052403511
56,2020,AROW.OQ,25.3906086
57,2021,AROW.OQ,-15.62259616
58,2022,AROW.OQ,24.97015933
59,2023,AROW.OQ,2.33104778
60,2024,AROW.OQ,-10.7619443
61,2013,ASB.N,19.56305017
62,2014,ASB.N,35.40889595
63,2015,ASB.N,9.331439728
64,2016,ASB.N,2.818298966
65,2017,ASB.N,34.79947287
66,2018,ASB.N,4.964417551
67,2019,ASB.N,-20.17217494
68,2020,ASB.N,15.10337333
69,2021,ASB.N,-18.81031125
70,2022,ASB.N,37.27184199
71,2023,ASB.N,5.982660928
72,2024,ASB.N,-2.857939305
73,2013,ATLO.OQ,15.40792049
74,2014,ATLO.OQ,5.240738942
75,2015,ATLO.OQ,19.48261918
76,2016,ATLO.OQ,-3.388445379
77,2017,ATLO.OQ,40.25904069
78,2018,ATLO.OQ,-13.19479019
79,2019,ATLO.OQ,-4.963042326
80,2020,ATLO.OQ,14.31095346
81,2021,ATLO.OQ,-10.29630999
82,2022,ATLO.OQ,6.402553629
83,2023,ATLO.OQ,0.972709471
84,2024,ATLO.OQ,-4.521332151
85,2013,AUB.N,NaN
86,2014,AUB.N,NaN
87,2015,AUB.N,NaN
88,2016,AUB.N,NaN
89,2017,AUB.N,NaN
90,2018,AUB.N,NaN
91,2019,AUB.N,NaN
92,2020,AUB.N,NaN
93,2021,AUB.N,NaN
94,2022,AUB.N,NaN
95,2023,AUB.N,NaN
96,2024,AUB.N,7.140505585
97,2013,AUBN.OQ,16.14582952
98,2014,AUBN.OQ,24.51550434
99,2015,AUBN.OQ,-4.311445282
100,2016,AUBN.OQ,29.758136
101,2017,AUBN.OQ,8.255301002
102,2018,AUBN.OQ,29.02241259
103,2019,AUBN.OQ,-17.58081756
104,2020,AUBN.OQ,72.0176902
105,2021,AUBN.OQ,-19.59618287
106,2022,AUBN.OQ,-21.83055285
107,2023,AUBN.OQ,-23.99861569
108,2024,AUBN.OQ,-3.544201789
109,2013,BAC.N,109.6483613
110,2014,BAC.N,34.6255148
111,2015,BAC.N,15.7324578
112,2016,BAC.N,-4.781414339
113,2017,BAC.N,33.33255563
114,2018,BAC.N,35.66708892
115,2019,BAC.N,-14.97513627
116,2020,BAC.N,46.16404135
117,2021,BAC.N,-11.62148459
118,2022,BAC.N,49.57577602
119,2023,BAC.N,-23.80989108
120,2024,BAC.N,4.820859828
121,2013,BANC.N,24.65627359
122,2014,BANC.N,13.4405785
123,2015,BANC.N,-10.90676535
124,2016,BANC.N,32.28143858
125,2017,BANC.N,21.95310731
126,2018,BANC.N,22.07145192
127,2019,BANC.N,-33.65504072
128,2020,BANC.N,31.78500467
129,2021,BANC.N,-12.65122051
130,2022,BANC.N,35.08740044
131,2023,BANC.N,-17.66854602
132,2024,BANC.N,-13.11893297
133,2013,BANF.OQ,15.86663937
134,2014,BANF.OQ,35.58908984
135,2015,BANF.OQ,15.48609011
136,2016,BANF.OQ,-5.445871822
137,2017,BANF.OQ,62.24098281
138,2018,BANF.OQ,11.70497713
139,2019,BANF.OQ,-0.627157949
140,2020,BANF.OQ,27.90882948
141,2021,BANF.OQ,-2.957207409
142,2022,BANF.OQ,22.77226807
143,2023,BANF.OQ,27.11609944
144,2024,BANF.OQ,12.43344716
145,2013,BANR.OQ,79.51882547
146,2014,BANR.OQ,48.06636969
147,2015,BANR.OQ,-2.302705777
148,2016,BANR.OQ,8.254520821
149,2017,BANR.OQ,23.59865082
150,2018,BANR.OQ,2.251525995
151,2019,BANR.OQ,0.053472114
152,2020,BANR.OQ,9.022634951
153,2021,BANR.OQ,-12.53900743
154,2022,BANR.OQ,34.27158059
155,2023,BANR.OQ,7.174391523
156,2024,BANR.OQ,-11.95387091
157,2013,BCBP.OQ,-3.024817146
158,2014,BCBP.OQ,50.77707118
159,2015,BCBP.OQ,-9.109433066
160,2016,BCBP.OQ,-7.929447226
161,2017,BCBP.OQ,31.67429181
162,2018,BCBP.OQ,15.87958826
163,2019,BCBP.OQ,-24.88790044
164,2020,BCBP.OQ,37.70338252
165,2021,BCBP.OQ,-15.0353124
166,2022,BCBP.OQ,45.5110394
167,2023,BCBP.OQ,20.64828852
168,2024,BCBP.OQ,-24.77620082
169,2013,BCML.OQ,NaN
170,2014,BCML.OQ,NaN
171,2015,BCML.OQ,NaN
172,2016,BCML.OQ,NaN
173,2017,BCML.OQ,NaN
174,2018,BCML.OQ,NaN
175,2019,BCML.OQ,0.391304348
176,2020,BCML.OQ,-1.515807707
177,2021,BCML.OQ,-33.28935795
178,2022,BCML.OQ,23.66512854
179,2023,BCML.OQ,2.184594179
180,2024,BCML.OQ,26.88463819
181,2013,BFC.OQ,NaN
182,2014,BFC.OQ,NaN
183,2015,BFC.OQ,NaN
184,2016,BFC.OQ,NaN
185,2017,BFC.OQ,NaN
186,2018,BFC.OQ,NaN
187,2019,BFC.OQ,-7.732057416
188,2020,BFC.OQ,46.98842631
189,2021,BFC.OQ,-6.147429464
190,2022,BFC.OQ,13.29311764
191,2023,BFC.OQ,30.01359719
192,2024,BFC.OQ,-5.321775617
193,2013,BFIN.OQ,34.99057412
194,2014,BFIN.OQ,24.02273126
195,2015,BFIN.OQ,30.44633358
196,2016,BFIN.OQ,8.258279327
197,2017,BFIN.OQ,19.34224259
198,2018,BFIN.OQ,5.454592144
199,2019,BFIN.OQ,-0.192808954
200,2020,BFIN.OQ,-9.975974973
201,2021,BFIN.OQ,-29.73039873
202,2022,BFIN.OQ,26.15676732
203,2023,BFIN.OQ,2.638281897
204,2024,BFIN.OQ,2.047766851
205,2013,BFST.OQ,NaN
206,2014,BFST.OQ,NaN
207,2015,BFST.OQ,NaN
208,2016,BFST.OQ,NaN
209,2017,BFST.OQ,NaN
210,2018,BFST.OQ,NaN
211,2019,BFST.OQ,-18.46545496
212,2020,BFST.OQ,4.512728399
213,2021,BFST.OQ,-16.27231339
214,2022,BFST.OQ,41.69057728
215,2023,BFST.OQ,-20.22110273
216,2024,BFST.OQ,14.35092363
217,2013,BHB.A,16.15739455
218,2014,BHB.A,22.98706207
219,2015,BHB.A,24.18424905
220,2016,BHB.A,10.8170938
221,2017,BHB.A,41.9729547
222,2018,BHB.A,-12.05511369
223,2019,BHB.A,-14.59645797
224,2020,BHB.A,17.17176038
225,2021,BHB.A,-7.250261803
226,2022,BHB.A,32.36131148
227,2023,BHB.A,14.73030563
228,2024,BHB.A,-4.44888711
229,2013,BHLIP.PK^B11,
230,2013,BKU.N,14.52404745
231,2014,BKU.N,37.80266325
232,2015,BKU.N,-9.056742602
233,2016,BKU.N,26.75550197
234,2017,BKU.N,7.306255082
235,2018,BKU.N,10.64795813
236,2019,BKU.N,-24.85155448
237,2020,BKU.N,25.23852379
238,2021,BKU.N,-0.905322288
239,2022,BKU.N,24.38672123
240,2023,BKU.N,-17.68866229
241,2024,BKU.N,-0.324570187
242,2013,BLFY.OQ,NaN
243,2014,BLFY.OQ,NaN
244,2015,BLFY.OQ,NaN
245,2016,BLFY.OQ,NaN
246,2017,BLFY.OQ,NaN
247,2018,BLFY.OQ,NaN
248,2019,BLFY.OQ,NaN
249,2020,BLFY.OQ,NaN
250,2021,BLFY.OQ,NaN
251,2022,BLFY.OQ,13.41085272
252,2023,BLFY.OQ,-12.16678059
253,2024,BLFY.OQ,-24.74708171
254,2013,BMRC.OQ,1.518798548
255,2014,BMRC.OQ,17.90352801
256,2015,BMRC.OQ,23.34186617
257,2016,BMRC.OQ,3.370317049
258,2017,BMRC.OQ,33.31392605
259,2018,BMRC.OQ,-0.850488237
260,2019,BMRC.OQ,23.24574752
261,2020,BMRC.OQ,11.31226395
262,2021,BMRC.OQ,-21.70038137
263,2022,BMRC.OQ,11.25730454
264,2023,BMRC.OQ,-9.112524229
265,2024,BMRC.OQ,-29.49996057
266,2013,BOH.N,2.950938507
267,2014,BOH.N,38.93401968
268,2015,BOH.N,3.461331836
269,2016,BOH.N,9.110402522
270,2017,BOH.N,44.77414836
271,2018,BOH.N,-0.933067902
272,2019,BOH.N,-19.19606541
273,2020,BOH.N,45.83328357
274,2021,BOH.N,-16.25380256
275,2022,BOH.N,12.86283064
276,2023,BOH.N,-4.148068447
277,2024,BOH.N,-1.617321171
278,2013,BOKF.OQ,3.62678536
279,2014,BOKF.OQ,24.79588763
280,2015,BOKF.OQ,-7.206001837
281,2016,BOKF.OQ,2.217398009
282,2017,BOKF.OQ,42.90910423
283,2018,BOKF.OQ,13.58012697
284,2019,BOKF.OQ,-18.97118337
285,2020,BOKF.OQ,22.09956055
286,2021,BOKF.OQ,-19.03221739
287,2022,BOKF.OQ,57.59333761
288,2023,BOKF.OQ,0.594771623
289,2024,BOKF.OQ,-15.28615111
290,2013,BRBS.K,5.75000075
291,2014,BRBS.K,53.6000003
292,2015,BRBS.K,31.25
293,2016,BRBS.K,-22.61904762
294,2017,BRBS.K,41.64271194
295,2018,BRBS.K,14.50310352
296,2019,BRBS.K,3.103220935
297,2020,BRBS.K,23.93939348
298,2021,BRBS.K,-12.52733457
299,2022,BRBS.K,55.00309441
300,2023,BRBS.K,-27.9079128
301,2024,BRBS.K,-75.20053091
302,2013,BRKL.O^I25,4.678516446
303,2014,BRKL.O^I25,16.65470688
304,2015,BRKL.O^I25,9.000273424
305,2016,BRKL.O^I25,18.50660414
306,2017,BRKL.O^I25,47.23510219
307,2018,BRKL.O^I25,-1.914377544
308,2019,BRKL.O^I25,-9.86183687
309,2020,BRKL.O^I25,22.58550153
310,2021,BRKL.O^I25,-23.6543267
311,2022,BRKL.O^I25,38.73044478
312,2023,BRKL.O^I25,-9.421901366
313,2024,BRKL.O^I25,-18.42011927
314,2013,BSRR.OQ,33.04904158
315,2014,BSRR.OQ,43.26574774
316,2015,BSRR.OQ,11.42822459
317,2016,BSRR.OQ,3.125761986
318,2017,BSRR.OQ,54.87062889
319,2018,BSRR.OQ,2.015012128
320,2019,BSRR.OQ,-7.435939422
321,2020,BSRR.OQ,24.57859606
322,2021,BSRR.OQ,-14.69340931
323,2022,BSRR.OQ,17.51665844
324,2023,BSRR.OQ,-18.59043307
325,2024,BSRR.OQ,11.43549857
326,2013,BUSE.OQ,-2.307235432
327,2014,BUSE.OQ,27.90696436
328,2015,BUSE.OQ,16.00080981
329,2016,BUSE.OQ,9.061396787
330,2017,BUSE.OQ,54.02459784
331,2018,BUSE.OQ,-0.369091416
332,2019,BUSE.OQ,-15.88729711
333,2020,BUSE.OQ,15.78493935
334,2021,BUSE.OQ,-17.97188242
335,2022,BUSE.OQ,30.75931341
336,2023,BUSE.OQ,-5.414188463
337,2024,BUSE.OQ,5.087201383
338,2013,BWB.OQ,NaN
339,2014,BWB.OQ,NaN
340,2015,BWB.OQ,NaN
341,2016,BWB.OQ,NaN
342,2017,BWB.OQ,NaN
343,2018,BWB.OQ,NaN
344,2019,BWB.OQ,-16.40253566
345,2020,BWB.OQ,30.61611374
346,2021,BWB.OQ,-9.361393327
347,2022,BWB.OQ,41.63330664
348,2023,BWB.OQ,0.282645561
349,2024,BWB.OQ,-23.7880496
350,2013,BWFG.O,3.846153844
351,2014,BWFG.O,54.81481482
352,2015,BWFG.O,0.478468899
353,2016,BWFG.O,-5.235181272
354,2017,BWFG.O,65.32964225
355,2018,BWFG.O,6.54980966
356,2019,BWFG.O,-15.09285547
357,2020,BWFG.O,2.328189082
358,2021,BWFG.O,-30.0281143
359,2022,BWFG.O,71.90946832
360,2023,BWFG.O,-8.188676784
361,2024,BWFG.O,5.723097954
362,2013,BY,NaN
363,2014,BY,NaN
364,2015,BY,NaN
365,2016,BY,NaN
366,2017,BY,NaN
367,2018,BY,14.56359102
368,2019,BY,-27.47061385
369,2020,BY,17.6489181
370,2021,BY,-20.22926763
371,2022,BY,79.30251804
372,2023,BY,-14.74298092
373,2024,BY,4.323214169
374,2013,CAC.OQ,7.191962595
375,2014,CAC.OQ,28.01704692
376,2015,CAC.OQ,-2.977081086
377,2016,CAC.OQ,14.10560984
378,2017,CAC.OQ,55.47911847
379,2018,CAC.OQ,-3.172205288
380,2019,CAC.OQ,-12.45700164
381,2020,CAC.OQ,31.78065839
382,2021,CAC.OQ,-19.26669717
383,2022,CAC.OQ,38.86818999
384,2023,CAC.OQ,-10.3621326
385,2024,CAC.OQ,-5.008028109
386,2013,CADE.N,31.94192377
387,2014,CADE.N,74.82806052
388,2015,CADE.N,-11.447679
389,2016,CADE.N,6.574855624
390,2017,CADE.N,29.42892872
391,2018,CADE.N,1.288244769
392,2019,CADE.N,-15.47192933
393,2020,CADE.N,23.02709065
394,2021,CADE.N,-11.40226323
395,2022,CADE.N,15.37262548
396,2023,CADE.N,-14.34512049
397,2024,CADE.N,24.95660682
398,2013,CATY.OQ,30.92133603
399,2014,CATY.OQ,37.521548
400,2015,CATY.OQ,-3.155967595
401,2016,CATY.OQ,24.71105869
402,2017,CATY.OQ,24.33921457
403,2018,CATY.OQ,13.41965306
404,2019,CATY.OQ,-18.47875887
405,2020,CATY.OQ,17.51118139
406,2021,CATY.OQ,-11.5164441
407,2022,CATY.OQ,37.78091138
408,2023,CATY.OQ,-2.093408201
409,2024,CATY.OQ,13.45528473
410,2013,CBAN.N,61.50442478
411,2014,CBAN.N,67.12328767
412,2015,CBAN.N,29.18032787
413,2016,CBAN.N,23.22335025
414,2017,CBAN.N,35.9423275
415,2018,CBAN.N,10.22727273
416,2019,CBAN.N,1.215854106
417,2020,CBAN.N,15.11671021
418,2021,CBAN.N,-8.290639296
419,2022,CBAN.N,19.45839078
420,2023,CBAN.N,-23.52255346
421,2024,CBAN.N,9.205790854
422,2013,CBFV.O,-7.424362009
423,2014,CBFV.O,3.947368421
424,2015,CBFV.O,2.925858051
425,2016,CBFV.O,19.97471278
426,2017,CBFV.O,17.24340482
427,2018,CBFV.O,19.79031008
428,2019,CBFV.O,-14.95039554
429,2020,CBFV.O,26.27562997
430,2021,CBFV.O,-30.7743389
431,2022,CBFV.O,25.68884158
432,2023,CBFV.O,-7.196120943
433,2024,CBFV.O,16.45327091
434,2013,CBNK.OQ,NaN
435,2014,CBNK.OQ,NaN
436,2015,CBNK.OQ,NaN
437,2016,CBNK.OQ,NaN
438,2017,CBNK.OQ,NaN
439,2018,CBNK.OQ,NaN
440,2019,CBNK.OQ,-10.859375
441,2020,CBNK.OQ,30.4995618
442,2021,CBNK.OQ,-6.447280056
443,2022,CBNK.OQ,88.83505741
444,2023,CBNK.OQ,-9.315014742
445,2024,CBNK.OQ,4.287088602
446,2013,CBSH.OQ,2.894368376
447,2014,CBSH.OQ,37.37195141
448,2015,CBSH.OQ,3.736777647
449,2016,CBSH.OQ,4.795830449
450,2017,CBSH.OQ,45.29719284
451,2018,CBSH.OQ,3.063597427
452,2019,CBSH.OQ,7.52485365
453,2020,CBSH.OQ,28.73310754
454,2021,CBSH.OQ,3.30716637
455,2022,CBSH.OQ,11.43632746
456,2023,CBSH.OQ,5.563475136
457,2024,CBSH.OQ,-15.93864412
458,2013,CBU.N,2.296057795
459,2014,CBU.N,50.09681886
460,2015,CBU.N,-0.838534837
461,2016,CBU.N,8.256506095
462,2017,CBU.N,59.03897535
463,2018,CBU.N,-10.88517852
464,2019,CBU.N,11.09086902
465,2020,CBU.N,24.65415698
466,2021,CBU.N,-9.668445146
467,2022,CBU.N,22.27208853
468,2023,CBU.N,-13.15648749
469,2024,CBU.N,-14.22829725
470,2013,CCB.OQ,NaN
471,2014,CCB.OQ,NaN
472,2015,CCB.OQ,NaN
473,2016,CCB.OQ,NaN
474,2017,CCB.OQ,NaN
475,2018,CCB.OQ,NaN
476,2019,CCB.OQ,-7.134146343
477,2020,CCB.OQ,8.141825336
478,2021,CCB.OQ,27.50455374
479,2022,CCB.OQ,141.047619
480,2023,CCB.OQ,-6.124061637
481,2024,CCB.OQ,-6.544612789
482,2013,CCBG.OQ,19.05759162
483,2014,CCBG.OQ,3.518029906
484,2015,CCBG.OQ,32.86620882
485,2016,CCBG.OQ,-0.369667207
486,2017,CCBG.OQ,34.8563946
487,2018,CCBG.OQ,13.27287167
488,2019,CCBG.OQ,2.479270413
489,2020,CCBG.OQ,33.94280489
490,2021,CCBG.OQ,-17.37732939
491,2022,CCBG.OQ,10.02804488
492,2023,CCBG.OQ,25.84321802
493,2024,CCBG.OQ,-7.218737714
494,2013,CCNE.OQ,8.221774532
495,2014,CCNE.OQ,20.45523279
496,2015,CCNE.OQ,1.104677811
497,2016,CCNE.OQ,1.218713889
498,2017,CCNE.OQ,53.40219177
499,2018,CCNE.OQ,0.791474656
500,2019,CCNE.OQ,-10.46217552
501,2020,CCNE.OQ,45.92379859
502,2021,CCNE.OQ,-32.50644369
503,2022,CCNE.OQ,27.97765004
504,2023,CCNE.OQ,-7.763752568
505,2024,CCNE.OQ,-1.570766516
506,2013,CFFI.OQ,50.96092923
507,2014,CFFI.OQ,20.22615109
508,2015,CFFI.OQ,-10.11589609
509,2016,CFFI.OQ,1.469612385
510,2017,CFFI.OQ,31.67868986
511,2018,CFFI.OQ,19.50027311
512,2019,CFFI.OQ,-5.865760733
513,2020,CFFI.OQ,6.989854213
514,2021,CFFI.OQ,-29.80443935
515,2022,CFFI.OQ,42.2730701
516,2023,CFFI.OQ,17.53238171
517,2024,CFFI.OQ,20.61590337
518,2013,CFG.N,NaN
519,2014,CFG.N,NaN
520,2015,CFG.N,8.168713103
521,2016,CFG.N,7.028215699
522,2017,CFG.N,38.80124049
523,2018,CFG.N,19.8983779
524,2019,CFG.N,-27.43796097
525,2020,CFG.N,41.82399549
526,2021,CFG.N,-6.677397511
527,2022,CFG.N,36.94510642
528,2023,CFG.N,-13.37980246
529,2024,CFG.N,-10.92786393
530,2013,CFR.N,6.095515535
531,2014,CFR.N,41.26118591
532,2015,CFR.N,-2.539430597
533,2016,CFR.N,-12.44008114
534,2017,CFR.N,52.00851891
535,2018,CFR.N,9.924468137
536,2019,CFR.N,-4.844029989
537,2020,CFR.N,14.59682028
538,2021,CFR.N,-7.52066835
539,2022,CFR.N,48.19090482
540,2023,CFR.N,8.6173359
541,2024,CFR.N,-16.06082811
542,2013,CHCO.OQ,7.049472696
543,2014,CHCO.OQ,37.90638696
544,2015,CHCO.OQ,4.113852338
545,2016,CHCO.OQ,1.579359677
546,2017,CHCO.OQ,53.65377495
547,2018,CHCO.OQ,2.4378425
548,2019,CHCO.OQ,2.854801748
549,2020,CHCO.OQ,24.80775157
550,2021,CHCO.OQ,-12.15244247
551,2022,CHCO.OQ,21.25493013
552,2023,CHCO.OQ,17.23370862
553,2024,CHCO.OQ,21.90771126
554,2013,CHMG.O,37.01651522
555,2014,CHMG.O,18.03095684
556,2015,CHMG.O,-16.04287256
557,2016,CHMG.O,2.313384682
558,2017,CHMG.O,36.81545453
559,2018,CHMG.O,35.64279722
560,2019,CHMG.O,-12.10979759
561,2020,CHMG.O,5.259128907
562,2021,CHMG.O,-17.26593181
563,2022,CHMG.O,40.61255268
564,2023,CHMG.O,1.596312864
565,2024,CHMG.O,11.74086834
566,2013,CIVB.OQ,37.9525984
567,2014,CIVB.OQ,22.37123332
568,2015,CIVB.OQ,61.4747883
569,2016,CIVB.OQ,26.99724732
570,2017,CIVB.OQ,54.12911033
571,2018,CIVB.OQ,14.54513265
572,2019,CIVB.OQ,-19.737578
573,2020,CIVB.OQ,40.53269862
574,2021,CIVB.OQ,-24.85037314
575,2022,CIVB.OQ,42.49525067
576,2023,CIVB.OQ,-7.528414376
577,2024,CIVB.OQ,-13.13811893
578,2013,CIZnv.OQ^J24,NaN
579,2014,CIZnv.OQ^J24,NaN
580,2015,CIZnv.OQ^J24,0.672514618
581,2016,CIZnv.OQ^J24,-7.115887307
582,2017,CIZnv.OQ^J24,-11.4138696
583,2018,CIZnv.OQ^J24,21.04395687
584,2019,CIZnv.OQ^J24,-10.33576642
585,2020,CIZnv.OQ^J24,8.987300554
586,2021,CIZnv.OQ^J24,-18.7331939
587,2022,CIZnv.OQ^J24,NaN
588,2023,CIZnv.OQ^J24,NaN
589,2024,CIZnv.OQ^J24,2.585894258
590,2013,CLBK.O,NaN
591,2014,CLBK.O,NaN
592,2015,CLBK.O,NaN
593,2016,CLBK.O,NaN
594,2017,CLBK.O,NaN
595,2018,CLBK.O,NaN
596,2019,CLBK.O,-0.843060958
597,2020,CLBK.O,10.79136691
598,2021,CLBK.O,-8.146399057
599,2022,CLBK.O,34.06169666
600,2023,CLBK.O,3.643336533
601,2024,CLBK.O,-10.82331174
602,2013,CMA.N,19.74159348
603,2014,CMA.N,59.39469915
604,2015,CMA.N,0.129638392
605,2016,CMA.N,-9.036166269
606,2017,CMA.N,65.94508748
607,2018,CMA.N,29.33901592
608,2019,CMA.N,-19.14209449
609,2020,CMA.N,8.420543222
610,2021,CMA.N,-16.83629083
611,2022,CMA.N,61.52706117
612,2023,CMA.N,-20.39436596
613,2024,CMA.N,-11.20381712
614,2013,CNOB.OQ,20.37950652
615,2014,CNOB.OQ,65.23868283
616,2015,CNOB.OQ,2.913777892
617,2016,CNOB.OQ,-0.094235203
618,2017,CNOB.OQ,41.29270105
619,2018,CNOB.OQ,0.471080232
620,2019,CNOB.OQ,-27.43292374
621,2020,CNOB.OQ,41.52285191
622,2021,CNOB.OQ,-21.40712988
623,2022,CNOB.OQ,67.85180352
624,2023,CNOB.OQ,-24.38274212
625,2024,CNOB.OQ,-1.896919594
626,2013,COFS.OQ,NaN
627,2014,COFS.OQ,NaN
628,2015,COFS.OQ,NaN
629,2016,COFS.OQ,NaN
630,2017,COFS.OQ,NaN
631,2018,COFS.OQ,NaN
632,2019,COFS.OQ,NaN
633,2020,COFS.OQ,NaN
634,2021,COFS.OQ,-3.958948266
635,2022,COFS.OQ,-10.85029178
636,2023,COFS.OQ,14.42641546
637,2024,COFS.OQ,5.271642438
638,2013,COLB.OQ,-2.12676747
639,2014,COLB.OQ,56.09580984
640,2015,COLB.OQ,4.115457094
641,2016,COLB.OQ,22.94268176
642,2017,COLB.OQ,44.60580046
643,2018,COLB.OQ,-0.639813063
644,2019,COLB.OQ,-14.0546473
645,2020,COLB.OQ,16.39894436
646,2021,COLB.OQ,-7.752052679
647,2022,COLB.OQ,-6.136443293
648,2023,COLB.OQ,-4.270816204
649,2024,COLB.OQ,-5.900051189
650,2013,CPF.N,20.66563467
651,2014,CPF.N,29.92764634
652,2015,CPF.N,9.140713684
653,2016,CPF.N,6.155636632
654,2017,CPF.N,46.2436495
655,2018,CPF.N,-2.892227287
656,2019,CPF.N,-15.99235069
657,2020,CPF.N,25.35896152
658,2021,CPF.N,-32.40353994
659,2022,CPF.N,53.8138548
660,2023,CPF.N,-24.7780463
661,2024,CPF.N,2.921438905
662,2013,CTBI.OQ,15.78005111
663,2014,CTBI.OQ,42.51863959
664,2015,CTBI.OQ,-7.868428799
665,2016,CTBI.OQ,-1.031012706
666,2017,CTBI.OQ,46.71528831
667,2018,CTBI.OQ,-2.25173441
668,2019,CTBI.OQ,-13.34221636
669,2020,CTBI.OQ,21.90420947
670,2021,CTBI.OQ,-16.68303553
671,2022,CTBI.OQ,22.0875689
672,2023,CTBI.OQ,9.557591472
673,2024,CTBI.OQ,-0.010636319
674,2013,CUBI.N,NaN
675,2014,CUBI.N,17.5862069
676,2015,CUBI.N,-4.887585529
677,2016,CUBI.N,39.8766701
678,2017,CUBI.N,31.59441586
679,2018,CUBI.N,-27.4427694
680,2019,CUBI.N,-29.97306656
681,2020,CUBI.N,30.82417583
682,2021,CUBI.N,-23.64552709
683,2022,CUBI.N,259.5709571
684,2023,CUBI.N,-56.64677987
685,2024,CUBI.N,103.3168666
686,2013,CVBF.OQ,7.727548589
687,2014,CVBF.OQ,68.99682144
688,2015,CVBF.OQ,-3.730294478
689,2016,CVBF.OQ,8.64732969
690,2017,CVBF.OQ,38.46627084
691,2018,CVBF.OQ,5.093489058
692,2019,CVBF.OQ,-11.98369276
693,2020,CVBF.OQ,10.21172434
694,2021,CVBF.OQ,-5.225257809
695,2022,CVBF.OQ,13.57697488
696,2023,CVBF.OQ,24.01815138
697,2024,CVBF.OQ,-18.40692084
698,2013,CWBC.OQ,
699,2013,CZNC.OQ,6.838258114
700,2014,CZNC.OQ,14.6829914
701,2015,CZNC.OQ,5.679269718
702,2016,CZNC.OQ,7.008850853
703,2017,CZNC.OQ,31.17757144
704,2018,CZNC.OQ,-4.403379829
705,2019,CZNC.OQ,14.9404068
706,2020,CZNC.OQ,11.83137013
707,2021,CZNC.OQ,-25.77313429
708,2022,CZNC.OQ,38.05636539
709,2023,CZNC.OQ,-8.356034072
710,2024,CZNC.OQ,3.704681266
711,2013,DCOM.OQ,5.118938033
712,2014,DCOM.OQ,31.23927004
713,2015,DCOM.OQ,5.240860995
714,2016,DCOM.OQ,16.19075097
715,2017,DCOM.OQ,27.02577949
716,2018,DCOM.OQ,-6.154539031
717,2019,DCOM.OQ,-25.9314822
718,2020,DCOM.OQ,33.96959197
719,2021,DCOM.OQ,-25.11301767
720,2022,DCOM.OQ,49.90397136
721,2023,DCOM.OQ,-6.819596057
722,2024,DCOM.OQ,-11.51552138
723,2013,DFS.N^E25,62.56345232
724,2014,DFS.N^E25,46.90511961
725,2015,DFS.N^E25,18.92426671
726,2016,DFS.N^E25,-16.54914818
727,2017,DFS.N^E25,37.43006156
728,2018,DFS.N^E25,8.907986624
729,2019,DFS.N^E25,-21.78377397
730,2020,DFS.N^E25,46.94835411
731,2021,DFS.N^E25,10.07781315
732,2022,DFS.N^E25,29.79282293
733,2023,DFS.N^E25,-13.56745985
734,2024,DFS.N^E25,18.20994827
735,2013,EBC.OQ,NaN
736,2014,EBC.OQ,NaN
737,2015,EBC.OQ,NaN
738,2016,EBC.OQ,NaN
739,2017,EBC.OQ,NaN
740,2018,EBC.OQ,NaN
741,2019,EBC.OQ,NaN
742,2020,EBC.OQ,NaN
743,2021,EBC.OQ,34.23868313
744,2022,EBC.OQ,25.54609054
745,2023,EBC.OQ,-12.74318198
746,2024,EBC.OQ,-15.01978512
747,2013,EBMT.OQ,6.538671496
748,2014,EBMT.OQ,9.290716384
749,2015,EBMT.OQ,0.885684955
750,2016,EBMT.OQ,17.04557344
751,2017,EBMT.OQ,73.73645544
752,2018,EBMT.OQ,1.030340949
753,2019,EBMT.OQ,-21.29925185
754,2020,EBMT.OQ,35.10965562
755,2021,EBMT.OQ,1.309081626
756,2022,EBMT.OQ,10.46959136
757,2023,EBMT.OQ,-27.79628613
758,2024,EBMT.OQ,1.919887858
759,2013,EBTC.OQ^G25,18.64268006
760,2014,EBTC.OQ^G25,31.52424563
761,2015,EBTC.OQ^G25,22.18746502
762,2016,EBTC.OQ^G25,-7.442623526
763,2017,EBTC.OQ^G25,67.99283156
764,2018,EBTC.OQ^G25,-7.83906365
765,2019,EBTC.OQ^G25,-3.9284798
766,2020,EBTC.OQ^G25,7.575529128
767,2021,EBTC.OQ^G25,-22.39016257
768,2022,EBTC.OQ^G25,79.68101343
769,2023,EBTC.OQ^G25,-19.5072118
770,2024,EBTC.OQ^G25,-5.733144394
771,2013,EFSC.OQ,-10.13136447
772,2014,EFSC.OQ,58.26792219
773,2015,EFSC.OQ,-2.274457737
774,2016,EFSC.OQ,45.29254929
775,2017,EFSC.OQ,53.67385558
776,2018,EFSC.OQ,6.104751607
777,2019,EFSC.OQ,-15.84694484
778,2020,EFSC.OQ,29.98158717
779,2021,EFSC.OQ,-25.82595996
780,2022,EFSC.OQ,36.88466292
781,2023,EFSC.OQ,6.022388863
782,2024,EFSC.OQ,-6.671342844
783,2013,EGBN.OQ,37.34525447
784,2014,EGBN.OQ,68.71806024
785,2015,EGBN.OQ,15.96474046
786,2016,EGBN.OQ,42.08896397
787,2017,EGBN.OQ,20.76481078
788,2018,EGBN.OQ,-5.004101725
789,2019,EGBN.OQ,-15.87219344
790,2020,EGBN.OQ,0.758827953
791,2021,EGBN.OQ,-12.77060892
792,2022,EGBN.OQ,44.5092479
793,2023,EGBN.OQ,-21.90856338
794,2024,EGBN.OQ,-27.0331505
795,2013,EQBK.N,NaN
796,2014,EQBK.N,NaN
797,2015,EQBK.N,NaN
798,2016,EQBK.N,NaN
799,2017,EQBK.N,NaN
800,2018,EQBK.N,NaN
801,2019,EQBK.N,NaN
802,2020,EQBK.N,NaN
803,2021,EQBK.N,NaN
804,2022,EQBK.N,NaN
805,2023,EQBK.N,NaN
806,2024,EQBK.N,48.19300992
807,2013,ESQ.OQ,NaN
808,2014,ESQ.OQ,NaN
809,2015,ESQ.OQ,NaN
810,2016,ESQ.OQ,NaN
811,2017,ESQ.OQ,NaN
812,2018,ESQ.OQ,29.77049181
813,2019,ESQ.OQ,9.651339051
814,2020,ESQ.OQ,20.13824884
815,2021,ESQ.OQ,-26.39048715
816,2022,ESQ.OQ,64.77331944
817,2023,ESQ.OQ,37.78576165
818,2024,ESQ.OQ,16.70419946
819,2013,EVBN.K^E25,35.95205013
820,2014,EVBN.K^E25,38.00576069
821,2015,EVBN.K^E25,18.46387047
822,2016,EVBN.K^E25,10.11076585
823,2017,EVBN.K^E25,24.37464039
824,2018,EVBN.K^E25,35.53855772
825,2019,EVBN.K^E25,-20.85463975
826,2020,EVBN.K^E25,26.97332792
827,2021,EVBN.K^E25,-28.14640901
828,2022,EVBN.K^E25,51.20764164
829,2023,EVBN.K^E25,-4.158370962
830,2024,EVBN.K^E25,-12.14527565
831,2013,EWBC.OQ,10.82195562
832,2014,EWBC.OQ,66.31360728
833,2015,EWBC.OQ,12.99909116
834,2016,EWBC.OQ,9.482700328
835,2017,EWBC.OQ,25.07357839
836,2018,EWBC.OQ,21.39573118
837,2019,EWBC.OQ,-27.43427433
838,2020,EWBC.OQ,14.35654225
839,2021,EWBC.OQ,7.226979773
840,2022,EWBC.OQ,57.98934606
841,2023,EWBC.OQ,-14.44335523
842,2024,EWBC.OQ,12.72407856
843,2013,EXSR.PK,11.49139183
844,2014,EXSR.PK,28.94689344
845,2015,EXSR.PK,21.73913044
846,2016,EXSR.PK,7.960541038
847,2017,EXSR.PK,44.9722011
848,2018,EXSR.PK,23.7045354
849,2019,EXSR.PK,10.38615641
850,2020,EXSR.PK,9.963066065
851,2021,EXSR.PK,-14.18515932
852,2022,EXSR.PK,8.263891457
853,2023,EXSR.PK,-25.88833389
854,2024,EXSR.PK,-7.090125843
855,2013,FBIZ.OQ,39.07123592
856,2014,FBIZ.OQ,66.98093448
857,2015,FBIZ.OQ,29.80807516
858,2016,FBIZ.OQ,6.429822653
859,2017,FBIZ.OQ,-3.03576069
860,2018,FBIZ.OQ,-4.615603317
861,2019,FBIZ.OQ,-9.663628222
862,2020,FBIZ.OQ,38.50682101
863,2021,FBIZ.OQ,-27.4242839
864,2022,FBIZ.OQ,62.79001141
865,2023,FBIZ.OQ,28.15800448
866,2024,FBIZ.OQ,12.88512476
867,2013,FBK.N,NaN
868,2014,FBK.N,NaN
869,2015,FBK.N,NaN
870,2016,FBK.N,NaN
871,2017,FBK.N,25.06024096
872,2018,FBK.N,61.81117534
873,2019,FBK.N,-16.17491754
874,2020,FBK.N,14.05056787
875,2021,FBK.N,-11.14065216
876,2022,FBK.N,27.51013907
877,2023,FBK.N,-16.50104415
878,2024,FBK.N,12.35812631
879,2013,FBNC.OQ,18.38522754
880,2014,FBNC.OQ,32.51503802
881,2015,FBNC.OQ,13.11997019
882,2016,FBNC.OQ,3.317484638
883,2017,FBNC.OQ,47.11384992
884,2018,FBNC.OQ,31.39580052
885,2019,FBNC.OQ,-6.50245653
886,2020,FBNC.OQ,23.9912127
887,2021,FBNC.OQ,-12.71659101
888,2022,FBNC.OQ,37.6558897
889,2023,FBNC.OQ,-4.161528489
890,2024,FBNC.OQ,-11.24378423
891,2013,FCBC.OQ,32.00342593
892,2014,FCBC.OQ,7.801385655
893,2015,FCBC.OQ,1.91945629
894,2016,FCBC.OQ,16.65209593
895,2017,FCBC.OQ,66.50070389
896,2018,FCBC.OQ,-2.325886061
897,2019,FCBC.OQ,14.14742295
898,2020,FCBC.OQ,1.426107096
899,2021,FCBC.OQ,-27.19976561
900,2022,FCBC.OQ,60.42686361
901,2023,FCBC.OQ,5.181297542
902,2024,FCBC.OQ,13.76218558
903,2013,FCCO.OQ,37.52635911
904,2014,FCCO.OQ,23.86815537
905,2015,FCCO.OQ,14.62465575
906,2016,FCCO.OQ,34.03262951
907,2017,FCCO.OQ,23.68463833
908,2018,FCCO.OQ,27.36332023
909,2019,FCCO.OQ,-12.50806101
910,2020,FCCO.OQ,13.76316709
911,2021,FCCO.OQ,-18.88386682
912,2022,FCCO.OQ,25.25816213
913,2023,FCCO.OQ,8.298160419
914,2024,FCCO.OQ,1.228161927
915,2013,FCF.N,33.32004791
916,2014,FCF.N,33.33338529
917,2015,FCF.N,7.987148212
918,2016,FCF.N,1.432698147
919,2017,FCF.N,61.17437369
920,2018,FCF.N,3.404719986
921,2019,FCF.N,-13.63737996
922,2020,FCF.N,23.65655883
923,2021,FCF.N,-20.88748611
924,2022,FCF.N,51.9335031
925,2023,FCF.N,-10.30773089
926,2024,FCF.N,14.70181353
927,2013,FCNCA.OQ,-5.891969196
928,2014,FCNCA.OQ,36.98508722
929,2015,FCNCA.OQ,14.10702563
930,2016,FCNCA.OQ,2.6294478
931,2017,FCNCA.OQ,38.10058383
932,2018,FCNCA.OQ,13.91071455
933,2019,FCNCA.OQ,-6.113302248
934,2020,FCNCA.OQ,41.63856348
935,2021,FCNCA.OQ,8.339330488
936,2022,FCNCA.OQ,44.82961984
937,2023,FCNCA.OQ,-8.358177862
938,2024,FCNCA.OQ,87.7266765
939,2013,FDBC.O,-1.204819277
940,2014,FDBC.O,31.17445623
941,2015,FDBC.O,25.9630624
942,2016,FDBC.O,6.697866278
943,2017,FDBC.O,7.006478182
944,2018,FDBC.O,76.50622492
945,2019,FDBC.O,58.27260161
946,2020,FDBC.O,-1.374717616
947,2021,FDBC.O,5.968457624
948,2022,FDBC.O,-6.226242155
949,2023,FDBC.O,-17.54957813
950,2024,FDBC.O,26.94551426
951,2013,FFBC.OQ,-5.326683358
952,2014,FFBC.OQ,26.62393615
953,2015,FFBC.OQ,10.53576788
954,2016,FFBC.OQ,0.677297643
955,2017,FFBC.OQ,62.37405912
956,2018,FFBC.OQ,-4.946260956
957,2019,FFBC.OQ,-7.561601013
958,2020,FFBC.OQ,11.29260704
959,2021,FFBC.OQ,-26.89652372
960,2022,FFBC.OQ,44.58926657
961,2023,FFBC.OQ,3.387251603
962,2024,FFBC.OQ,2.394589787
963,2013,FFIC.OQ,26.07046446
964,2014,FFIC.OQ,39.02535548
965,2015,FFIC.OQ,0.912543794
966,2016,FFIC.OQ,10.20934641
967,2017,FFIC.OQ,39.8563109
968,2018,FFIC.OQ,-3.948582492
969,2019,FFIC.OQ,-19.22173581
970,2020,FFIC.OQ,4.365834943
971,2021,FFIC.OQ,-17.84681843
972,2022,FFIC.OQ,51.33678304
973,2023,FFIC.OQ,-16.931297
974,2024,FFIC.OQ,-9.544079633
975,2013,FFIN.OQ,19.98500491
976,2014,FFIN.OQ,73.2222367
977,2015,FFIN.OQ,-8.24711766
978,2016,FFIN.OQ,3.03371589
979,2017,FFIN.OQ,52.853268
980,2018,FFIN.OQ,1.44973846
981,2019,FFIN.OQ,29.9618799
982,2020,FFIN.OQ,23.46171613
983,2021,FFIN.OQ,4.818194477
984,2022,FFIN.OQ,42.21575119
985,2023,FFIN.OQ,-31.20944241
986,2024,FFIN.OQ,-9.808080058
987,2013,FFWM.N,NaN
988,2014,FFWM.N,NaN
989,2015,FFWM.N,NaN
990,2016,FFWM.N,NaN
991,2017,FFWM.N,NaN
992,2018,FFWM.N,NaN
993,2019,FFWM.N,NaN
994,2020,FFWM.N,NaN
995,2021,FFWM.N,NaN
996,2022,FFWM.N,NaN
997,2023,FFWM.N,NaN
998,2024,FFWM.N,35.24299967
999,2013,FGBI.O,8.730758358
1000,2014,FGBI.O,9.105058366
1001,2015,FGBI.O,36.90620103
1002,2016,FGBI.O,10.30920649
1003,2017,FGBI.O,32.37253936
1004,2018,FGBI.O,17.77635611
1005,2019,FGBI.O,-4.701373302
1006,2020,FGBI.O,6.39777264
1007,2021,FGBI.O,-14.68241311
1008,2022,FGBI.O,30.42431078
1009,2023,FGBI.O,18.21073291
1010,2024,FGBI.O,-50.11547359
1011,2013,FHB.OQ,NaN
1012,2014,FHB.OQ,NaN
1013,2015,FHB.OQ,NaN
1014,2016,FHB.OQ,NaN
1015,2017,FHB.OQ,44.49785156
1016,2018,FHB.OQ,-13.62235438
1017,2019,FHB.OQ,-20.14389041
1018,2020,FHB.OQ,33.27690158
1019,2021,FHB.OQ,-13.79391192
1020,2022,FHB.OQ,20.32893748
1021,2023,FHB.OQ,-0.911299407
1022,2024,FHB.OQ,-7.539139977
1023,2013,FHN.N,24.40917609
1024,2014,FHN.N,19.68622646
1025,2015,FHN.N,18.46335657
1026,2016,FHN.N,8.683619984
1027,2017,FHN.N,40.37391827
1028,2018,FHN.N,1.943337627
1029,2019,FHN.N,-32.33854539
1030,2020,FHN.N,30.43342721
1031,2021,FHN.N,-18.1743479
1032,2022,FHN.N,32.62656519
1033,2023,FHN.N,53.93634666
1034,2024,FHN.N,-39.50351848
1035,2013,FISI.OQ,19.33159965
1036,2014,FISI.OQ,37.5233937
1037,2015,FISI.OQ,5.171362916
1038,2016,FISI.OQ,15.03747073
1039,2017,FISI.OQ,25.6085758
1040,2018,FISI.OQ,-6.523873152
1041,2019,FISI.OQ,-14.76786224
1042,2020,FISI.OQ,29.13578987
1043,2021,FISI.OQ,-25.54135062
1044,2022,FISI.OQ,46.38648571
1045,2023,FISI.OQ,-19.96327094
1046,2024,FISI.OQ,-6.79641411
1047,2013,FITB.OQ,22.429188
1048,2014,FITB.OQ,42.04857933
1049,2015,FITB.OQ,-0.753724207
1050,2016,FITB.OQ,1.272845169
1051,2017,FITB.OQ,37.84690616
1052,2018,FITB.OQ,15.00270205
1053,2019,FITB.OQ,-20.31580259
1054,2020,FITB.OQ,35.14655896
1055,2021,FITB.OQ,-5.356259854
1056,2022,FITB.OQ,62.4269559
1057,2023,FITB.OQ,-21.92041571
1058,2024,FITB.OQ,10.38264966
1059,2013,FLG.N,14.28543521
1060,2014,FLG.N,37.8451419
1061,2015,FLG.N,1.25556014
1062,2016,FLG.N,8.223136102
1063,2017,FLG.N,2.151424433
1064,2018,FLG.N,-13.89020219
1065,2019,FLG.N,-23.22635777
1066,2020,FLG.N,35.4473121
1067,2021,FLG.N,-5.867330733
1068,2022,FLG.N,22.62435013
1069,2023,FLG.N,-24.57492959
1070,2024,FLG.N,26.74255086
1071,2013,FLIC.OQ^F25,11.23925426
1072,2014,FLIC.OQ^F25,55.75603988
1073,2015,FLIC.OQ^F25,1.380101326
1074,2016,FLIC.OQ^F25,9.564216732
1075,2017,FLIC.OQ^F25,46.46922182
1076,2018,FLIC.OQ^F25,1.828463894
1077,2019,FLIC.OQ^F25,-28.67084507
1078,2020,FLIC.OQ^F25,29.75076435
1079,2021,FLIC.OQ^F25,-25.61276733
1080,2022,FLIC.OQ^F25,25.69421304
1081,2023,FLIC.OQ^F25,-11.99029035
1082,2024,FLIC.OQ^F25,-21.44121644
1083,2013,FMAO.OQ,NaN
1084,2014,FMAO.OQ,NaN
1085,2015,FMAO.OQ,NaN
1086,2016,FMAO.OQ,NaN
1087,2017,FMAO.OQ,NaN
1088,2018,FMAO.OQ,71.08841715
1089,2019,FMAO.OQ,-4.38656458
1090,2020,FMAO.OQ,-19.95051582
1091,2021,FMAO.OQ,-21.38153966
1092,2022,FMAO.OQ,46.8465113
1093,2023,FMAO.OQ,-14.96476605
1094,2024,FMAO.OQ,-5.184116618
1095,2013,FMBH.O,24.42816994
1096,2014,FMBH.O,-3.296703299
1097,2015,FMBH.O,-14.64870678
1098,2016,FMBH.O,42.02888847
1099,2017,FMBH.O,33.84887533
1100,2018,FMBH.O,15.40385666
1101,2019,FMBH.O,-15.58866422
1102,2020,FMBH.O,12.90528633
1103,2021,FMBH.O,-1.68649631
1104,2022,FMBH.O,29.82880093
1105,2023,FMBH.O,-23.20942561
1106,2024,FMBH.O,11.59865378
1107,2013,FMNB.OQ,30.3027251
1108,2014,FMNB.OQ,7.683843251
1109,2015,FMNB.OQ,29.46451199
1110,2016,FMNB.OQ,4.512296383
1111,2017,FMNB.OQ,67.67675536
1112,2018,FMNB.OQ,5.529855609
1113,2019,FMNB.OQ,-11.81576113
1114,2020,FMNB.OQ,31.44369975
1115,2021,FMNB.OQ,-15.6226496
1116,2022,FMNB.OQ,43.80090601
1117,2023,FMNB.OQ,-20.58088908
1118,2024,FMNB.OQ,7.880662723
1119,2013,FNB.N,-1.972209473
1120,2014,FNB.N,23.68105446
1121,2015,FNB.N,9.708844569
1122,2016,FNB.N,3.810083468
1123,2017,FNB.N,24.58866796
1124,2018,FNB.N,-10.76355928
1125,2019,FNB.N,-26.18231209
1126,2020,FNB.N,34.56405665
1127,2021,FNB.N,-20.83732714
1128,2022,FNB.N,32.7938365
1129,2023,FNB.N,11.7281111
1130,2024,FNB.N,9.697539607
1131,2013,FNLC.OQ,12.3695158
1132,2014,FNLC.OQ,10.65305619
1133,2015,FNLC.OQ,10.23951347
1134,2016,FNLC.OQ,17.16958083
1135,2017,FNLC.OQ,68.77510071
1136,2018,FNLC.OQ,-14.70130794
1137,2019,FNLC.OQ,0.195488017
1138,2020,FNLC.OQ,20.18052097
1139,2021,FNLC.OQ,-11.55573791
1140,2022,FNLC.OQ,29.25349463
1141,2023,FNLC.OQ,-0.424888867
1142,2024,FNLC.OQ,-0.581563952
1143,2013,FNWB.OQ,NaN
1144,2014,FNWB.OQ,NaN
1145,2015,FNWB.OQ,NaN
1146,2016,FNWB.OQ,16.17405583
1147,2017,FNWB.OQ,10.24734983
1148,2018,FNWB.OQ,4.487179478
1149,2019,FNWB.OQ,-8.842197819
1150,2020,FNWB.OQ,23.24172854
1151,2021,FNWB.OQ,-12.54902075
1152,2022,FNWB.OQ,31.51205964
1153,2023,FNWB.OQ,-22.85665029
1154,2024,FNWB.OQ,6.080153087
1155,2013,FRAF.OQ,NaN
1156,2014,FRAF.OQ,NaN
1157,2015,FRAF.OQ,NaN
1158,2016,FRAF.OQ,NaN
1159,2017,FRAF.OQ,NaN
1160,2018,FRAF.OQ,NaN
1161,2019,FRAF.OQ,NaN
1162,2020,FRAF.OQ,0.872416768
1163,2021,FRAF.OQ,-27.05204636
1164,2022,FRAF.OQ,27.05018443
1165,2023,FRAF.OQ,13.80800602
1166,2024,FRAF.OQ,-8.728562681
1167,2013,FRBA.OQ,NaN
1168,2014,FRBA.OQ,0.830564784
1169,2015,FRBA.OQ,2.800658973
1170,2016,FRBA.OQ,5.929487178
1171,2017,FRBA.OQ,75.49167927
1172,2018,FRBA.OQ,20.15280469
1173,2019,FRBA.OQ,-11.70704513
1174,2020,FRBA.OQ,-7.82793376
1175,2021,FRBA.OQ,-13.84264946
1176,2022,FRBA.OQ,56.44978708
1177,2023,FRBA.OQ,-3.609688513
1178,2024,FRBA.OQ,9.074809148
1179,2013,FRBKQ.PK,42.75862069
1180,2014,FRBKQ.PK,43.96135266
1181,2015,FRBKQ.PK,25.83892617
1182,2016,FRBKQ.PK,15.46666667
1183,2017,FRBKQ.PK,92.84064665
1184,2018,FRBKQ.PK,1.197604783
1185,2019,FRBKQ.PK,-29.34911243
1186,2020,FRBKQ.PK,-29.98324958
1187,2021,FRBKQ.PK,-31.81818182
1188,2022,FRBKQ.PK,30.52631579
1189,2023,FRBKQ.PK,-42.20430108
1190,2024,FRBKQ.PK,-98.60465116
1191,2013,FRCB.PK,8.068678278
1192,2014,FRCB.PK,61.03693528
1193,2015,FRCB.PK,0.670992836
1194,2016,FRCB.PK,28.01559095
1195,2017,FRCB.PK,40.71953163
1196,2018,FRCB.PK,-5.317639228
1197,2019,FRCB.PK,1.078311362
1198,2020,FRCB.PK,36.15119358
1199,2021,FRCB.PK,25.97071263
1200,2022,FRCB.PK,41.21363574
1201,2023,FRCB.PK,-40.55466986
1202,2024,FRCB.PK,-99.96629717
1203,2013,FRME.OQ,76.58116635
1204,2014,FRME.OQ,54.95308666
1205,2015,FRME.OQ,1.35367732
1206,2016,FRME.OQ,13.58741634
1207,2017,FRME.OQ,51.05479103
1208,2018,FRME.OQ,13.61653677
1209,2019,FRME.OQ,-16.92783585
1210,2020,FRME.OQ,24.60674666
1211,2021,FRME.OQ,-6.912479479
1212,2022,FRME.OQ,14.96883499
1213,2023,FRME.OQ,1.099455686
1214,2024,FRME.OQ,-5.845906371
1215,2013,FRST.OQ,35.00963129
1216,2014,FRST.OQ,28.35122396
1217,2015,FRST.OQ,19.07307731
1218,2016,FRST.OQ,20.93427357
1219,2017,FRST.OQ,28.30445175
1220,2018,FRST.OQ,0.018521194
1221,2019,FRST.OQ,-15.90892736
1222,2020,FRST.OQ,26.62158707
1223,2021,FRST.OQ,-23.12567725
1224,2022,FRST.OQ,27.63133707
1225,2023,FRST.OQ,-18.85948526
1226,2024,FRST.OQ,11.54885791
1227,2013,FSBC.OQ,NaN
1228,2014,FSBC.OQ,NaN
1229,2015,FSBC.OQ,NaN
1230,2016,FSBC.OQ,NaN
1231,2017,FSBC.OQ,NaN
1232,2018,FSBC.OQ,NaN
1233,2019,FSBC.OQ,NaN
1234,2020,FSBC.OQ,NaN
1235,2021,FSBC.OQ,NaN
1236,2022,FSBC.OQ,25.23746674
1237,2023,FSBC.OQ,-7.176193195
1238,2024,FSBC.OQ,-0.604840287
1239,2013,FSBW.OQ,24.97502498
1240,2014,FSBW.OQ,37.97895221
1241,2015,FSBW.OQ,7.731168316
1242,2016,FSBW.OQ,42.96453502
1243,2017,FSBW.OQ,41.37267393
1244,2018,FSBW.OQ,53.25523031
1245,2019,FSBW.OQ,-20.65560819
1246,2020,FSBW.OQ,50.64674459
1247,2021,FSBW.OQ,-12.43111103
1248,2022,FSBW.OQ,24.78565731
1249,2023,FSBW.OQ,2.397335924
1250,2024,FSBW.OQ,14.09081972
1251,2013,FULT.OQ,0.932366695
1252,2014,FULT.OQ,39.77932301
1253,2015,FULT.OQ,-2.819936887
1254,2016,FULT.OQ,8.441040384
1255,2017,FULT.OQ,48.52004872
1256,2018,FULT.OQ,-2.340949979
1257,2019,FULT.OQ,-10.77692663
1258,2020,FULT.OQ,16.49693953
1259,2021,FULT.OQ,-23.21537352
1260,2022,FULT.OQ,39.00459831
1261,2023,FULT.OQ,3.132143426
1262,2024,FULT.OQ,2.562262986
1263,2013,FUNC.OQ,114.6706587
1264,2014,FUNC.OQ,6.555090656
1265,2015,FUNC.OQ,12.43455498
1266,2016,FUNC.OQ,35.04074506
1267,2017,FUNC.OQ,37.5
1268,2018,FUNC.OQ,9.404388704
1269,2019,FUNC.OQ,-7.463820285
1270,2020,FUNC.OQ,54.44633407
1271,2021,FUNC.OQ,-33.27385355
1272,2022,FUNC.OQ,25.89934463
1273,2023,FUNC.OQ,7.421819101
1274,2024,FUNC.OQ,25.20004263
1275,2013,FVCB.O,NaN
1276,2014,FVCB.O,13.33333333
1277,2015,FVCB.O,-8.823529412
1278,2016,FVCB.O,39.11290322
1279,2017,FVCB.O,21.73913044
1280,2018,FVCB.O,30.35714285
1281,2019,FVCB.O,0.513698632
1282,2020,FVCB.O,-0.795002842
1283,2021,FVCB.O,-15.85575272
1284,2022,FVCB.O,33.87755103
1285,2023,FVCB.O,-3.099593495
1286,2024,FVCB.O,-6.921866806
1287,2013,GABC.OQ,22.67003782
1288,2014,GABC.OQ,34.47447605
1289,2015,GABC.OQ,9.681341508
1290,2016,GABC.OQ,11.68818731
1291,2017,GABC.OQ,61.25654369
1292,2018,GABC.OQ,2.320094903
1293,2019,GABC.OQ,-20.01438947
1294,2020,GABC.OQ,31.09916726
1295,2021,GABC.OQ,-4.780852654
1296,2022,GABC.OQ,20.32918654
1297,2023,GABC.OQ,-1.957399186
1298,2024,GABC.OQ,-10.21681671
1299,2013,GBCI.N,22.27763924
1300,2014,GBCI.N,102.5152957
1301,2015,GBCI.N,-6.780798928
1302,2016,GBCI.N,-3.367114161
1303,2017,GBCI.N,38.23866425
1304,2018,GBCI.N,10.59081875
1305,2019,GBCI.N,0.583904548
1306,2020,GBCI.N,16.92733252
1307,2021,GBCI.N,0.482495745
1308,2022,GBCI.N,23.60427434
1309,2023,GBCI.N,-10.36444319
1310,2024,GBCI.N,-13.05704541
1311,2013,GNTY.K^J25,NaN
1312,2014,GNTY.K^J25,NaN
1313,2015,GNTY.K^J25,NaN
1314,2016,GNTY.K^J25,NaN
1315,2017,GNTY.K^J25,NaN
1316,2018,GNTY.K^J25,3.133913132
1317,2019,GNTY.K^J25,-0.835761805
1318,2020,GNTY.K^J25,12.81255364
1319,2021,GNTY.K^J25,-5.943977302
1320,2022,GNTY.K^J25,41.14707059
1321,2023,GNTY.K^J25,-5.492912086
1322,2024,GNTY.K^J25,0.155832868
1323,2013,GSBC.OQ,10.83661603
1324,2014,GSBC.OQ,22.68059779
1325,2015,GSBC.OQ,33.69952651
1326,2016,GSBC.OQ,16.44102386
1327,2017,GSBC.OQ,23.40530021
1328,2018,GSBC.OQ,-3.790331302
1329,2019,GSBC.OQ,-8.794362041
1330,2020,GSBC.OQ,42.7350917
1331,2021,GSBC.OQ,-18.71263322
1332,2022,GSBC.OQ,24.22053618
1333,2023,GSBC.OQ,3.087680087
1334,2024,GSBC.OQ,2.855094048
1335,2013,HAFC.OQ,83.64864864
1336,2014,HAFC.OQ,62.31850221
1337,2015,HAFC.OQ,0.924159757
1338,2016,HAFC.OQ,10.92432242
1339,2017,HAFC.OQ,51.30438288
1340,2018,HAFC.OQ,-10.73309434
1341,2019,HAFC.OQ,-32.6466367
1342,2020,HAFC.OQ,6.147764892
1343,2021,HAFC.OQ,-40.85225409
1344,2022,HAFC.OQ,114.5071504
1345,2023,HAFC.OQ,8.446202298
1346,2024,HAFC.OQ,-17.13436151
1347,2013,HBAN.OQ,19.30907782
1348,2014,HBAN.OQ,54.52222796
1349,2015,HBAN.OQ,11.36607502
1350,2016,HBAN.OQ,7.510443884
1351,2017,HBAN.OQ,22.92144621
1352,2018,HBAN.OQ,12.98057162
1353,2019,HBAN.OQ,-15.25237877
1354,2020,HBAN.OQ,31.73885007
1355,2021,HBAN.OQ,-11.12245713
1356,2022,HBAN.OQ,27.02241657
1357,2023,HBAN.OQ,-4.285312342
1358,2024,HBAN.OQ,-4.650812371
1359,2013,HBCP.OQ,17.97026503
1360,2014,HBCP.OQ,3.287671234
1361,2015,HBCP.OQ,22.06607437
1362,2016,HBCP.OQ,14.69922799
1363,2017,HBCP.OQ,50.83733228
1364,2018,HBCP.OQ,13.57603631
1365,2019,HBCP.OQ,-16.70764968
1366,2020,HBCP.OQ,13.26603006
1367,2021,HBCP.OQ,-26.21392401
1368,2022,HBCP.OQ,51.97563156
1369,2023,HBCP.OQ,-1.258198644
1370,2024,HBCP.OQ,7.982416328
1371,2013,HBNC.OQ,73.03217347
1372,2014,HBNC.OQ,31.37968182
1373,2015,HBNC.OQ,5.458977628
1374,2016,HBNC.OQ,8.878219258
1375,2017,HBNC.OQ,53.65574303
1376,2018,HBNC.OQ,1.058521627
1377,2019,HBNC.OQ,-13.15590709
1378,2020,HBNC.OQ,23.68396636
1379,2021,HBNC.OQ,-12.86887645
1380,2022,HBNC.OQ,35.40608291
1381,2023,HBNC.OQ,-25.26917081
1382,2024,HBNC.OQ,0.458953498
1383,2013,HBT.OQ,NaN
1384,2014,HBT.OQ,NaN
1385,2015,HBT.OQ,NaN
1386,2016,HBT.OQ,NaN
1387,2017,HBT.OQ,NaN
1388,2018,HBT.OQ,NaN
1389,2019,HBT.OQ,NaN
1390,2020,HBT.OQ,22.2007722
1391,2021,HBT.OQ,-16.55175541
1392,2022,HBT.OQ,28.02664313
1393,2023,HBT.OQ,8.056804034
1394,2024,HBT.OQ,11.66667538
1395,2013,HFWA.OQ,23.73600501
1396,2014,HFWA.OQ,19.74125407
1397,2015,HFWA.OQ,5.657911005
1398,2016,HFWA.OQ,10.64294562
1399,2017,HFWA.OQ,42.31027834
1400,2018,HFWA.OQ,22.28198879
1401,2019,HFWA.OQ,-1.340506473
1402,2020,HFWA.OQ,-2.009215237
1403,2021,HFWA.OQ,-14.02945317
1404,2022,HFWA.OQ,7.866123707
1405,2023,HFWA.OQ,29.3139733
1406,2024,HFWA.OQ,-26.88254586
1407,2013,HIFS.OQ,32.6174776
1408,2014,HIFS.OQ,27.86336686
1409,2015,HIFS.OQ,12.8360792
1410,2016,HIFS.OQ,40.87747444
1411,2017,HIFS.OQ,66.27021287
1412,2018,HIFS.OQ,6.10168958
1413,2019,HIFS.OQ,-3.676751565
1414,2020,HIFS.OQ,7.435084812
1415,2021,HIFS.OQ,4.680603762
1416,2022,HIFS.OQ,95.95059297
1417,2023,HIFS.OQ,-33.55640704
1418,2024,HIFS.OQ,-28.60093052
1419,2013,MCHB.O,112.9166667
1420,2014,MCHB.O,-20.47320248
1421,2015,MCHB.O,-12.41476664
1422,2016,MCHB.O,24.69844917
1423,2017,MCHB.O,45.55504376
1424,2018,MCHB.O,-8.386075949
1425,2019,MCHB.O,-26.66666666
1426,2020,MCHB.O,60.1507301
1427,2021,MCHB.O,1.367720754
1428,2022,MCHB.O,57.69496133
1429,2023,MCHB.O,-44.86420563
1430,2024,MCHB.O,-60.55296527
1431,2013,HOMB.N,27.44114242
1432,2014,HOMB.N,126.2265294
1433,2015,HOMB.N,-13.89558232
1434,2016,HOMB.N,25.99502489
1435,2017,HOMB.N,37.0681145
1436,2018,HOMB.N,-16.27655743
1437,2019,HOMB.N,-29.72043011
1438,2020,HOMB.N,20.31823745
1439,2021,HOMB.N,-0.915564604
1440,2022,HOMB.N,25.00000001
1441,2023,HOMB.N,-3.793248414
1442,2024,HOMB.N,14.7963818
1443,2013,HONE.OQ,NaN
1444,2014,HONE.OQ,NaN
1445,2015,HONE.OQ,NaN
1446,2016,HONE.OQ,NaN
1447,2017,HONE.OQ,49.69040247
1448,2018,HONE.OQ,-0.930713554
1449,2019,HONE.OQ,-17.06680585
1450,2020,HONE.OQ,24.1752303
1451,2021,HONE.OQ,-0.194730512
1452,2022,HONE.OQ,38.12192529
1453,2023,HONE.OQ,-4.092806454
1454,2024,HONE.OQ,-11.86191003
1455,2013,HOPE.OQ,22.94699681
1456,2014,HOPE.OQ,46.02103466
1457,2015,HOPE.OQ,-11.22981603
1458,2016,HOPE.OQ,23.12605458
1459,2017,HOPE.OQ,30.86754487
1460,2018,HOPE.OQ,-14.39878267
1461,2019,HOPE.OQ,-32.85759904
1462,2020,HOPE.OQ,30.35609495
1463,2021,HOPE.OQ,-22.11683352
1464,2022,HOPE.OQ,40.37783725
1465,2023,HOPE.OQ,-9.543888995
1466,2024,HOPE.OQ,-0.14200792
1467,2013,HTBK.OQ,47.25738397
1468,2014,HTBK.OQ,19.02750731
1469,2015,HTBK.OQ,9.537273975
1470,2016,HTBK.OQ,39.96068192
1471,2017,HTBK.OQ,24.91743294
1472,2018,HTBK.OQ,9.167487732
1473,2019,HTBK.OQ,-23.83586636
1474,2020,HTBK.OQ,17.62298947
1475,2021,HTBK.OQ,-26.27766034
1476,2022,HTBK.OQ,41.08909347
1477,2023,HTBK.OQ,13.59660892
1478,2024,HTBK.OQ,-19.16611418
1479,2013,HTH.N,60.23668638
1480,2014,HTH.N,70.82717873
1481,2015,HTH.N,-13.74837872
1482,2016,HTH.N,-3.659147871
1483,2017,HTH.N,55.39960626
1484,2018,HTH.N,-14.19038941
1485,2019,HTH.N,-28.69605074
1486,2020,HTH.N,41.93409697
1487,2021,HTH.N,12.4195433
1488,2022,HTH.N,29.52676925
1489,2023,HTH.N,-12.85669983
1490,2024,HTH.N,19.7693505
1491,2013,HWBK.OQ,36.00817445
1492,2014,HWBK.OQ,65.1713958
1493,2015,HWBK.OQ,22.2276004
1494,2016,HWBK.OQ,15.40136931
1495,2017,HWBK.OQ,18.48155365
1496,2018,HWBK.OQ,23.88642124
1497,2019,HWBK.OQ,7.137779317
1498,2020,HWBK.OQ,28.49377438
1499,2021,HWBK.OQ,-8.423073337
1500,2022,HWBK.OQ,25.77699739
1501,2023,HWBK.OQ,-9.952562158
1502,2024,HWBK.OQ,25.44739547
1503,2013,HWC.OQ,2.407338475
1504,2014,HWC.OQ,19.20879379
1505,2015,HWC.OQ,-13.86535773
1506,2016,HWC.OQ,-15.22717281
1507,2017,HWC.OQ,76.74963491
1508,2018,HWC.OQ,17.20292435
1509,2019,HWC.OQ,-28.48199885
1510,2020,HWC.OQ,30.16478432
1511,2021,HWC.OQ,-19.24594312
1512,2022,HWC.OQ,50.54363564
1513,2023,HWC.OQ,-1.217235041
1514,2024,HWC.OQ,3.194650252
1515,2013,IBCP.OQ,153.6231884
1516,2014,IBCP.OQ,242.8571428
1517,2015,IBCP.OQ,10.30224879
1518,2016,IBCP.OQ,18.93276355
1519,2017,IBCP.OQ,45.62475782
1520,2018,IBCP.OQ,4.995844237
1521,2019,IBCP.OQ,-3.51347764
1522,2020,IBCP.OQ,11.37126512
1523,2021,IBCP.OQ,-14.2005847
1524,2022,IBCP.OQ,34.24637032
1525,2023,IBCP.OQ,4.327004371
1526,2024,IBCP.OQ,14.01354708
1527,2013,IBOC.OQ,0.394451641
1528,2014,IBOC.OQ,49.17087418
1529,2015,IBOC.OQ,2.696901702
1530,2016,IBOC.OQ,-0.900491374
1531,2017,IBOC.OQ,62.29740819
1532,2018,IBOC.OQ,-0.997723026
1533,2019,IBOC.OQ,-11.77634608
1534,2020,IBOC.OQ,28.6481925
1535,2021,IBOC.OQ,-9.589855253
1536,2022,IBOC.OQ,16.46673734
1537,2023,IBOC.OQ,10.93873856
1538,2024,IBOC.OQ,21.96936939
1539,2013,INBK.O,127.4078224
1540,2014,INBK.O,62.38389238
1541,2015,INBK.O,-24.63817552
1542,2016,INBK.O,73.06083605
1543,2017,INBK.O,12.60242874
1544,2018,INBK.O,20.12176232
1545,2019,INBK.O,-45.97402635
1546,2020,INBK.O,17.32960113
1547,2021,INBK.O,22.84245474
1548,2022,INBK.O,64.79031016
1549,2023,INBK.O,-48.01048458
1550,2024,INBK.O,0.991080545
1551,2013,INDB.OQ,9.196966565
1552,2014,INDB.OQ,38.77503397
1553,2015,INDB.OQ,11.97796164
1554,2016,INDB.OQ,11.14812449
1555,2017,INDB.OQ,54.79890139
1556,2018,INDB.OQ,1.050149233
1557,2019,INDB.OQ,2.725392238
1558,2020,INDB.OQ,21.12778044
1559,2021,INDB.OQ,-9.584794383
1560,2022,INDB.OQ,14.34259917
1561,2023,INDB.OQ,6.221626106
1562,2024,INDB.OQ,-18.90905913
1563,2013,ISTR.OQ,NaN
1564,2014,ISTR.OQ,NaN
1565,2015,ISTR.OQ,-2.365786987
1566,2016,ISTR.OQ,27.32576181
1567,2017,ISTR.OQ,6.243688891
1568,2018,ISTR.OQ,29.62514374
1569,2019,ISTR.OQ,3.709742408
1570,2020,ISTR.OQ,-2.284253641
1571,2021,ISTR.OQ,-29.79025214
1572,2022,ISTR.OQ,12.98369546
1573,2023,ISTR.OQ,19.03769903
1574,2024,ISTR.OQ,-28.56982991
1575,2013,JMSB.O,NaN
1576,2014,JMSB.O,8.455882351
1577,2015,JMSB.O,20
1578,2016,JMSB.O,13.55936745
1579,2017,JMSB.O,23.88059702
1580,2018,JMSB.O,7.22891567
1581,2019,JMSB.O,-16.01123596
1582,2020,JMSB.O,10.36789298
1583,2021,JMSB.O,-13.33333334
1584,2022,JMSB.O,39.16083916
1585,2023,JMSB.O,45.81686808
1586,2024,JMSB.O,-20.78827901
1587,2013,JPM.N,36.17974705
1588,2014,JPM.N,36.71044635
1589,2015,JPM.N,9.881281512
1590,2016,JPM.N,8.366289208
1591,2017,JPM.N,34.56645971
1592,2018,JPM.N,26.73143656
1593,2019,JPM.N,-6.645787487
1594,2020,JPM.N,47.26676933
1595,2021,JPM.N,-5.518061418
1596,2022,JPM.N,27.72528075
1597,2023,JPM.N,-12.61136262
1598,2024,JPM.N,30.62735858
1599,2013,KEY.N,11.95015234
1600,2014,KEY.N,62.4896727
1601,2015,KEY.N,5.526520978
1602,2016,KEY.N,-3.103253441
1603,2017,KEY.N,42.13830636
1604,2018,KEY.N,12.73663932
1605,2019,KEY.N,-24.63322032
1606,2020,KEY.N,42.69617744
1607,2021,KEY.N,-14.49849419
1608,2022,KEY.N,45.90022112
1609,2023,KEY.N,-21.65766229
1610,2024,KEY.N,-11.54691641
1611,2013,LARK.OQ,14.14504683
1612,2014,LARK.OQ,7.933278357
1613,2015,LARK.OQ,16.26045014
1614,2016,LARK.OQ,33.03896753
1615,2017,LARK.OQ,15.58456812
1616,2018,LARK.OQ,11.57376671
1617,2019,LARK.OQ,-14.67262642
1618,2020,LARK.OQ,18.75288305
1619,2021,LARK.OQ,-0.990997256
1620,2022,LARK.OQ,34.89652833
1621,2023,LARK.OQ,-13.86059431
1622,2024,LARK.OQ,-6.283390753
1623,2013,LCNB.OQ,11.80914465
1624,2014,LCNB.OQ,33.77521387
1625,2015,LCNB.OQ,-12.14752122
1626,2016,LCNB.OQ,12.98287185
1627,2017,LCNB.OQ,47.31753447
1628,2018,LCNB.OQ,-9.227950591
1629,2019,LCNB.OQ,-23.2112435
1630,2020,LCNB.OQ,32.55092885
1631,2021,LCNB.OQ,-20.11959036
1632,2022,LCNB.OQ,38.79568459
1633,2023,LCNB.OQ,-3.361116129
1634,2024,LCNB.OQ,-7.366207626
1635,2013,LKFN.OQ,3.174615091
1636,2014,LKFN.OQ,53.80892927
1637,2015,LKFN.OQ,13.93241039
1638,2016,LKFN.OQ,9.655423167
1639,2017,LKFN.OQ,55.97028747
1640,2018,LKFN.OQ,4.311533638
1641,2019,LKFN.OQ,-15.37624906
1642,2020,LKFN.OQ,24.97551214
1643,2021,LKFN.OQ,12.52374055
1644,2022,LKFN.OQ,52.7567911
1645,2023,LKFN.OQ,-7.013731275
1646,2024,LKFN.OQ,-7.763319195
1647,2013,LOB.N,NaN
1648,2014,LOB.N,NaN
1649,2015,LOB.N,NaN
1650,2016,LOB.N,NaN
1651,2017,LOB.N,NaN
1652,2018,LOB.N,NaN
1653,2019,LOB.N,NaN
1654,2020,LOB.N,NaN
1655,2021,LOB.N,NaN
1656,2022,LOB.N,NaN
1657,2023,LOB.N,-2.265372167
1658,2024,LOB.N,51.25251919
1659,2013,MBCN.O,48.35487622
1660,2014,MBCN.O,3.909674993
1661,2015,MBCN.O,31.53228715
1662,2016,MBCN.O,-2.064180149
1663,2017,MBCN.O,22.34258984
1664,2018,MBCN.O,27.52676781
1665,2019,MBCN.O,-9.842227547
1666,2020,MBCN.O,26.11309281
1667,2021,MBCN.O,-11.20082385
1668,2022,MBCN.O,13.40808783
1669,2023,MBCN.O,13.87623363
1670,2024,MBCN.O,21.88251422
1671,2013,MBIN.OQ,NaN
1672,2014,MBIN.OQ,NaN
1673,2015,MBIN.OQ,NaN
1674,2016,MBIN.OQ,NaN
1675,2017,MBIN.OQ,NaN
1676,2018,MBIN.OQ,17.42458642
1677,2019,MBIN.OQ,2.427413555
1678,2020,MBIN.OQ,0.313524006
1679,2021,MBIN.OQ,42.61332929
1680,2022,MBIN.OQ,72.81196477
1681,2023,MBIN.OQ,-22.06497722
1682,2024,MBIN.OQ,76.98958384
1683,2013,MBWM.OQ,69.4016858
1684,2014,MBWM.OQ,33.98438119
1685,2015,MBWM.OQ,9.024502001
1686,2016,MBWM.OQ,20.03642564
1687,2017,MBWM.OQ,59.72585568
1688,2018,MBWM.OQ,-4.001090892
1689,2019,MBWM.OQ,-15.72500943
1690,2020,MBWM.OQ,33.31005202
1691,2021,MBWM.OQ,-22.00213738
1692,2022,MBWM.OQ,33.74000547
1693,2023,MBWM.OQ,-0.863557206
1694,2024,MBWM.OQ,25.77244445
1695,2013,MCB.N,NaN
1696,2014,MCB.N,NaN
1697,2015,MCB.N,NaN
1698,2016,MCB.N,NaN
1699,2017,MCB.N,NaN
1700,2018,MCB.N,13.14162859
1701,2019,MCB.N,-26.72209027
1702,2020,MCB.N,56.33711507
1703,2021,MCB.N,-24.79784367
1704,2022,MCB.N,193.7138131
1705,2023,MCB.N,-44.92631184
1706,2024,MCB.N,-5.607635929
1707,2013,MCBS.O,NaN
1708,2014,MCBS.O,NaN
1709,2015,MCBS.O,NaN
1710,2016,MCBS.O,NaN
1711,2017,MCBS.O,NaN
1712,2018,MCBS.O,68.15405598
1713,2019,MCBS.O,65.82914573
1714,2020,MCBS.O,7.701684349
1715,2021,MCBS.O,-15.17705149
1716,2022,MCBS.O,95.72504229
1717,2023,MCBS.O,-19.24562627
1718,2024,MCBS.O,15.36277953
1719,2013,MFIN.OQ,10.96269238
1720,2014,MFIN.OQ,29.73312781
1721,2015,MFIN.OQ,-24.76540513
1722,2016,MFIN.OQ,-21.88830339
1723,2017,MFIN.OQ,-53.42905967
1724,2018,MFIN.OQ,17.88079471
1725,2019,MFIN.OQ,31.74157303
1726,2020,MFIN.OQ,55.01066099
1727,2021,MFIN.OQ,-32.5997249
1728,2022,MFIN.OQ,18.36734694
1729,2023,MFIN.OQ,28.19223718
1730,2024,MFIN.OQ,44.00325423
1731,2013,MNSB.O,1.338432124
1732,2014,MNSB.O,52.83018869
1733,2015,MNSB.O,9.876543209
1734,2016,MNSB.O,38.76404494
1735,2017,MNSB.O,14.97975708
1736,2018,MNSB.O,23.38028169
1737,2019,MNSB.O,2.243145574
1738,2020,MNSB.O,34.8182884
1739,2021,MNSB.O,-26.47826087
1740,2022,MNSB.O,45.41691307
1741,2023,MNSB.O,12.88857578
1742,2024,MNSB.O,-8.161897076
1743,2013,MOFG.OQ,42.89100875
1744,2014,MOFG.OQ,35.37940213
1745,2015,MOFG.OQ,8.377033233
1746,2016,MOFG.OQ,7.69434823
1747,2017,MOFG.OQ,26.35133424
1748,2018,MOFG.OQ,-9.10385279
1749,2019,MOFG.OQ,-24.11238816
1750,2020,MOFG.OQ,49.83546477
1751,2021,MOFG.OQ,-29.61955064
1752,2022,MOFG.OQ,36.1717282
1753,2023,MOFG.OQ,1.087064545
1754,2024,MOFG.OQ,-11.47225173
1755,2013,MPB.OQ,45.49345775
1756,2014,MPB.OQ,35.51981242
1757,2015,MPB.OQ,11.6266448
1758,2016,MPB.OQ,4.972586072
1759,2017,MPB.OQ,53.4547402
1760,2018,MPB.OQ,48.98561034
1761,2019,MPB.OQ,-32.19934867
1762,2020,MPB.OQ,29.13488687
1763,2021,MPB.OQ,-21.21152711
1764,2022,MPB.OQ,49.56767956
1765,2023,MPB.OQ,-2.93254431
1766,2024,MPB.OQ,-16.03193639
1767,2013,MSBI.OQ,NaN
1768,2014,MSBI.OQ,NaN
1769,2015,MSBI.OQ,NaN
1770,2016,MSBI.OQ,NaN
1771,2017,MSBI.OQ,67.57793127
1772,2018,MSBI.OQ,-8.001843278
1773,2019,MSBI.OQ,-29.21051342
1774,2020,MSBI.OQ,34.51841226
1775,2021,MSBI.OQ,-34.32231788
1776,2022,MSBI.OQ,45.16278322
1777,2023,MSBI.OQ,11.95112101
1778,2024,MSBI.OQ,9.172693331
1779,2013,MTB.N,33.23362744
1780,2014,MTB.N,21.29044409
1781,2015,MTB.N,10.41664912
1782,2016,MTB.N,-1.299260502
1783,2017,MTB.N,32.11647453
1784,2018,MTB.N,11.36559777
1785,2019,MTB.N,-14.59501233
1786,2020,MTB.N,21.66097792
1787,2021,MTB.N,-22.09055917
1788,2022,MTB.N,24.28906923
1789,2023,MTB.N,-2.98268415
1790,2024,MTB.N,-1.667149232
1791,2013,MVBF.O,42.85714286
1792,2014,MVBF.O,38.33333333
1793,2015,MVBF.O,-9.446204403
1794,2016,MVBF.O,-12.49491003
1795,2017,MVBF.O,-1.804674712
1796,2018,MVBF.O,57.80243226
1797,2019,MVBF.O,-9.7093205
1798,2020,MVBF.O,39.62363629
1799,2021,MVBF.O,-6.958764363
1800,2022,MVBF.O,85.4712897
1801,2023,MVBF.O,-45.82125074
1802,2024,MVBF.O,5.720433471
1803,2013,MYFW.OQ,NaN
1804,2014,MYFW.OQ,NaN
1805,2015,MYFW.OQ,NaN
1806,2016,MYFW.OQ,NaN
1807,2017,MYFW.OQ,NaN
1808,2018,MYFW.OQ,NaN
1809,2019,MYFW.OQ,-40.55837564
1810,2020,MYFW.OQ,40.64901794
1811,2021,MYFW.OQ,18.82210078
1812,2022,MYFW.OQ,55.13541135
1813,2023,MYFW.OQ,-7.279314887
1814,2024,MYFW.OQ,-29.55595026
1815,2013,NBHC.N,-2.849391519
1816,2014,NBHC.N,13.8601648
1817,2015,NBHC.N,-8.385601183
1818,2016,NBHC.N,11.20643321
1819,2017,NBHC.N,50.66487486
1820,2018,NBHC.N,2.77244584
1821,2019,NBHC.N,-3.432867725
1822,2020,NBHC.N,16.554583
1823,2021,NBHC.N,-4.462937897
1824,2022,NBHC.N,37.04678979
1825,2023,NBHC.N,-2.152520476
1826,2024,NBHC.N,-8.824154959
1827,2013,NBTB.OQ,-4.799619124
1828,2014,NBTB.OQ,32.58393697
1829,2015,NBTB.OQ,5.069789852
1830,2016,NBTB.OQ,9.725511012
1831,2017,NBTB.OQ,54.62110729
1832,2018,NBTB.OQ,-9.910754282
1833,2019,NBTB.OQ,-3.517076267
1834,2020,NBTB.OQ,20.58516031
1835,2021,NBTB.OQ,-18.12594543
1836,2022,NBTB.OQ,23.63324454
1837,2023,NBTB.OQ,16.03722631
1838,2024,NBTB.OQ,-0.090922245
1839,2013,NFBK.OQ,8.610392214
1840,2014,NFBK.OQ,26.58890969
1841,2015,NFBK.OQ,14.37842014
1842,2016,NFBK.OQ,9.603440858
1843,2017,NFBK.OQ,27.9508904
1844,2018,NFBK.OQ,-12.76536144
1845,2019,NFBK.OQ,-18.56875465
1846,2020,NFBK.OQ,28.66239186
1847,2021,NFBK.OQ,-24.40050751
1848,2022,NFBK.OQ,35.15421007
1849,2023,NFBK.OQ,0.865998466
1850,2024,NFBK.OQ,-16.1423707
1851,2013,NIC,NaN
1852,2014,NIC,3.375000002
1853,2015,NIC,51.14873035
1854,2016,NIC,27.16
1855,2017,NIC,50.01572822
1856,2018,NIC,14.78297336
1857,2019,NIC,-10.85129704
1858,2020,NIC,51.33196722
1859,2021,NIC,-10.15572106
1860,2022,NIC,29.2388847
1861,2023,NIC,-6.950437319
1862,2024,NIC,1.949831915
1863,2013,NKSH.OQ,20.34807164
1864,2014,NKSH.OQ,17.48049424
1865,2015,NKSH.OQ,-14.585954
1866,2016,NKSH.OQ,21.28191985
1867,2017,NKSH.OQ,26.35368421
1868,2018,NKSH.OQ,7.5377334
1869,2019,NKSH.OQ,-17.7407465
1870,2020,NKSH.OQ,27.40135534
1871,2021,NKSH.OQ,-26.98553799
1872,2022,NKSH.OQ,20.42537269
1873,2023,NKSH.OQ,15.83567627
1874,2024,NKSH.OQ,-13.17603004
1875,2013,NRIM.OQ,32.8297345
1876,2014,NRIM.OQ,19.08513878
1877,2015,NRIM.OQ,2.773479611
1878,2016,NRIM.OQ,4.220747052
1879,2017,NRIM.OQ,22.44528273
1880,2018,NRIM.OQ,10.11305365
1881,2019,NRIM.OQ,-0.27852449
1882,2020,NRIM.OQ,20.61631677
1883,2021,NRIM.OQ,-6.987006288
1884,2022,NRIM.OQ,32.43965731
1885,2023,NRIM.OQ,30.74660992
1886,2024,NRIM.OQ,10.38734268
1887,2013,NWBI.OQ,2.572492339
1888,2014,NWBI.OQ,26.42589048
1889,2015,NWBI.OQ,-4.528825633
1890,2016,NWBI.OQ,11.71813796
1891,2017,NWBI.OQ,40.58778367
1892,2018,NWBI.OQ,-3.534152861
1893,2019,NWBI.OQ,5.397081964
1894,2020,NWBI.OQ,2.347369478
1895,2021,NWBI.OQ,-17.98980666
1896,2022,NWBI.OQ,17.81907993
1897,2023,NWBI.OQ,4.591078229
1898,2024,NWBI.OQ,-4.383546236
1899,2013,NWFL.OQ,11.65566766
1900,2014,NWFL.OQ,2.695516124
1901,2015,NWFL.OQ,11.43130996
1902,2016,NWFL.OQ,3.068629072
1903,2017,NWFL.OQ,20.56937076
1904,2018,NWFL.OQ,52.89968343
1905,2019,NWFL.OQ,2.658500707
1906,2020,NWFL.OQ,21.47186044
1907,2021,NWFL.OQ,-30.32876949
1908,2022,NWFL.OQ,3.339662634
1909,2023,NWFL.OQ,34.1236073
1910,2024,NWFL.OQ,2.416762263
1911,2013,OBK.N,NaN
1912,2014,OBK.N,NaN
1913,2015,OBK.N,NaN
1914,2016,OBK.N,NaN
1915,2017,OBK.N,NaN
1916,2018,OBK.N,NaN
1917,2019,OBK.N,-8.89412958
1918,2020,OBK.N,11.86333561
1919,2021,OBK.N,-25.448291
1920,2022,OBK.N,56.44455775
1921,2023,OBK.N,-13.30226112
1922,2024,OBK.N,-1.244559513
1923,2013,OCFC.OQ,8.902438215
1924,2014,OCFC.OQ,28.41758281
1925,2015,OCFC.OQ,3.047863054
1926,2016,OCFC.OQ,20.38642142
1927,2017,OCFC.OQ,54.27948849
1928,2018,OCFC.OQ,-10.6771825
1929,2019,OCFC.OQ,-12.24791581
1930,2020,OCFC.OQ,16.67738375
1931,2021,OCFC.OQ,-24.01017319
1932,2022,OCFC.OQ,23.04967596
1933,2023,OCFC.OQ,-0.904738797
1934,2024,OCFC.OQ,-14.36690281
1935,2013,ONB.OQ,4.94251484
1936,2014,ONB.OQ,33.24232208
1937,2015,ONB.OQ,-0.061637924
1938,2016,ONB.OQ,-5.724367293
1939,2017,ONB.OQ,39.04310862
1940,2018,ONB.OQ,-0.918165171
1941,2019,ONB.OQ,-9.229663781
1942,2020,ONB.OQ,22.4175179
1943,2021,ONB.OQ,-5.964866544
1944,2022,ONB.OQ,12.89845508
1945,2023,ONB.OQ,2.480871139
1946,2024,ONB.OQ,-2.4637968
1947,2013,OPBK.O,61.53846154
1948,2014,OPBK.O,257.1428571
1949,2015,OPBK.O,-5.333333332
1950,2016,OPBK.O,-7.746478872
1951,2017,OPBK.O,17.55725191
1952,2018,OPBK.O,27.27272728
1953,2019,OPBK.O,-9.489795924
1954,2020,OPBK.O,19.37211957
1955,2021,OPBK.O,-22.80028725
1956,2022,OPBK.O,71.04605863
1957,2023,OPBK.O,-9.336393756
1958,2024,OPBK.O,3.242264058
1959,2013,OPOF.O^I25,10.42432815
1960,2014,OPOF.O^I25,18.03597741
1961,2015,OPOF.O^I25,19.03803222
1962,2016,OPOF.O^I25,16.87369154
1963,2017,OPOF.O^I25,48.62839858
1964,2018,OPOF.O^I25,20.7749413
1965,2019,OPOF.O^I25,-25.37673459
1966,2020,OPOF.O^I25,28.44261449
1967,2021,OPOF.O^I25,-29.16364342
1968,2022,OPOF.O^I25,26.01251658
1969,2023,OPOF.O^I25,18.07816519
1970,2024,OPOF.O^I25,-31.54036988
1971,2013,ORRF.OQ,18.90909091
1972,2014,ORRF.OQ,66.66666668
1973,2015,ORRF.OQ,3.853211005
1974,2016,ORRF.OQ,7.238299344
1975,2017,ORRF.OQ,26.95362189
1976,2018,ORRF.OQ,14.7370695
1977,2019,ORRF.OQ,-26.36322042
1978,2020,ORRF.OQ,27.85413752
1979,2021,ORRF.OQ,-23.4564956
1980,2022,ORRF.OQ,57.54746551
1981,2023,ORRF.OQ,-5.281320406
1982,2024,ORRF.OQ,32.22143496
1983,2013,OSBC.OQ,-8.270676696
1984,2014,OSBC.OQ,277.8688525
1985,2015,OSBC.OQ,16.48590021
1986,2016,OSBC.OQ,45.99627561
1987,2017,OSBC.OQ,41.50567158
1988,2018,OSBC.OQ,23.94632998
1989,2019,OSBC.OQ,-4.498494767
1990,2020,OSBC.OQ,3.937645377
1991,2021,OSBC.OQ,-24.69551395
1992,2022,OSBC.OQ,26.24399392
1993,2023,OSBC.OQ,29.21329888
1994,2024,OSBC.OQ,-2.393961311
1995,2013,OVBC.OQ,4.549846023
1996,2014,OVBC.OQ,24.20229016
1997,2015,OVBC.OQ,10.57176067
1998,2016,OVBC.OQ,3.733945842
1999,2017,OVBC.OQ,13.96237621
2000,2018,OVBC.OQ,52.5286734
2001,2019,OVBC.OQ,-10.66887909
2002,2020,OVBC.OQ,14.5397068
2003,2021,OVBC.OQ,-38.34215473
2004,2022,OVBC.OQ,27.40486864
2005,2023,OVBC.OQ,-5.900671491
2006,2024,OVBC.OQ,-9.288038474
2007,2013,OVLY.OQ,10.37037037
2008,2014,OVLY.OQ,10.73825503
2009,2015,OVLY.OQ,25.84764036
2010,2016,OVLY.OQ,3.531959387
2011,2017,OVLY.OQ,23.22127659
2012,2018,OVLY.OQ,57.68152594
2013,2019,OVLY.OQ,-5.132226615
2014,2020,OVLY.OQ,7.893981846
2015,2021,OVLY.OQ,-13.0065269
2016,2022,OVLY.OQ,6.545927134
2017,2023,OVLY.OQ,32.35474323
2018,2024,OVLY.OQ,33.86179019
2019,2013,OZK.OQ,14.77738499
2020,2014,OZK.OQ,71.98851933
2021,2015,OZK.OQ,36.04500349
2022,2016,OZK.OQ,32.21645137
2023,2017,OZK.OQ,7.950290201
2024,2018,OZK.OQ,-6.507716423
2025,2019,OZK.OQ,-52.01358562
2026,2020,OZK.OQ,38.1530433
2027,2021,OZK.OQ,7.337777339
2028,2022,OZK.OQ,53.0184881
2029,2023,OZK.OQ,-11.25252739
2030,2024,OZK.OQ,29.07009522
2031,2013,PB.N,6.031150707
2032,2014,PB.N,53.41822566
2033,2015,PB.N,-11.20939124
2034,2016,PB.N,-11.69654944
2035,2017,PB.N,53.51226223
2036,2018,PB.N,-0.355611684
2037,2019,PB.N,-9.19992559
2038,2020,PB.N,18.18678764
2039,2021,PB.N,-0.412538033
2040,2022,PB.N,6.355541076
2041,2023,PB.N,3.620949819
2042,2024,PB.N,-3.398828733
2043,2013,PCB.O,100
2044,2014,PCB.O,122.2222222
2045,2015,PCB.O,3.166666667
2046,2016,PCB.O,14.41312255
2047,2017,PCB.O,11.55881066
2048,2018,PCB.O,19.48903269
2049,2019,PCB.O,1.308058161
2050,2020,PCB.O,12.06589888
2051,2021,PCB.O,-39.22412533
2052,2022,PCB.O,122.7265807
2053,2023,PCB.O,-17.03966523
2054,2024,PCB.O,8.904254604
2055,2013,PDLB.OQ,NaN
2056,2014,PDLB.OQ,NaN
2057,2015,PDLB.OQ,NaN
2058,2016,PDLB.OQ,NaN
2059,2017,PDLB.OQ,NaN
2060,2018,PDLB.OQ,1.879194631
2061,2019,PDLB.OQ,-16.07378129
2062,2020,PDLB.OQ,15.38461538
2063,2021,PDLB.OQ,-28.50340136
2064,2022,PDLB.OQ,39.29590866
2065,2023,PDLB.OQ,-11.17987593
2066,2024,PDLB.OQ,4.721030044
2067,2013,PEBK.OQ,72.07440692
2068,2014,PEBK.OQ,54.63568101
2069,2015,PEBK.OQ,27.36310865
2070,2016,PEBK.OQ,8.710232179
2071,2017,PEBK.OQ,32.27596317
2072,2018,PEBK.OQ,36.8996258
2073,2019,PEBK.OQ,-18.89875515
2074,2020,PEBK.OQ,37.47852559
2075,2021,PEBK.OQ,-27.47636528
2076,2022,PEBK.OQ,22.87562011
2077,2023,PEBK.OQ,21.77860416
2078,2024,PEBK.OQ,-3.810805751
2079,2013,PEBO.OQ,41.20074116
2080,2014,PEBO.OQ,12.93653024
2081,2015,PEBO.OQ,18.08941387
2082,2016,PEBO.OQ,-25.34027177
2083,2017,PEBO.OQ,77.58486556
2084,2018,PEBO.OQ,3.098040734
2085,2019,PEBO.OQ,-4.76981858
2086,2020,PEBO.OQ,19.93984448
2087,2021,PEBO.OQ,-17.26937668
2088,2022,PEBO.OQ,22.83635801
2089,2023,PEBO.OQ,-6.646080536
2090,2024,PEBO.OQ,26.29430331
2091,2013,PFBC.OQ,89.33333333
2092,2014,PFBC.OQ,41.1971831
2093,2015,PFBC.OQ,39.68966941
2094,2016,PFBC.OQ,20.2764465
2095,2017,PFBC.OQ,61.79180725
2096,2018,PFBC.OQ,13.72232163
2097,2019,PFBC.OQ,-25.14105999
2098,2020,PFBC.OQ,42.11390106
2099,2021,PFBC.OQ,-13.39900291
2100,2022,PFBC.OQ,45.59036551
2101,2023,PFBC.OQ,6.477899572
2102,2024,PFBC.OQ,1.561880319
2103,2013,PFIS.OQ,NaN
2104,2014,PFIS.OQ,NaN
2105,2015,PFIS.OQ,19.12289481
2106,2016,PFIS.OQ,-20.87888988
2107,2017,PFIS.OQ,32.03963312
2108,2018,PFIS.OQ,-1.530377433
2109,2019,PFIS.OQ,-2.593330038
2110,2020,PFIS.OQ,17.79464442
2111,2021,PFIS.OQ,-24.22651006
2112,2022,PFIS.OQ,48.16378292
2113,2023,PFIS.OQ,1.445876626
2114,2024,PFIS.OQ,-2.518974868
2115,2013,PFS.N,17.03244642
2116,2014,PFS.N,33.91729778
2117,2015,PFS.N,-3.201669489
2118,2016,PFS.N,15.41914642
2119,2017,PFS.N,45.3928389
2120,2018,PFS.N,-1.211059281
2121,2019,PFS.N,-7.624736872
2122,2020,PFS.N,6.739182396
2123,2021,PFS.N,-22.47080588
2124,2022,PFS.N,40.41903556
2125,2023,PFS.N,-8.059811771
2126,2024,PFS.N,-10.73879282
2127,2013,PGC.OQ,32.95817207
2128,2014,PGC.OQ,37.30984913
2129,2015,PGC.OQ,-1.801833365
2130,2016,PGC.OQ,12.15156023
2131,2017,PGC.OQ,51.26179863
2132,2018,PGC.OQ,14.11375288
2133,2019,PGC.OQ,-27.6483618
2134,2020,PGC.OQ,23.59722577
2135,2021,PGC.OQ,-25.60876686
2136,2022,PGC.OQ,56.52797986
2137,2023,PGC.OQ,5.743536062
2138,2024,PGC.OQ,-19.31515815
2139,2013,PKBK.OQ,2.996244383
2140,2014,PKBK.OQ,97.9999802
2141,2015,PKBK.OQ,28.9009447
2142,2016,PKBK.OQ,10.64361749
2143,2017,PKBK.OQ,81.75382714
2144,2018,PKBK.OQ,14.51195562
2145,2019,PKBK.OQ,2.601768168
2146,2020,PKBK.OQ,39.49606575
2147,2021,PKBK.OQ,-29.27399038
2148,2022,PKBK.OQ,40.86112986
2149,2023,PKBK.OQ,0.394746404
2150,2024,PKBK.OQ,1.698901385
2151,2013,PLBC.OQ,54.62962961
2152,2014,PLBC.OQ,82.63473054
2153,2015,PLBC.OQ,31.14754098
2154,2016,PLBC.OQ,8.500000005
2155,2017,PLBC.OQ,120.6664303
2156,2018,PLBC.OQ,23.00233969
2157,2019,PLBC.OQ,-0.15707163
2158,2020,PLBC.OQ,18.40704336
2159,2021,PLBC.OQ,-9.269674095
2160,2022,PLBC.OQ,46.55595613
2161,2023,PLBC.OQ,11.72900345
2162,2024,PLBC.OQ,14.63342183
2163,2013,PNC.N,3.666783411
2164,2014,PNC.N,36.45159697
2165,2015,PNC.N,20.31948695
2166,2016,PNC.N,6.806617445
2167,2017,PNC.N,25.78094277
2168,2018,PNC.N,25.95929629
2169,2019,PNC.N,-16.97792979
2170,2020,PNC.N,40.89247573
2171,2021,PNC.N,-2.73244875
2172,2022,PNC.N,38.21723207
2173,2023,PNC.N,-18.56012309
2174,2024,PNC.N,2.690469245
2175,2013,PNFP.OQ,16.65634675
2176,2014,PNFP.OQ,73.09021882
2177,2015,PNFP.OQ,22.66097104
2178,2016,PNFP.OQ,31.22146484
2179,2017,PNFP.OQ,36.47617077
2180,2018,PNFP.OQ,-3.502882947
2181,2019,PNFP.OQ,-29.79490647
2182,2020,PNFP.OQ,40.39304089
2183,2021,PNFP.OQ,2.049764921
2184,2022,PNFP.OQ,49.51864978
2185,2023,PNFP.OQ,-22.32623961
2186,2024,PNFP.OQ,20.46846616
2187,2013,PPBI.O^I25,61.51419558
2188,2014,PPBI.O^I25,53.71093751
2189,2015,PPBI.O^I25,10.10165185
2190,2016,PPBI.O^I25,22.61973456
2191,2017,PPBI.O^I25,66.35294118
2192,2018,PPBI.O^I25,13.15417256
2193,2019,PPBI.O^I25,-36.2
2194,2020,PPBI.O^I25,31.49737495
2195,2021,PPBI.O^I25,0.348694333
2196,2022,PPBI.O^I25,31.88309243
2197,2023,PPBI.O^I25,-18.12594158
2198,2024,PPBI.O^I25,-2.495688249
2199,2013,PRK.A,5.055336578
2200,2014,PRK.A,38.43777068
2201,2015,PRK.A,9.224987863
2202,2016,PRK.A,6.741327303
2203,2017,PRK.A,37.63432167
2204,2018,PRK.A,-9.851359505
2205,2019,PRK.A,-15.12164839
2206,2020,PRK.A,25.90382187
2207,2021,PRK.A,7.66937009
2208,2022,PRK.A,35.56261287
2209,2023,PRK.A,6.14915529
2210,2024,PRK.A,-1.996599939
2211,2013,PVBC.OQ,NaN
2212,2014,PVBC.OQ,NaN
2213,2015,PVBC.OQ,NaN
2214,2016,PVBC.OQ,2.568093383
2215,2017,PVBC.OQ,35.8118361
2216,2018,PVBC.OQ,47.76536311
2217,2019,PVBC.OQ,-18.03402647
2218,2020,PVBC.OQ,16.06973794
2219,2021,PVBC.OQ,-2.622441542
2220,2022,PVBC.OQ,56.43489329
2221,2023,PVBC.OQ,-60.55984258
2222,2024,PVBC.OQ,38.32417582
2223,2013,PWOD.O^G25,1.275843548
2224,2014,PWOD.O^G25,43.06597982
2225,2015,PWOD.O^G25,0.609534639
2226,2016,PWOD.O^G25,-10.00852666
2227,2017,PWOD.O^G25,24.17075819
2228,2018,PWOD.O^G25,-3.792280789
2229,2019,PWOD.O^G25,-9.848304313
2230,2020,PWOD.O^G25,38.34487338
2231,2021,PWOD.O^G25,-23.02271819
2232,2022,PWOD.O^G25,-4.362160184
2233,2023,PWOD.O^G25,18.67326491
2234,2024,PWOD.O^G25,-10.68243786
2235,2013,QCRH.OQ,47.92782417
2236,2014,QCRH.OQ,30.99093149
2237,2015,QCRH.OQ,3.91188795
2238,2016,QCRH.OQ,35.11710877
2239,2017,QCRH.OQ,79.22137942
2240,2018,QCRH.OQ,-0.591089031
2241,2019,QCRH.OQ,-24.67285514
2242,2020,QCRH.OQ,37.56291402
2243,2021,QCRH.OQ,-9.043157982
2244,2022,QCRH.OQ,42.1295603
2245,2023,QCRH.OQ,-10.95005223
2246,2024,QCRH.OQ,18.19780639
2247,2013,RBB.OQ,NaN
2248,2014,RBB.OQ,NaN
2249,2015,RBB.OQ,NaN
2250,2016,RBB.OQ,NaN
2251,2017,RBB.OQ,NaN
2252,2018,RBB.OQ,17.59777538
2253,2019,RBB.OQ,-34.9855241
2254,2020,RBB.OQ,22.93806609
2255,2021,RBB.OQ,-25.73975726
2256,2022,RBB.OQ,74.41524691
2257,2023,RBB.OQ,-18.48174709
2258,2024,RBB.OQ,-4.4107474
2259,2013,RBCAA.OQ,0.150128854
2260,2014,RBCAA.OQ,19.5462992
2261,2015,RBCAA.OQ,3.899783698
2262,2016,RBCAA.OQ,10.24313418
2263,2017,RBCAA.OQ,53.984035
2264,2018,RBCAA.OQ,-1.532217063
2265,2019,RBCAA.OQ,4.172398294
2266,2020,RBCAA.OQ,23.71315707
2267,2021,RBCAA.OQ,-20.22878252
2268,2022,RBCAA.OQ,44.56659862
2269,2023,RBCAA.OQ,-16.9250874
2270,2024,RBCAA.OQ,39.26616743
2271,2013,RF.N,66.5909105
2272,2014,RF.N,40.41695314
2273,2015,RF.N,8.631777229
2274,2016,RF.N,-6.921988584
2275,2017,RF.N,53.3980146
2276,2018,RF.N,22.94970168
2277,2019,RF.N,-20.57048395
2278,2020,RF.N,33.30125836
2279,2021,RF.N,-1.633140008
2280,2022,RF.N,39.39424429
2281,2023,RF.N,2.315951905
2282,2024,RF.N,-5.700175989
2283,2013,RMBI.OQ,NaN
2284,2014,RMBI.OQ,NaN
2285,2015,RMBI.OQ,NaN
2286,2016,RMBI.OQ,NaN
2287,2017,RMBI.OQ,NaN
2288,2018,RMBI.OQ,NaN
2289,2019,RMBI.OQ,NaN
2290,2020,RMBI.OQ,16.92307692
2291,2021,RMBI.OQ,-13.33711445
2292,2022,RMBI.OQ,24.46298565
2293,2023,RMBI.OQ,-17.01635838
2294,2024,RMBI.OQ,-7.216738069
2295,2013,RNST.N,NaN
2296,2014,RNST.N,NaN
2297,2015,RNST.N,NaN
2298,2016,RNST.N,NaN
2299,2017,RNST.N,NaN
2300,2018,RNST.N,NaN
2301,2019,RNST.N,NaN
2302,2020,RNST.N,NaN
2303,2021,RNST.N,NaN
2304,2022,RNST.N,NaN
2305,2023,RNST.N,NaN
2306,2024,RNST.N,30.1455361
2307,2013,RRBI.O,NaN
2308,2014,RRBI.O,NaN
2309,2015,RRBI.O,NaN
2310,2016,RRBI.O,NaN
2311,2017,RRBI.O,NaN
2312,2018,RRBI.O,NaN
2313,2019,RRBI.O,NaN
2314,2020,RRBI.O,11.56218905
2315,2021,RRBI.O,-11.12384734
2316,2022,RRBI.O,8.531123442
2317,2023,RRBI.O,-4.038538932
2318,2024,RRBI.O,10.5905624
2319,2013,SBCF.OQ,5.921052633
2320,2014,SBCF.OQ,51.55279504
2321,2015,SBCF.OQ,12.70491803
2322,2016,SBCF.OQ,8.945454547
2323,2017,SBCF.OQ,47.26301736
2324,2018,SBCF.OQ,14.27923845
2325,2019,SBCF.OQ,3.21301071
2326,2020,SBCF.OQ,17.4865488
2327,2021,SBCF.OQ,-3.663722595
2328,2022,SBCF.OQ,21.60516823
2329,2023,SBCF.OQ,-10.09868636
2330,2024,SBCF.OQ,-6.093353574
2331,2013,SBFG.OQ,160.0760456
2332,2014,SBFG.OQ,16.84422835
2333,2015,SBFG.OQ,21.03519703
2334,2016,SBFG.OQ,20.71525776
2335,2017,SBFG.OQ,47.20466142
2336,2018,SBFG.OQ,17.06552827
2337,2019,SBFG.OQ,-9.514672335
2338,2020,SBFG.OQ,22.19816631
2339,2021,SBFG.OQ,-4.73031824
2340,2022,SBFG.OQ,9.090900186
2341,2023,SBFG.OQ,-7.126935989
2342,2024,SBFG.OQ,-5.596721095
2343,2013,SBNY.PK,18.91981997
2344,2014,SBNY.PK,50.57471265
2345,2015,SBNY.PK,17.2593558
2346,2016,SBNY.PK,21.76087646
2347,2017,SBNY.PK,-2.06689704
2348,2018,SBNY.PK,-8.615179754
2349,2019,SBNY.PK,-24.33241547
2350,2020,SBNY.PK,35.25253544
2351,2021,SBNY.PK,1.207141369
2352,2022,SBNY.PK,141.4719369
2353,2023,SBNY.PK,-63.99259079
2354,2024,SBNY.PK,-98.60281881
2355,2013,SBSI.N,2.091407638
2356,2014,SBSI.N,36.81758045
2357,2015,SBSI.N,11.3576811
2358,2016,SBSI.N,-12.50717819
2359,2017,SBSI.N,64.88584246
2360,2018,SBSI.N,-8.303621597
2361,2019,SBSI.N,-3.193115895
2362,2020,SBSI.N,21.32503465
2363,2021,SBSI.N,-12.81648772
2364,2022,SBSI.N,39.55651869
2365,2023,SBSI.N,-10.84044761
2366,2024,SBSI.N,-8.911637174
2367,2013,SFBS.N,NaN
2368,2014,SFBS.N,NaN
2369,2015,SFBS.N,NaN
2370,2016,SFBS.N,NaN
2371,2017,SFBS.N,NaN
2372,2018,SFBS.N,NaN
2373,2019,SFBS.N,NaN
2374,2020,SFBS.N,NaN
2375,2021,SFBS.N,NaN
2376,2022,SFBS.N,27.11701018
2377,2023,SFBS.N,-17.87248001
2378,2024,SFBS.N,-1.179950959
2379,2013,SFNC.OQ,-3.616474858
2380,2014,SFNC.OQ,50.98866388
2381,2015,SFNC.OQ,11.85490399
2382,2016,SFNC.OQ,28.86518248
2383,2017,SFNC.OQ,23.33477231
2384,2018,SFNC.OQ,-6.441508961
2385,2019,SFNC.OQ,-13.74484011
2386,2020,SFNC.OQ,13.88992269
2387,2021,SFNC.OQ,-16.23686061
2388,2022,SFNC.OQ,40.33860924
2389,2023,SFNC.OQ,-24.61456131
2390,2024,SFNC.OQ,-4.007560481
2391,2013,SFST.OQ,46.15383153
2392,2014,SFST.OQ,54.46314246
2393,2015,SFST.OQ,22.4137931
2394,2016,SFST.OQ,38.39559093
2395,2017,SFST.OQ,59.2920354
2396,2018,SFST.OQ,14.58333334
2397,2019,SFST.OQ,-22.25454546
2398,2020,SFST.OQ,32.491425
2399,2021,SFST.OQ,-16.80395386
2400,2022,SFST.OQ,76.77510608
2401,2023,SFST.OQ,-26.78828612
2402,2024,SFST.OQ,-18.90710382
2403,2013,SHBI.OQ,4.6532345
2404,2014,SHBI.OQ,71.37546468
2405,2015,SHBI.OQ,2.277657273
2406,2016,SHBI.OQ,15.84340704
2407,2017,SHBI.OQ,41.78407554
2408,2018,SHBI.OQ,10.94163525
2409,2019,SHBI.OQ,-11.33871068
2410,2020,SHBI.OQ,22.60530126
2411,2021,SHBI.OQ,-12.21426066
2412,2022,SHBI.OQ,46.88210415
2413,2023,SHBI.OQ,-14.35980525
2414,2024,SHBI.OQ,-15.0326956
2415,2013,SMBK.K,52.66666667
2416,2014,SMBK.K,3.493449783
2417,2015,SMBK.K,39.66244726
2418,2016,SMBK.K,21.52567975
2419,2017,SMBK.K,15.35114979
2420,2018,SMBK.K,16.91810345
2421,2019,SMBK.K,-15.80645161
2422,2020,SMBK.K,29.73846646
2423,2021,SMBK.K,-22.31490077
2424,2022,SMBK.K,52.34887946
2425,2023,SMBK.K,1.578276743
2426,2024,SMBK.K,-9.69381424
2427,2013,SNV.N,77.14942083
2428,2014,SNV.N,48.87155483
2429,2015,SNV.N,8.856845424
2430,2016,SNV.N,21.17732966
2431,2017,SNV.N,28.76498972
2432,2018,SNV.N,18.27847953
2433,2019,SNV.N,-31.74121391
2434,2020,SNV.N,26.63014116
2435,2021,SNV.N,-11.86519018
2436,2022,SNV.N,52.22732874
2437,2023,SNV.N,-18.87648768
2438,2024,SNV.N,5.273605739
2439,2013,SPFI.OQ,NaN
2440,2014,SPFI.OQ,NaN
2441,2015,SPFI.OQ,NaN
2442,2016,SPFI.OQ,NaN
2443,2017,SPFI.OQ,NaN
2444,2018,SPFI.OQ,NaN
2445,2019,SPFI.OQ,NaN
2446,2020,SPFI.OQ,18.25420726
2447,2021,SPFI.OQ,-8.315183658
2448,2022,SPFI.OQ,48.68433074
2449,2023,SPFI.OQ,0.663229622
2450,2024,SPFI.OQ,7.397757457
2451,2013,SRCE.OQ,-10.24561553
2452,2014,SRCE.OQ,48.43799678
2453,2015,SRCE.OQ,10.01762687
2454,2016,SRCE.OQ,1.252490475
2455,2017,SRCE.OQ,47.88120227
2456,2018,SRCE.OQ,12.49343918
2457,2019,SRCE.OQ,-16.89533838
2458,2020,SRCE.OQ,31.59253874
2459,2021,SRCE.OQ,-19.85226371
2460,2022,SRCE.OQ,26.40467236
2461,2023,SRCE.OQ,9.804969781
2462,2024,SRCE.OQ,6.441774156
2463,2013,SSB.N,NaN
2464,2014,SSB.N,NaN
2465,2015,SSB.N,NaN
2466,2016,SSB.N,NaN
2467,2017,SSB.N,NaN
2468,2018,SSB.N,NaN
2469,2019,SSB.N,NaN
2470,2020,SSB.N,NaN
2471,2021,SSB.N,NaN
2472,2022,SSB.N,NaN
2473,2023,SSB.N,NaN
2474,2024,SSB.N,0.285001781
2475,2013,STBA.OQ,-4.535436102
2476,2014,STBA.OQ,44.11698827
2477,2015,STBA.OQ,21.10904858
2478,2016,STBA.OQ,5.992228876
2479,2017,STBA.OQ,30.40424115
2480,2018,STBA.OQ,4.218671539
2481,2019,STBA.OQ,-2.674076183
2482,2020,STBA.OQ,9.485636639
2483,2021,STBA.OQ,-35.39771181
2484,2022,STBA.OQ,31.6720762
2485,2023,STBA.OQ,12.61254553
2486,2024,STBA.OQ,2.083218789
2487,2013,STEL.K,NaN
2488,2014,STEL.K,NaN
2489,2015,STEL.K,NaN
2490,2016,STEL.K,NaN
2491,2017,STEL.K,NaN
2492,2018,STEL.K,3.483106933
2493,2019,STEL.K,-0.248780509
2494,2020,STEL.K,7.279459874
2495,2021,STEL.K,-16.33958079
2496,2022,STEL.K,15.78740652
2497,2023,STEL.K,3.405152861
2498,2024,STEL.K,-3.523888129
2499,2013,SYBT.OQ,12.9875543
2500,2014,SYBT.OQ,46.86950128
2501,2015,SYBT.OQ,7.498585151
2502,2016,SYBT.OQ,16.39188516
2503,2017,SYBT.OQ,90.64280575
2504,2018,SYBT.OQ,-17.96733691
2505,2019,SYBT.OQ,-10.592179
2506,2020,SYBT.OQ,28.68978595
2507,2021,SYBT.OQ,1.758424316
2508,2022,SYBT.OQ,61.01000231
2509,2023,SYBT.OQ,3.639162824
2510,2024,SYBT.OQ,-18.8052283
2511,2013,TBBK.OQ,51.72890733
2512,2014,TBBK.OQ,63.26344577
2513,2015,TBBK.OQ,-39.1959799
2514,2016,TBBK.OQ,-41.50596878
2515,2017,TBBK.OQ,23.39089482
2516,2018,TBBK.OQ,25.69974555
2517,2019,TBBK.OQ,-19.43319838
2518,2020,TBBK.OQ,62.93969849
2519,2021,TBBK.OQ,5.242868152
2520,2022,TBBK.OQ,85.42124542
2521,2023,TBBK.OQ,12.12959305
2522,2024,TBBK.OQ,35.87033121
2523,2013,TCBI.OQ,46.42273767
2524,2014,TCBI.OQ,38.77733154
2525,2015,TCBI.OQ,-12.65273311
2526,2016,TCBI.OQ,-9.037364256
2527,2017,TCBI.OQ,58.64022663
2528,2018,TCBI.OQ,13.39285714
2529,2019,TCBI.OQ,-42.53093363
2530,2020,TCBI.OQ,11.11763555
2531,2021,TCBI.OQ,4.808877917
2532,2022,TCBI.OQ,1.260504204
2533,2023,TCBI.OQ,0.099585054
2534,2024,TCBI.OQ,7.162991205
2535,2013,TCBK.OQ,20.4327227
2536,2014,TCBK.OQ,72.66073508
2537,2015,TCBK.OQ,-11.31794351
2538,2016,TCBK.OQ,13.38218709
2539,2017,TCBK.OQ,27.22663896
2540,2018,TCBK.OQ,12.77764383
2541,2019,TCBK.OQ,-9.093442246
2542,2020,TCBK.OQ,23.35565461
2543,2021,TCBK.OQ,-10.83201994
2544,2022,TCBK.OQ,24.54159458
2545,2023,TCBK.OQ,21.55991437
2546,2024,TCBK.OQ,-13.05677069
2547,2013,TFC.N,18.57192562
2548,2014,TFC.N,32.71882433
2549,2015,TFC.N,6.897482057
2550,2016,TFC.N,-0.102031212
2551,2017,TFC.N,28.47304678
2552,2018,TFC.N,8.674587711
2553,2019,TFC.N,-10.21990358
2554,2020,TFC.N,34.51969364
2555,2021,TFC.N,-11.13065992
2556,2022,TFC.N,26.07242291
2557,2023,TFC.N,-23.5137309
2558,2024,TFC.N,-8.523436507
2559,2013,TFIN.N,NaN
2560,2014,TFIN.N,NaN
2561,2015,TFIN.N,6.274509804
2562,2016,TFIN.N,21.77121771
2563,2017,TFIN.N,58.48484848
2564,2018,TFIN.N,20.45889101
2565,2019,TFIN.N,-5.714285714
2566,2020,TFIN.N,28.01346801
2567,2021,TFIN.N,27.6959495
2568,2022,TFIN.N,145.2729145
2569,2023,TFIN.N,-58.96036278
2570,2024,TFIN.N,64.06793534
2571,2013,THFF.OQ,-6.079592694
2572,2014,THFF.OQ,22.82232554
2573,2015,THFF.OQ,0.254856547
2574,2016,THFF.OQ,-1.873736975
2575,2017,THFF.OQ,59.87708006
2576,2018,THFF.OQ,-9.533227689
2577,2019,THFF.OQ,-9.433882217
2578,2020,THFF.OQ,16.77974398
2579,2021,THFF.OQ,-12.75116069
2580,2022,THFF.OQ,19.4541693
2581,2023,THFF.OQ,4.412011129
2582,2024,THFF.OQ,-2.616019258
2583,2013,TMP.A,6.80118508
2584,2014,TMP.A,34.23542683
2585,2015,TMP.A,11.35166355
2586,2016,TMP.A,4.809981051
2587,2017,TMP.A,72.99460898
2588,2018,TMP.A,-12.07076813
2589,2019,TMP.A,-5.534832304
2590,2020,TMP.A,25.02334426
2591,2021,TMP.A,-20.38230114
2592,2022,TMP.A,21.7432616
2593,2023,TMP.A,-4.403706422
2594,2024,TMP.A,-19.19095709
2595,2013,TOWN.OQ,33.3387123
2596,2014,TOWN.OQ,1.944096738
2597,2015,TOWN.OQ,1.052908942
2598,2016,TOWN.OQ,41.66585506
2599,2017,TOWN.OQ,62.85740096
2600,2018,TOWN.OQ,-5.910249049
2601,2019,TOWN.OQ,-20.40018741
2602,2020,TOWN.OQ,19.2058448
2603,2021,TOWN.OQ,-12.24326826
2604,2022,TOWN.OQ,37.97833451
2605,2023,TOWN.OQ,0.667221054
2606,2024,TOWN.OQ,0.238775458
2607,2013,TRMK.OQ,-3.866396496
2608,2014,TRMK.OQ,23.88184026
2609,2015,TRMK.OQ,-4.965595003
2610,2016,TRMK.OQ,-2.428835862
2611,2017,TRMK.OQ,60.13165536
2612,2018,TRMK.OQ,-8.024610267
2613,2019,TRMK.OQ,-8.219005569
2614,2020,TRMK.OQ,24.72789694
2615,2021,TRMK.OQ,-17.90649172
2616,2022,TRMK.OQ,22.37477599
2617,2023,TRMK.OQ,10.67760131
2618,2024,TRMK.OQ,-16.98871159
2619,2013,TRST.OQ,-1.154340995
2620,2014,TRST.OQ,42.17260228
2621,2015,TRST.OQ,5.097939979
2622,2016,TRST.OQ,-11.89197254
2623,2017,TRST.OQ,48.0745867
2624,2018,TRST.OQ,8.55089882
2625,2019,TRST.OQ,-23.01782343
2626,2020,TRST.OQ,30.73847227
2627,2021,TRST.OQ,-19.74918824
2628,2022,TRST.OQ,3.934101741
2629,2023,TRST.OQ,17.58209189
2630,2024,TRST.OQ,-13.29433337
2631,2013,UBFO.OQ,22.59171019
2632,2014,UBFO.OQ,103.2807915
2633,2015,UBFO.OQ,12.52563654
2634,2016,UBFO.OQ,2.979705468
2635,2017,UBFO.OQ,51.02399625
2636,2018,UBFO.OQ,46.02535605
2637,2019,UBFO.OQ,-10.12658739
2638,2020,UBFO.OQ,18.00740595
2639,2021,UBFO.OQ,-29.46811188
2640,2022,UBFO.OQ,21.58494915
2641,2023,UBFO.OQ,-5.854554771
2642,2024,UBFO.OQ,23.0337221
2643,2013,UBSI.OQ,-9.724675554
2644,2014,UBSI.OQ,35.24331505
2645,2015,UBSI.OQ,23.85924701
2646,2016,UBSI.OQ,2.190699861
2647,2017,UBSI.OQ,29.21443534
2648,2018,UBSI.OQ,-22.1268282
2649,2019,UBSI.OQ,-7.045079168
2650,2020,UBSI.OQ,28.81595412
2651,2021,UBSI.OQ,-11.46301513
2652,2022,UBSI.OQ,16.3528508
2653,2023,UBSI.OQ,16.04426285
2654,2024,UBSI.OQ,-3.1277909
2655,2013,UCB.N,34.7639485
2656,2014,UCB.N,88.42887473
2657,2015,UCB.N,7.379521128
2658,2016,UCB.N,4.081049953
2659,2017,UCB.N,54.13399792
2660,2018,UCB.N,-3.67403728
2661,2019,UCB.N,-22.16173956
2662,2020,UCB.N,47.42306621
2663,2021,UCB.N,-4.620697577
2664,2022,UCB.N,29.41320501
2665,2023,UCB.N,-3.466394679
2666,2024,UCB.N,-10.46948676
2667,2013,UMBF.OQ,19.89439566
2668,2014,UMBF.OQ,49.00477344
2669,2015,UMBF.OQ,-10.12546647
2670,2016,UMBF.OQ,-16.64670495
2671,2017,UMBF.OQ,68.411788
2672,2018,UMBF.OQ,-5.36933275
2673,2019,UMBF.OQ,-13.86199592
2674,2020,UMBF.OQ,14.70323269
2675,2021,UMBF.OQ,2.753260387
2676,2022,UMBF.OQ,56.04885396
2677,2023,UMBF.OQ,-19.96090281
2678,2024,UMBF.OQ,2.235554541
2679,2013,UNB.OQ,6.645244991
2680,2014,UNB.OQ,23.67042431
2681,2015,UNB.OQ,9.484539158
2682,2016,UNB.OQ,20.37199942
2683,2017,UNB.OQ,68.8298464
2684,2018,UNB.OQ,19.58022283
2685,2019,UNB.OQ,-7.662578212
2686,2020,UNB.OQ,-21.50484746
2687,2021,UNB.OQ,-25.1278531
2688,2022,UNB.OQ,17.88994144
2689,2023,UNB.OQ,-15.34153211
2690,2024,UNB.OQ,38.78264915
2691,2013,UNTY.OQ,-2.656250004
2692,2014,UNTY.OQ,23.45025289
2693,2015,UNTY.OQ,24.58876241
2694,2016,UNTY.OQ,34.31581529
2695,2017,UNTY.OQ,40.13922197
2696,2018,UNTY.OQ,27.43037109
2697,2019,UNTY.OQ,6.392647809
2698,2020,UNTY.OQ,10.30358526
2699,2021,UNTY.OQ,-20.5062823
2700,2022,UNTY.OQ,51.89555501
2701,2023,UNTY.OQ,5.751215014
2702,2024,UNTY.OQ,10.37580812
2703,2013,USB.N,20.9570741
2704,2014,USB.N,29.57381627
2705,2015,USB.N,13.76993645
2706,2016,USB.N,-2.810814037
2707,2017,USB.N,23.40085845
2708,2018,USB.N,6.612330839
2709,2019,USB.N,-12.36233539
2710,2020,USB.N,33.60658393
2711,2021,USB.N,-17.88408364
2712,2022,USB.N,24.31333421
2713,2023,USB.N,-19.11949936
2714,2024,USB.N,4.732793199
2715,2013,UVSP.OQ,22.72814493
2716,2014,UVSP.OQ,26.22430315
2717,2015,UVSP.OQ,1.843446062
2718,2016,UVSP.OQ,7.397128551
2719,2017,UVSP.OQ,53.43729351
2720,2018,UVSP.OQ,-6.626564493
2721,2019,UVSP.OQ,-20.76647339
2722,2020,UVSP.OQ,28.09005381
2723,2021,UVSP.OQ,-20.42767768
2724,2022,UVSP.OQ,49.59391191
2725,2023,UVSP.OQ,-9.948865332
2726,2024,UVSP.OQ,-12.06548962
2727,2013,VABK.OQ,NaN
2728,2014,VABK.OQ,NaN
2729,2015,VABK.OQ,NaN
2730,2016,VABK.OQ,NaN
2731,2017,VABK.OQ,NaN
2732,2018,VABK.OQ,NaN
2733,2019,VABK.OQ,NaN
2734,2020,VABK.OQ,NaN
2735,2021,VABK.OQ,NaN
2736,2022,VABK.OQ,10.03302919
2737,2023,VABK.OQ,2.608380697
2738,2024,VABK.OQ,-2.52238873
2739,2013,VBTX.O,NaN
2740,2014,VBTX.O,NaN
2741,2015,VBTX.O,1.577060934
2742,2016,VBTX.O,14.39661256
2743,2017,VBTX.O,64.77483034
2744,2018,VBTX.O,3.294646199
2745,2019,VBTX.O,-22.50815513
2746,2020,VBTX.O,38.96833026
2747,2021,VBTX.O,-8.795369653
2748,2022,VBTX.O,58.46662697
2749,2023,VBTX.O,-27.71826938
2750,2024,VBTX.O,-13.71833177
2751,2013,VLY.OQ,-16.03414066
2752,2014,VLY.OQ,15.6221627
2753,2015,VLY.OQ,0.299942306
2754,2016,VLY.OQ,6.116977177
2755,2017,VLY.OQ,23.55105726
2756,2018,VLY.OQ,0.083769024
2757,2019,VLY.OQ,-17.7903162
2758,2020,VLY.OQ,34.26122249
2759,2021,VLY.OQ,-10.0587698
2760,2022,VLY.OQ,45.77645784
2761,2023,VLY.OQ,-14.60310251
2762,2024,VLY.OQ,0.692485145
2763,2013,WABC.OQ,0.222998736
2764,2014,WABC.OQ,36.86171108
2765,2015,WABC.OQ,-10.45810724
2766,2016,WABC.OQ,-1.333130909
2767,2017,WABC.OQ,39.22078855
2768,2018,WABC.OQ,-2.644855814
2769,2019,WABC.OQ,-3.92695556
2770,2020,WABC.OQ,24.85184159
2771,2021,WABC.OQ,-16.12587324
2772,2022,WABC.OQ,7.398703823
2773,2023,WABC.OQ,5.159953128
2774,2024,WABC.OQ,-0.902546418
2775,2013,WAL.N,69.02086677
2776,2014,WAL.N,126.5906933
2777,2015,WAL.N,16.51299246
2778,2016,WAL.N,28.99280575
2779,2017,WAL.N,35.8337981
2780,2018,WAL.N,16.23896531
2781,2019,WAL.N,-30.25432709
2782,2020,WAL.N,45.90800556
2783,2021,WAL.N,7.756849351
2784,2022,WAL.N,81.72329899
2785,2023,WAL.N,-43.67499021
2786,2024,WAL.N,14.13987912
2787,2013,WASH.OQ,14.4554273
2788,2014,WASH.OQ,46.25288085
2789,2015,WASH.OQ,11.58357388
2790,2016,WASH.OQ,1.823988709
2791,2017,WASH.OQ,46.88066953
2792,2018,WASH.OQ,-2.218612743
2793,2019,WASH.OQ,-7.753805095
2794,2020,WASH.OQ,17.71601177
2795,2021,WASH.OQ,-11.79761103
2796,2022,WASH.OQ,30.88214002
2797,2023,WASH.OQ,-12.47811299
2798,2024,WASH.OQ,-26.0319145
2799,2013,WBS.N,2.43775709
2800,2014,WBS.N,55.10755827
2801,2015,WBS.N,6.985556296
2802,2016,WBS.N,17.11936432
2803,2017,WBS.N,49.99705643
2804,2018,WBS.N,5.508293005
2805,2019,WBS.N,-10.39252776
2806,2020,WBS.N,11.54431573
2807,2021,WBS.N,-16.98913965
2808,2022,WBS.N,36.56652525
2809,2023,WBS.N,-12.48530247
2810,2024,WBS.N,11.34109838
2811,2013,WFC.N,27.37352634
2812,2014,WFC.N,36.71390357
2813,2015,WFC.N,24.09145726
2814,2016,WFC.N,1.845586003
2815,2017,WFC.N,4.666148017
2816,2018,WFC.N,13.19302323
2817,2019,WFC.N,-21.82411393
2818,2020,WFC.N,21.40552109
2819,2021,WFC.N,-41.66238081
2820,2022,WFC.N,61.12248029
2821,2023,WFC.N,-11.88409298
2822,2024,WFC.N,22.93345804
2823,2013,WNEB.OQ,4.228362908
2824,2014,WNEB.OQ,7.351598701
2825,2015,WNEB.OQ,1.29859595
2826,2016,WNEB.OQ,16.26618632
2827,2017,WNEB.OQ,13.0446512
2828,2018,WNEB.OQ,17.9791928
2829,2019,WNEB.OQ,-6.461825688
2830,2020,WNEB.OQ,-2.028361133
2831,2021,WNEB.OQ,-26.00133948
2832,2022,WNEB.OQ,30.18381324
2833,2023,WNEB.OQ,10.98373651
2834,2024,WNEB.OQ,-1.07185706
2835,2013,WSBC.OQ,18.13368698
2836,2014,WSBC.OQ,48.23727047
2837,2015,WSBC.OQ,11.82354258
2838,2016,WSBC.OQ,-11.20721089
2839,2017,WSBC.OQ,47.61875383
2840,2018,WSBC.OQ,-3.014083845
2841,2019,WSBC.OQ,-7.360497943
2842,2020,WSBC.OQ,6.533174849
2843,2021,WSBC.OQ,-16.22608679
2844,2022,WSBC.OQ,21.31121759
2845,2023,WSBC.OQ,9.897772876
2846,2024,WSBC.OQ,-10.84220969
2847,2013,WSBF.OQ,306.25
2848,2014,WSBF.OQ,42.30769231
2849,2015,WSBF.OQ,31.76497105
2850,2016,WSBF.OQ,8.868021501
2851,2017,WSBF.OQ,32.74558077
2852,2018,WSBF.OQ,-2.445715063
2853,2019,WSBF.OQ,4.008240249
2854,2020,WSBF.OQ,20.39097277
2855,2021,WSBF.OQ,7.211049404
2856,2022,WSBF.OQ,23.92094226
2857,2023,WSBF.OQ,-15.7527642
2858,2024,WSBF.OQ,-13.16721564
2859,2013,WSFS.OQ,18.85238792
2860,2014,WSFS.OQ,85.10717282
2861,2015,WSFS.OQ,-0.115097334
2862,2016,WSFS.OQ,27.20772088
2863,2017,WSFS.OQ,44.31966788
2864,2018,WSFS.OQ,3.912746748
2865,2019,WSFS.OQ,-20.0771265
2866,2020,WSFS.OQ,17.32815766
2867,2021,WSFS.OQ,3.618057672
2868,2022,WSFS.OQ,12.85750142
2869,2023,WSFS.OQ,-8.434221373
2870,2024,WSFS.OQ,2.867139029
2871,2013,WTBA.OQ,16.60597604
2872,2014,WTBA.OQ,51.86911931
2873,2015,WTBA.OQ,11.19999101
2874,2016,WTBA.OQ,19.85100083
2875,2017,WTBA.OQ,29.71406472
2876,2018,WTBA.OQ,4.972751074
2877,2019,WTBA.OQ,-21.53793326
2878,2020,WTBA.OQ,39.45955578
2879,2021,WTBA.OQ,-21.19445309
2880,2022,WTBA.OQ,66.49556352
2881,2023,WTBA.OQ,-14.44222089
2882,2024,WTBA.OQ,-12.32770645
2883,2013,WTFC.OQ,31.52862477
2884,2014,WTFC.OQ,26.24524438
2885,2015,WTFC.OQ,2.299309949
2886,2016,WTFC.OQ,4.679444504
2887,2017,WTFC.OQ,51.03979804
2888,2018,WTFC.OQ,14.36381105
2889,2019,WTFC.OQ,-18.55875486
2890,2020,WTFC.OQ,8.167712627
2891,2021,WTFC.OQ,-11.7660555
2892,2022,WTFC.OQ,51.09937775
2893,2023,WTFC.OQ,-5.539328951
2894,2024,WTFC.OQ,12.01214232
2895,2013,ZION.OQ,31.72042519
2896,2014,ZION.OQ,40.64844135
2897,2015,ZION.OQ,-4.315173367
2898,2016,ZION.OQ,-3.521260507
2899,2017,ZION.OQ,59.22742215
2900,2018,ZION.OQ,19.26606075
2901,2019,ZION.OQ,-18.26451241
2902,2020,ZION.OQ,31.06482462
2903,2021,ZION.OQ,-13.16029704
2904,2022,ZION.OQ,49.10746871
2905,2023,ZION.OQ,-19.99975696
2906,2024,ZION.OQ,-6.453051364