ticker,year,total_return,tier,data_source
JPM,2016,0.3456645970908214,Tier 1,monthly_12m
JPM,2017,0.2673143656127066,Tier 1,monthly_12m
JPM,2018,-0.06645787487842947,Tier 1,monthly_12m
JPM,2019,0.47266769329915204,Tier 1,monthly_12m
JPM,2020,-0.055180614163996,Tier 1,monthly_12m
JPM,2021,0.27725280751956016,Tier 1,monthly_12m
JPM,2022,-0.12611362626075506,Tier 1,monthly_12m
JPM,2023,0.30627358581842623,Tier 1,monthly_12m
BAC,2016,0.33332555623682625,Tier 1,monthly_12m
BAC,2017,0.35667088924413837,Tier 1,monthly_12m
BAC,2018,-0.14975136261038258,Tier 1,monthly_12m
BAC,2019,0.4616404135249612,Tier 1,monthly_12m
BAC,2020,-0.11621484581938923,Tier 1,monthly_12m
BAC,2021,0.49575776025037355,Tier 1,monthly_12m
BAC,2022,-0.23809891090299162,Tier 1,monthly_12m
WFC,2016,0.046661480190315796,Tier 1,monthly_12m
WFC,2017,0.131930232331662,Tier 1,monthly_12m
WFC,2018,-0.2182411393567193,Tier 1,monthly_12m
WFC,2019,0.2140552108705649,Tier 1,monthly_12m
WFC,2020,-0.41662380809255095,Tier 1,monthly_12m
WFC,2021,0.6112248026669371,Tier 1,monthly_12m
WFC,2022,-0.1188409298807851,Tier 1,monthly_12m
USB,2016,0.23400858450409956,Tier 1,monthly_12m
USB,2017,0.06612330836656266,Tier 1,monthly_12m
USB,2018,-0.12362335389369328,Tier 1,monthly_12m
USB,2019,0.3360658393305531,Tier 1,monthly_12m
USB,2020,-0.17884083635282844,Tier 1,monthly_12m
USB,2021,0.24313334205008097,Tier 1,monthly_12m
USB,2022,-0.19119499356676628,Tier 1,monthly_12m
USB,2023,0.04732793192021689,Tier 1,monthly_12m
PNC,2016,0.25780942762818615,Tier 1,monthly_12m
PNC,2017,0.2595929629228624,Tier 1,monthly_12m
PNC,2018,-0.16977929791543667,Tier 1,monthly_12m
PNC,2020,-0.027324487502965122,Tier 1,monthly_12m
PNC,2021,0.3821723206803742,Tier 1,monthly_12m
PNC,2022,-0.1856012309582179,Tier 1,monthly_12m
TFC,2016,0.2847304678355891,Tier 1,monthly_12m
TFC,2017,0.08674587712655057,Tier 1,monthly_12m
TFC,2018,-0.10219903573441114,Tier 1,monthly_12m
TFC,2020,-0.11130659934552378,Tier 1,monthly_12m
TFC,2021,0.26072422904775916,Tier 1,monthly_12m
TFC,2022,-0.235137308944519,Tier 1,monthly_12m
TFC,2023,-0.08523436503616,Tier 1,monthly_12m
FCNCA,2016,0.38100583828361434,Tier 1,monthly_12m
FCNCA,2017,0.13910714549501435,Tier 1,monthly_12m
FCNCA,2018,-0.061133022423267125,Tier 1,monthly_12m
FCNCA,2019,0.41638563486375313,Tier 1,monthly_12m
FCNCA,2020,0.08339330489341412,Tier 1,monthly_12m
FCNCA,2021,0.4482961984067284,Tier 1,monthly_12m
FCNCA,2022,-0.08358177866750383,Tier 1,monthly_12m
CFG,2016,0.38801240492877564,Tier 1,monthly_12m
CFG,2017,0.1989837789478197,Tier 1,monthly_12m
CFG,2018,-0.27437960967874,Tier 1,monthly_12m
CFG,2019,0.418239954829704,Tier 1,monthly_12m
CFG,2020,-0.06677397496538118,Tier 1,monthly_12m
CFG,2021,0.3694510641240565,Tier 1,monthly_12m
CFG,2022,-0.13379802458566947,Tier 1,monthly_12m
FITB,2016,0.3784690614674171,Tier 1,monthly_12m
FITB,2017,0.15002702053680128,Tier 1,monthly_12m
FITB,2018,-0.20315802591182752,Tier 1,monthly_12m
FITB,2019,0.351465589630682,Tier 1,monthly_12m
FITB,2020,-0.05356259854065548,Tier 1,monthly_12m
FITB,2021,0.6242695588945042,Tier 1,monthly_12m
FITB,2022,-0.2192041571516965,Tier 1,monthly_12m
FRCB,2016,0.40719531634268824,Tier 1,monthly_12m
FRCB,2017,-0.053176392260930516,Tier 1,monthly_12m
FRCB,2018,0.010783113632107266,Tier 1,monthly_12m
FRCB,2019,0.3615119358911607,Tier 1,monthly_12m
FRCB,2020,0.25970712631718373,Tier 1,monthly_12m
MTB,2016,0.32116474531754946,Tier 1,monthly_12m
MTB,2017,0.11365597770123825,Tier 1,monthly_12m
MTB,2018,-0.14595012329626744,Tier 1,monthly_12m
MTB,2019,0.21660977921196745,Tier 1,monthly_12m
MTB,2020,-0.22090559172979185,Tier 1,monthly_12m
MTB,2021,0.24289069229645532,Tier 1,monthly_12m
MTB,2022,-0.029826841536917503,Tier 1,monthly_12m
HBAN,2016,0.22921446208554297,Tier 1,monthly_12m
HBAN,2017,0.1298057162448647,Tier 1,monthly_12m
HBAN,2018,-0.15252378772966413,Tier 1,monthly_12m
HBAN,2019,0.3173885005849517,Tier 1,monthly_12m
HBAN,2020,-0.11122457136026287,Tier 1,monthly_12m
HBAN,2021,0.27022416559743334,Tier 1,monthly_12m
HBAN,2022,-0.04285312339662495,Tier 1,monthly_12m
KEY,2016,0.4213830634421136,Tier 1,monthly_12m
KEY,2017,0.12736639318187182,Tier 1,monthly_12m
KEY,2018,-0.24633220321888794,Tier 1,monthly_12m
KEY,2019,0.4269617744323022,Tier 1,monthly_12m
KEY,2020,-0.14498494189308708,Tier 1,monthly_12m
KEY,2021,0.4590022111677323,Tier 1,monthly_12m
KEY,2022,-0.21657662286086388,Tier 1,monthly_12m
KEY,2023,-0.11546916398997531,Tier 1,monthly_12m
RF,2016,0.5339801459084166,Tier 1,monthly_12m
RF,2017,0.22949701678390277,Tier 1,monthly_12m
RF,2018,-0.20570483953804375,Tier 1,monthly_12m
RF,2019,0.3330125836608797,Tier 1,monthly_12m
RF,2020,-0.01633140010563283,Tier 1,monthly_12m
RF,2021,0.39394244300561887,Tier 1,monthly_12m
RF,2022,0.023159519050736765,Tier 1,monthly_12m
DFS,2016,,Tier 3,excluded
DFS,2017,,Tier 3,excluded
DFS,2018,,Tier 3,excluded
DFS,2019,,Tier 3,excluded
DFS,2020,,Tier 3,excluded
DFS,2021,,Tier 3,excluded
DFS,2022,,Tier 3,excluded
DFS,2023,,Tier 3,excluded
SBNY,2016,-0.020668970393295738,Tier 1,monthly_12m
SBNY,2017,-0.08615179752932545,Tier 1,monthly_12m
SBNY,2018,-0.2433241546823901,Tier 1,monthly_12m
SBNY,2019,0.3525253545324718,Tier 1,monthly_12m
SBNY,2020,0.012071413702833267,Tier 1,monthly_12m
FLG,2016,0.021514244321994447,Tier 1,monthly_12m
FLG,2017,-0.13890202190219936,Tier 1,monthly_12m
FLG,2018,-0.23226357763265137,Tier 1,monthly_12m
FLG,2019,0.35447312093440586,Tier 1,monthly_12m
FLG,2020,-0.0586733073896083,Tier 1,monthly_12m
FLG,2021,0.2262435012742805,Tier 1,monthly_12m
FLG,2022,-0.24574929585711303,Tier 1,monthly_12m
FLG,2023,0.2674255087108828,Tier 1,monthly_12m
ZION,2019,0.3106482461257034,Tier 1,monthly_12m
ZION,2020,-0.13160297038979119,Tier 1,monthly_12m
ZION,2021,0.49107468704773116,Tier 1,monthly_12m
ZION,2022,-0.1999975696098888,Tier 1,monthly_12m
FHN,2016,0.4037391826861718,Tier 1,monthly_12m
FHN,2017,0.019433376211711817,Tier 1,monthly_12m
FHN,2018,-0.32338545388414475,Tier 1,monthly_12m
FHN,2019,0.3043342720355413,Tier 1,monthly_12m
FHN,2020,-0.18174347903771249,Tier 1,monthly_12m
FHN,2021,0.3262656519138585,Tier 1,monthly_12m
FHN,2022,0.5393634665732359,Tier 1,monthly_12m
FHN,2023,-0.39503518476040855,Tier 1,monthly_12m
WAL,2017,0.16238965314760034,Tier 1,monthly_12m
WAL,2018,-0.3025432709787993,Tier 1,monthly_12m
WAL,2019,0.45908005560071175,Tier 1,monthly_12m
WAL,2020,0.07756849346488992,Tier 1,monthly_12m
WAL,2021,0.8172329899517867,Tier 1,monthly_12m
WAL,2022,-0.4367499021114515,Tier 1,monthly_12m
CMA,2016,0.6594508747361529,Tier 1,monthly_12m
CMA,2017,0.29339015924580525,Tier 1,monthly_12m
CMA,2018,-0.19142094486293149,Tier 1,monthly_12m
CMA,2019,0.08420543224252075,Tier 1,monthly_12m
CMA,2020,-0.16836290825373113,Tier 1,monthly_12m
CMA,2021,0.615270611755252,Tier 1,monthly_12m
CMA,2022,-0.2039436595313422,Tier 1,monthly_12m
CMA,2023,-0.11203817120766701,Tier 1,monthly_12m
WBS,2016,0.4999705643094321,Tier 1,monthly_12m
WBS,2017,0.05508293006802689,Tier 1,monthly_12m
WBS,2018,-0.10392527764889514,Tier 1,monthly_12m
WBS,2019,0.11544315716433218,Tier 1,monthly_12m
WBS,2020,-0.1698913963939247,Tier 1,monthly_12m
WBS,2021,0.3656652525732289,Tier 1,monthly_12m
WBS,2022,-0.12485302467235837,Tier 1,monthly_12m
WBS,2023,0.11341098395396232,Tier 1,monthly_12m
EWBC,2016,0.2507357839900928,Tier 1,monthly_12m
EWBC,2017,0.21395731181298672,Tier 1,monthly_12m
EWBC,2018,-0.2743427433010679,Tier 1,monthly_12m
EWBC,2019,0.14356542246069326,Tier 1,monthly_12m
EWBC,2020,0.07226979766973707,Tier 1,monthly_12m
EWBC,2021,0.5798934605900006,Tier 1,monthly_12m
EWBC,2022,-0.144433552285955,Tier 1,monthly_12m
WTFC,2016,0.5103979803917762,Tier 1,monthly_12m
WTFC,2017,0.1436381104835993,Tier 1,monthly_12m
WTFC,2018,-0.18558754862933857,Tier 1,monthly_12m
WTFC,2019,0.08167712621811507,Tier 1,monthly_12m
WTFC,2020,-0.11766055500441908,Tier 1,monthly_12m
WTFC,2021,0.5109937774193571,Tier 1,monthly_12m
WTFC,2022,-0.05539328952276534,Tier 1,monthly_12m
WTFC,2023,0.12012142315060093,Tier 1,monthly_12m
VLY,2016,0.2355105725875255,Tier 1,monthly_12m
VLY,2017,0.0008376902395963448,Tier 1,monthly_12m
VLY,2018,-0.17790316194856748,Tier 1,monthly_12m
VLY,2019,0.34261222489281273,Tier 1,monthly_12m
VLY,2020,-0.10058769802742551,Tier 1,monthly_12m
VLY,2021,0.4577645782938864,Tier 1,monthly_12m
VLY,2022,-0.14603102502018528,Tier 1,monthly_12m
VLY,2023,0.006924851456379999,Tier 1,monthly_12m
SNV,2016,0.28764989712204736,Tier 1,monthly_12m
SNV,2017,0.1827847952644186,Tier 1,monthly_12m
SNV,2018,-0.31741213912573774,Tier 1,monthly_12m
SNV,2019,0.26630141153610265,Tier 1,monthly_12m
SNV,2020,-0.11865190184270569,Tier 1,monthly_12m
SNV,2021,0.5222732873992988,Tier 1,monthly_12m
SNV,2022,-0.1887648767493758,Tier 1,monthly_12m
SNV,2023,0.05273605744320631,Tier 1,monthly_12m
ONB,2016,0.3904310862369271,Tier 1,monthly_12m
ONB,2017,-0.009181651738196739,Tier 1,monthly_12m
ONB,2018,-0.09229663783506481,Tier 1,monthly_12m
ONB,2019,0.2241751789573323,Tier 1,monthly_12m
ONB,2020,-0.05964866553326009,Tier 1,monthly_12m
ONB,2021,0.12898455082277338,Tier 1,monthly_12m
ONB,2022,0.024808711439709974,Tier 1,monthly_12m
ONB,2023,-0.02463796791966133,Tier 1,monthly_12m
PNFP,2016,0.36476170774275585,Tier 1,monthly_12m
PNFP,2017,-0.035028829458351174,Tier 1,monthly_12m
PNFP,2018,-0.2979490647084928,Tier 1,monthly_12m
PNFP,2019,0.4039304088783162,Tier 1,monthly_12m
PNFP,2020,0.02049764923243269,Tier 1,monthly_12m
PNFP,2021,0.49518649785451907,Tier 1,monthly_12m
PNFP,2022,-0.22326239612323573,Tier 1,monthly_12m
CFR,2016,0.5200851892315708,Tier 1,monthly_12m
CFR,2017,0.09924468138990616,Tier 1,monthly_12m
CFR,2018,-0.04844029994741417,Tier 1,monthly_12m
CFR,2019,0.14596820280389822,Tier 1,monthly_12m
CFR,2020,-0.07520668350063797,Tier 1,monthly_12m
CFR,2021,0.4819090482073731,Tier 1,monthly_12m
CFR,2022,0.08617335901330025,Tier 1,monthly_12m
COLB,2016,0.4460580045551923,Tier 1,monthly_12m
COLB,2017,-0.006398130632528365,Tier 1,monthly_12m
COLB,2018,-0.14054647302877477,Tier 1,monthly_12m
COLB,2019,0.16398944365901347,Tier 1,monthly_12m
COLB,2020,-0.07752052687759914,Tier 1,monthly_12m
COLB,2021,-0.06136443289595295,Tier 1,monthly_12m
COLB,2022,-0.042708162144548756,Tier 1,monthly_12m
COLB,2023,-0.059000511972175484,Tier 1,monthly_12m
UMBF,2016,0.6841178799443743,Tier 1,monthly_12m
UMBF,2017,-0.05369332752951139,Tier 1,monthly_12m
UMBF,2018,-0.1386199592339601,Tier 1,monthly_12m
UMBF,2019,0.14703232688238765,Tier 1,monthly_12m
UMBF,2020,0.027532603834389935,Tier 1,monthly_12m
UMBF,2021,0.5604885396198971,Tier 1,monthly_12m
UMBF,2022,-0.19960902813906578,Tier 1,monthly_12m
UMBF,2023,0.022355545278111455,Tier 1,monthly_12m
BOKF,2016,0.4290910423428036,Tier 1,monthly_12m
BOKF,2017,0.13580126965631623,Tier 1,monthly_12m
BOKF,2018,-0.18971183374129652,Tier 1,monthly_12m
BOKF,2019,0.22099560553968534,Tier 1,monthly_12m
BOKF,2020,-0.1903221738086367,Tier 1,monthly_12m
BOKF,2021,0.5759333761613223,Tier 1,monthly_12m
BOKF,2022,0.005947716280432225,Tier 1,monthly_12m
BOKF,2023,-0.15286151108721302,Tier 1,monthly_12m
FNB,2018,-0.2618231208933157,Tier 1,monthly_12m
FNB,2019,0.34564056655555775,Tier 1,monthly_12m
FNB,2020,-0.20837327136312167,Tier 1,monthly_12m
FNB,2021,0.3279383650172538,Tier 1,monthly_12m
FNB,2022,0.1172811110802201,Tier 1,monthly_12m
FNB,2023,0.09697539607749217,Tier 1,monthly_12m
CADE,2019,0.23027090659163507,Tier 1,monthly_12m
CADE,2020,-0.11402263217183384,Tier 1,monthly_12m
CADE,2021,0.15372625481480728,Tier 1,monthly_12m
CADE,2022,-0.14345120479647788,Tier 1,monthly_12m
SSB,2016,,Tier 3,excluded
SSB,2017,,Tier 3,excluded
SSB,2018,,Tier 3,excluded
SSB,2019,,Tier 3,excluded
SSB,2020,,Tier 3,excluded
SSB,2021,,Tier 3,excluded
SSB,2022,,Tier 3,excluded
SSB,2023,,Tier 3,excluded
ASB,2016,0.34799472870724735,Tier 1,monthly_12m
ASB,2017,0.04964417554435929,Tier 1,monthly_12m
ASB,2018,-0.20172174941816845,Tier 1,monthly_12m
ASB,2019,0.15103373342883364,Tier 1,monthly_12m
ASB,2020,-0.1881031124387017,Tier 1,monthly_12m
ASB,2021,0.37271841996016564,Tier 1,monthly_12m
ASB,2022,0.05982660944462048,Tier 1,monthly_12m
ASB,2023,-0.028579393022635347,Tier 1,monthly_12m
PB,2016,0.5351226223786134,Tier 1,monthly_12m
PB,2017,-0.0035561168591564662,Tier 1,monthly_12m
PB,2018,-0.09199925588234703,Tier 1,monthly_12m
PB,2019,0.18186787636609414,Tier 1,monthly_12m
PB,2020,-0.004125380273828805,Tier 1,monthly_12m
PB,2021,0.0635554107432239,Tier 1,monthly_12m
PB,2022,0.036209498156067665,Tier 1,monthly_12m
OZK,2019,0.38153043310988943,Tier 1,monthly_12m
OZK,2020,0.07337777343939633,Tier 1,monthly_12m
OZK,2021,0.5301848810668408,Tier 1,monthly_12m
OZK,2022,-0.11252527383803723,Tier 1,monthly_12m
OZK,2023,0.29070095230049375,Tier 1,monthly_12m
BKU,2016,0.07306255078705237,Tier 1,monthly_12m
BKU,2017,0.10647958133894986,Tier 1,monthly_12m
BKU,2018,-0.2485155448269908,Tier 1,monthly_12m
BKU,2019,0.2523852379983462,Tier 1,monthly_12m
BKU,2020,-0.009053222944542805,Tier 1,monthly_12m
BKU,2021,0.24386721225841956,Tier 1,monthly_12m
BKU,2022,-0.17688662281101697,Tier 1,monthly_12m
BKU,2023,-0.0032457019176821422,Tier 1,monthly_12m
HWC,2016,0.767496348966245,Tier 1,monthly_12m
HWC,2017,0.1720292435034938,Tier 1,monthly_12m
HWC,2018,-0.2848199886131766,Tier 1,monthly_12m
HWC,2019,0.3016478431199623,Tier 1,monthly_12m
HWC,2020,-0.19245943114794006,Tier 1,monthly_12m
HWC,2021,0.5054363563227993,Tier 1,monthly_12m
HWC,2022,-0.012172350376174035,Tier 1,monthly_12m
HWC,2023,0.03194650257308829,Tier 1,monthly_12m
BANC,2017,0.2207145191275912,Tier 1,monthly_12m
BANC,2018,-0.3365504071628511,Tier 1,monthly_12m
BANC,2019,0.3178500466937635,Tier 1,monthly_12m
BANC,2020,-0.12651220507887706,Tier 1,monthly_12m
BANC,2021,0.3508740043224474,Tier 1,monthly_12m
BANC,2022,-0.17668546018712672,Tier 1,monthly_12m
BANC,2023,-0.1311893296718808,Tier 1,monthly_12m
FULT,2016,0.48520048720648923,Tier 1,monthly_12m
FULT,2017,-0.023409499786114285,Tier 1,monthly_12m
FULT,2018,-0.10776926629515238,Tier 1,monthly_12m
FULT,2019,0.16496939531427213,Tier 1,monthly_12m
FULT,2020,-0.23215373514719284,Tier 1,monthly_12m
FULT,2021,0.3900459830739291,Tier 1,monthly_12m
FULT,2022,0.03132143424387368,Tier 1,monthly_12m
FULT,2023,0.0256226297907165,Tier 1,monthly_12m
CBSH,2016,0.45297192829653365,Tier 1,monthly_12m
CBSH,2017,0.03063597428031284,Tier 1,monthly_12m
CBSH,2018,0.07524853650343744,Tier 1,monthly_12m
CBSH,2019,0.287331075436422,Tier 1,monthly_12m
CBSH,2020,0.03307166365299907,Tier 1,monthly_12m
CBSH,2021,0.11436327455084871,Tier 1,monthly_12m
CBSH,2022,0.055634751338317745,Tier 1,monthly_12m
CBSH,2023,-0.15938644119870227,Tier 1,monthly_12m
TCBI,2016,0.5864022662198509,Tier 1,monthly_12m
TCBI,2017,0.1339285714253573,Tier 1,monthly_12m
TCBI,2018,-0.42530933637524937,Tier 1,monthly_12m
TCBI,2019,0.11117635545196114,Tier 1,monthly_12m
TCBI,2020,0.04808877900251751,Tier 1,monthly_12m
TCBI,2021,0.012605042002032718,Tier 1,monthly_12m
TCBI,2022,0.0009958505991523037,Tier 1,monthly_12m
TCBI,2023,0.07162991191965129,Tier 1,monthly_12m
UBSI,2016,0.2921443533807424,Tier 1,monthly_12m
UBSI,2017,-0.2212682820666051,Tier 1,monthly_12m
UBSI,2018,-0.07045079170020463,Tier 1,monthly_12m
UBSI,2019,0.2881595412772946,Tier 1,monthly_12m
UBSI,2020,-0.1146301513277701,Tier 1,monthly_12m
UBSI,2021,0.1635285080942861,Tier 1,monthly_12m
UBSI,2022,0.16044262839774648,Tier 1,monthly_12m
UBSI,2023,-0.03127790898376803,Tier 1,monthly_12m
GBCI,2016,0.3823866424108857,Tier 1,monthly_12m
GBCI,2017,0.10590818752690367,Tier 1,monthly_12m
GBCI,2018,0.005839045503916118,Tier 1,monthly_12m
GBCI,2019,0.16927332518228422,Tier 1,monthly_12m
GBCI,2020,0.0048249574767178505,Tier 1,monthly_12m
GBCI,2021,0.23604274340263487,Tier 1,monthly_12m
GBCI,2022,-0.10364443188179728,Tier 1,monthly_12m
UCB,2016,0.5413399791827935,Tier 1,monthly_12m
UCB,2017,-0.03674037280210041,Tier 1,monthly_12m
UCB,2018,-0.22161739558604943,Tier 1,monthly_12m
UCB,2019,0.4742306621272989,Tier 1,monthly_12m
UCB,2020,-0.04620697584135147,Tier 1,monthly_12m
UCB,2021,0.29413205006160026,Tier 1,monthly_12m
UCB,2022,-0.034663946777910626,Tier 1,monthly_12m
UCB,2023,-0.10469486762957092,Tier 1,monthly_12m
SFNC,2016,0.23334772319718167,Tier 1,monthly_12m
SFNC,2017,-0.06441508957927278,Tier 1,monthly_12m
SFNC,2018,-0.1374484010784366,Tier 1,monthly_12m
SFNC,2019,0.138899226865852,Tier 1,monthly_12m
SFNC,2020,-0.16236860607935033,Tier 1,monthly_12m
SFNC,2021,0.4033860923262327,Tier 1,monthly_12m
SFNC,2022,-0.24614561311611682,Tier 1,monthly_12m
SFNC,2023,-0.04007560481189343,Tier 1,monthly_12m
ABCB,2016,0.2827302148090609,Tier 1,monthly_12m
ABCB,2017,0.10550458712984323,Tier 1,monthly_12m
ABCB,2018,-0.33817779705901574,Tier 1,monthly_12m
ABCB,2019,0.3603614093755778,Tier 1,monthly_12m
ABCB,2020,-0.08397569058894827,Tier 1,monthly_12m
ABCB,2021,0.3201805441799994,Tier 1,monthly_12m
ABCB,2022,-0.038181726093623136,Tier 1,monthly_12m
ABCB,2023,0.14268068842769877,Tier 1,monthly_12m
EBC,2022,-0.1274318198495371,Tier 1,monthly_12m
EBC,2023,-0.15019785123774454,Tier 1,monthly_12m
AUB,2016,,Tier 3,excluded
AUB,2017,,Tier 3,excluded
AUB,2018,,Tier 3,excluded
AUB,2019,,Tier 3,excluded
AUB,2020,,Tier 3,excluded
AUB,2021,,Tier 3,excluded
AUB,2022,,Tier 3,excluded
AUB,2023,0.07140505584277723,Tier 1,monthly_12m
PFS,2016,0.45392838905291577,Tier 1,monthly_12m
PFS,2017,-0.012110592787272556,Tier 1,monthly_12m
PFS,2018,-0.07624736871958937,Tier 1,monthly_12m
PFS,2019,0.06739182393944354,Tier 1,monthly_12m
PFS,2020,-0.22470805886535283,Tier 1,monthly_12m
PFS,2021,0.40419035551977944,Tier 1,monthly_12m
PFS,2022,-0.08059811772845615,Tier 1,monthly_12m
FHB,2017,-0.1362235436896726,Tier 1,monthly_12m
FHB,2018,-0.2014389041770812,Tier 1,monthly_12m
FHB,2019,0.33276901578538354,Tier 1,monthly_12m
FHB,2020,-0.13793911926045188,Tier 1,monthly_12m
FHB,2021,0.20328937481980103,Tier 1,monthly_12m
FHB,2022,-0.009112994114533701,Tier 1,monthly_12m
FHB,2023,-0.07539139980784115,Tier 1,monthly_12m
BOH,2016,0.4477414836092022,Tier 1,monthly_12m
BOH,2017,-0.009330679017003352,Tier 1,monthly_12m
BOH,2018,-0.19196065405970186,Tier 1,monthly_12m
BOH,2019,0.45833283567520144,Tier 1,monthly_12m
BOH,2020,-0.16253802555242558,Tier 1,monthly_12m
BOH,2021,0.1286283063578204,Tier 1,monthly_12m
BOH,2022,-0.04148068450268283,Tier 1,monthly_12m
CATY,2016,0.24339214564148293,Tier 1,monthly_12m
CATY,2017,0.13419653059922876,Tier 1,monthly_12m
CATY,2018,-0.1847875887877738,Tier 1,monthly_12m
CATY,2019,0.17511181400357945,Tier 1,monthly_12m
CATY,2020,-0.11516444084137101,Tier 1,monthly_12m
CATY,2021,0.3778091138574702,Tier 1,monthly_12m
CATY,2022,-0.020934081994356868,Tier 1,monthly_12m
CATY,2023,0.13455284741432316,Tier 1,monthly_12m
HOMB,2016,0.37068114503016547,Tier 1,monthly_12m
HOMB,2017,-0.16276557431970384,Tier 1,monthly_12m
HOMB,2018,-0.2972043010763311,Tier 1,monthly_12m
HOMB,2019,0.20318237452860788,Tier 1,monthly_12m
HOMB,2020,-0.00915564611587516,Tier 1,monthly_12m
HOMB,2021,0.2500000001248206,Tier 1,monthly_12m
HOMB,2022,-0.03793248408807348,Tier 1,monthly_12m
HOMB,2023,0.14796381803509173,Tier 1,monthly_12m
CUBI,2017,-0.27442769397839006,Tier 1,monthly_12m
CUBI,2018,-0.29973066565440276,Tier 1,monthly_12m
CUBI,2019,0.30824175817992994,Tier 1,monthly_12m
CUBI,2020,-0.23645527079898665,Tier 1,monthly_12m
CUBI,2021,2.5957095713151834,Tier 1,monthly_12m
CUBI,2022,-0.566467798690383,Tier 1,monthly_12m
WSFS,2016,0.44319667880213864,Tier 1,monthly_12m
WSFS,2017,0.03912746746686313,Tier 1,monthly_12m
WSFS,2018,-0.20077126501767184,Tier 1,monthly_12m
WSFS,2019,0.1732815764981579,Tier 1,monthly_12m
WSFS,2020,0.03618057670060493,Tier 1,monthly_12m
WSFS,2021,0.12857501419611617,Tier 1,monthly_12m
WSFS,2022,-0.08434221371956874,Tier 1,monthly_12m
WSFS,2023,0.028671390222473336,Tier 1,monthly_12m
INDB,2016,0.5479890139218935,Tier 1,monthly_12m
INDB,2017,0.010501492335315943,Tier 1,monthly_12m
INDB,2018,0.027253922344071535,Tier 1,monthly_12m
INDB,2019,0.21127780441435995,Tier 1,monthly_12m
INDB,2020,-0.09584794382758344,Tier 1,monthly_12m
INDB,2021,0.14342599166584402,Tier 1,monthly_12m
INDB,2022,0.06221626101706135,Tier 1,monthly_12m
INDB,2023,-0.1890905912333395,Tier 1,monthly_12m
MBIN,2019,0.003135239989666694,Tier 1,monthly_12m
MBIN,2022,-0.22064977218680082,Tier 1,monthly_12m
MBIN,2023,0.769895838497114,Tier 1,monthly_12m
WSBC,2016,0.4761875383855072,Tier 1,monthly_12m
WSBC,2017,-0.030140838443857176,Tier 1,monthly_12m
WSBC,2018,-0.07360497935281685,Tier 1,monthly_12m
WSBC,2019,0.06533174845249201,Tier 1,monthly_12m
WSBC,2020,-0.16226086794425532,Tier 1,monthly_12m
WSBC,2021,0.21311217598539556,Tier 1,monthly_12m
WSBC,2022,0.09897772878067901,Tier 1,monthly_12m
WSBC,2023,-0.10842209688846116,Tier 1,monthly_12m
FFBC,2016,0.6237405913206113,Tier 1,monthly_12m
FFBC,2017,-0.04946260959751558,Tier 1,monthly_12m
FFBC,2018,-0.07561601021573106,Tier 1,monthly_12m
FFBC,2019,0.11292607036017799,Tier 1,monthly_12m
FFBC,2020,-0.2689652370849669,Tier 1,monthly_12m
FFBC,2021,0.4458926657069584,Tier 1,monthly_12m
FFBC,2022,0.03387251604594721,Tier 1,monthly_12m
FFBC,2023,0.02394589795256019,Tier 1,monthly_12m
FRME,2016,0.5105479103766679,Tier 1,monthly_12m
FRME,2017,0.13616536767212128,Tier 1,monthly_12m
FRME,2018,-0.169278358574678,Tier 1,monthly_12m
FRME,2019,0.24606746660869994,Tier 1,monthly_12m
FRME,2020,-0.06912479480558287,Tier 1,monthly_12m
FRME,2021,0.14968834994077085,Tier 1,monthly_12m
FRME,2022,0.010994556844359016,Tier 1,monthly_12m
FRME,2023,-0.05845906374612497,Tier 1,monthly_12m
TRMK,2016,0.6013165535370311,Tier 1,monthly_12m
TRMK,2017,-0.08024610266165944,Tier 1,monthly_12m
TRMK,2018,-0.0821900556886207,Tier 1,monthly_12m
TRMK,2019,0.24727896935976434,Tier 1,monthly_12m
TRMK,2020,-0.17906491712338113,Tier 1,monthly_12m
TRMK,2021,0.2237477599307316,Tier 1,monthly_12m
TRMK,2022,0.1067760130685953,Tier 1,monthly_12m
RNST,2016,,Tier 3,excluded
RNST,2017,,Tier 3,excluded
RNST,2018,,Tier 3,excluded
RNST,2019,,Tier 3,excluded
RNST,2020,,Tier 3,excluded
RNST,2021,,Tier 3,excluded
RNST,2022,,Tier 3,excluded
PPBI,2017,,Tier 3,excluded
PPBI,2018,,Tier 3,excluded
PPBI,2019,,Tier 3,excluded
PPBI,2020,,Tier 3,excluded
PPBI,2021,,Tier 3,excluded
PPBI,2022,,Tier 3,excluded
SFBS,2016,,Tier 3,excluded
SFBS,2017,,Tier 3,excluded
SFBS,2018,,Tier 3,excluded
SFBS,2019,,Tier 3,excluded
SFBS,2020,,Tier 3,excluded
SFBS,2021,,Tier 3,excluded
SFBS,2022,-0.1787248000513305,Tier 1,monthly_12m
TOWN,2016,0.6285740096124681,Tier 1,monthly_12m
TOWN,2017,-0.05910249050196692,Tier 1,monthly_12m
TOWN,2018,-0.2040018741684091,Tier 1,monthly_12m
TOWN,2019,0.19205844802221828,Tier 1,monthly_12m
TOWN,2020,-0.12243268259826612,Tier 1,monthly_12m
TOWN,2021,0.37978334510609635,Tier 1,monthly_12m
HOPE,2017,-0.1439878267070892,Tier 1,monthly_12m
HOPE,2018,-0.32857599041151053,Tier 1,monthly_12m
HOPE,2019,0.3035609495109306,Tier 1,monthly_12m
HOPE,2020,-0.22116833520337686,Tier 1,monthly_12m
HOPE,2021,0.40377837253272797,Tier 1,monthly_12m
HOPE,2022,-0.09543888994425109,Tier 1,monthly_12m
HOPE,2023,-0.001420079135297625,Tier 1,monthly_12m
CBU,2016,0.5903897535086324,Tier 1,monthly_12m
CBU,2017,-0.1088517851599472,Tier 1,monthly_12m
CBU,2018,0.11090869017068439,Tier 1,monthly_12m
CBU,2019,0.2465415697616884,Tier 1,monthly_12m
CBU,2020,-0.09668445147660598,Tier 1,monthly_12m
CBU,2021,0.22272088529694956,Tier 1,monthly_12m
CBU,2022,-0.13156487491193458,Tier 1,monthly_12m
CBU,2023,-0.14228297240054188,Tier 1,monthly_12m
HTH,2016,0.5539960625935176,Tier 1,monthly_12m
HTH,2017,-0.14190389414180515,Tier 1,monthly_12m
HTH,2018,-0.28696050741320234,Tier 1,monthly_12m
HTH,2019,0.4193409696926609,Tier 1,monthly_12m
HTH,2020,0.12419543308250414,Tier 1,monthly_12m
HTH,2021,0.29526769244549245,Tier 1,monthly_12m
HTH,2022,-0.12856699838725494,Tier 1,monthly_12m
HTH,2023,0.19769350492878845,Tier 1,monthly_12m
BANR,2016,0.23598650823945655,Tier 1,monthly_12m
BANR,2017,0.02251525997516235,Tier 1,monthly_12m
BANR,2018,0.0005347210831709859,Tier 1,monthly_12m
BANR,2019,0.09022634953978281,Tier 1,monthly_12m
BANR,2020,-0.12539007418658654,Tier 1,monthly_12m
BANR,2021,0.3427158058671589,Tier 1,monthly_12m
BANR,2022,0.07174391527517643,Tier 1,monthly_12m
BANR,2023,-0.1195387090968687,Tier 1,monthly_12m
IBOC,2016,0.6229740820094163,Tier 1,monthly_12m
IBOC,2017,-0.009977230341941423,Tier 1,monthly_12m
IBOC,2018,-0.11776346073531019,Tier 1,monthly_12m
IBOC,2019,0.2864819249420656,Tier 1,monthly_12m
IBOC,2020,-0.0958985525297521,Tier 1,monthly_12m
IBOC,2021,0.1646673733564159,Tier 1,monthly_12m
IBOC,2022,0.10938738547765325,Tier 1,monthly_12m
IBOC,2023,0.2196936939351153,Tier 1,monthly_12m
EFSC,2017,0.06104751601654801,Tier 1,monthly_12m
EFSC,2018,-0.15846944838044996,Tier 1,monthly_12m
EFSC,2019,0.2998158716516266,Tier 1,monthly_12m
EFSC,2020,-0.2582595996628324,Tier 1,monthly_12m
EFSC,2021,0.3688466291900334,Tier 1,monthly_12m
EFSC,2022,0.060223888714246776,Tier 1,monthly_12m
EFSC,2023,-0.06671342845755313,Tier 1,monthly_12m
SBCF,2017,0.14279238449348597,Tier 1,monthly_12m
SBCF,2018,0.032130107061194346,Tier 1,monthly_12m
SBCF,2019,0.17486548801500246,Tier 1,monthly_12m
SBCF,2020,-0.03663722598836738,Tier 1,monthly_12m
SBCF,2021,0.2160516822875147,Tier 1,monthly_12m
SBCF,2022,-0.10098686365028997,Tier 1,monthly_12m
CVBF,2016,0.38466270838915007,Tier 1,monthly_12m
CVBF,2017,0.05093489059880385,Tier 1,monthly_12m
CVBF,2018,-0.11983692764747644,Tier 1,monthly_12m
CVBF,2019,0.1021172434260762,Tier 1,monthly_12m
CVBF,2020,-0.05225257808486872,Tier 1,monthly_12m
CVBF,2021,0.13576974880625592,Tier 1,monthly_12m
CVBF,2022,0.24018151384714082,Tier 1,monthly_12m
CVBF,2023,-0.18406920834312734,Tier 1,monthly_12m
NWBI,2016,0.4058778367025524,Tier 1,monthly_12m
NWBI,2017,-0.03534152856230577,Tier 1,monthly_12m
NWBI,2018,0.05397081967335793,Tier 1,monthly_12m
NWBI,2019,0.023473694793550548,Tier 1,monthly_12m
NWBI,2020,-0.1798980666200184,Tier 1,monthly_12m
NWBI,2021,0.1781907992471119,Tier 1,monthly_12m
NWBI,2022,0.04591078227020806,Tier 1,monthly_12m
DCOM,2017,-0.061545390295503544,Tier 1,monthly_12m
DCOM,2018,-0.2593148220053696,Tier 1,monthly_12m
DCOM,2019,0.33969591970524116,Tier 1,monthly_12m
DCOM,2020,-0.25113017677297866,Tier 1,monthly_12m
DCOM,2021,0.4990397136273541,Tier 1,monthly_12m
DCOM,2022,-0.06819596053006538,Tier 1,monthly_12m
FFIN,2016,0.528532679957495,Tier 1,monthly_12m
FFIN,2017,0.014497384578491257,Tier 1,monthly_12m
FFIN,2018,0.2996187989309451,Tier 1,monthly_12m
FFIN,2019,0.23461716131748966,Tier 1,monthly_12m
FFIN,2020,0.04818194474649351,Tier 1,monthly_12m
FFIN,2021,0.4221575118128613,Tier 1,monthly_12m
FFIN,2022,-0.3120944241337942,Tier 1,monthly_12m
FFIN,2023,-0.09808080060116586,Tier 1,monthly_12m
NBTB,2016,0.5462110729609244,Tier 1,monthly_12m
NBTB,2017,-0.09910754281413803,Tier 1,monthly_12m
NBTB,2018,-0.035170762633039976,Tier 1,monthly_12m
NBTB,2019,0.20585160311632955,Tier 1,monthly_12m
NBTB,2020,-0.18125945436853874,Tier 1,monthly_12m
NBTB,2021,0.23633244534998332,Tier 1,monthly_12m
NBTB,2022,0.16037226307206254,Tier 1,monthly_12m
NBTB,2023,-0.0009092224051427955,Tier 1,monthly_12m
BANF,2016,0.6224098281798864,Tier 1,monthly_12m
BANF,2017,0.11704977139696782,Tier 1,monthly_12m
BANF,2018,-0.006271579525473858,Tier 1,monthly_12m
BANF,2019,0.27908829480656383,Tier 1,monthly_12m
BANF,2020,-0.029572074013057614,Tier 1,monthly_12m
BANF,2021,0.2277226806908259,Tier 1,monthly_12m
BANF,2022,0.2711609944075912,Tier 1,monthly_12m
BANF,2023,0.12433447155364119,Tier 1,monthly_12m
OCFC,2017,-0.10677182503414329,Tier 1,monthly_12m
OCFC,2018,-0.12247915808983756,Tier 1,monthly_12m
OCFC,2019,0.16677383757827724,Tier 1,monthly_12m
OCFC,2020,-0.2401017319670542,Tier 1,monthly_12m
OCFC,2021,0.23049675961507554,Tier 1,monthly_12m
OCFC,2022,-0.009047387912267335,Tier 1,monthly_12m
OCFC,2023,-0.143669028097978,Tier 1,monthly_12m
FBK,2017,0.6181117534571898,Tier 1,monthly_12m
FBK,2018,-0.16174917536425615,Tier 1,monthly_12m
FBK,2019,0.14050567867612207,Tier 1,monthly_12m
FBK,2020,-0.11140652162023446,Tier 1,monthly_12m
FBK,2021,0.27510139074610773,Tier 1,monthly_12m
FBK,2022,-0.1650104414797331,Tier 1,monthly_12m
FBK,2023,0.12358126308175432,Tier 1,monthly_12m
LOB,2017,,Tier 3,excluded
LOB,2018,,Tier 3,excluded
LOB,2019,,Tier 3,excluded
LOB,2020,,Tier 3,excluded
VBTX,2017,0.03294646199783213,Tier 1,monthly_12m
VBTX,2018,-0.22508155136709773,Tier 1,monthly_12m
FFWM,2019,,Tier 3,excluded
FFWM,2020,,Tier 3,excluded
BHLB,2017,,Tier 3,excluded
BHLB,2018,,Tier 3,excluded
BHLB,2019,,Tier 3,excluded
BHLB,2020,,Tier 3,excluded
BHLB,2021,,Tier 3,excluded
BHLB,2022,,Tier 3,excluded
BHLB,2023,,Tier 3,excluded
FBNC,2017,0.3139580051273896,Tier 1,monthly_12m
FBNC,2018,-0.06502456529180412,Tier 1,monthly_12m
FBNC,2019,0.23991212699125763,Tier 1,monthly_12m
FBNC,2020,-0.1271659100973841,Tier 1,monthly_12m
FBNC,2021,0.37655889693073785,Tier 1,monthly_12m
FBNC,2022,-0.041615284821417076,Tier 1,monthly_12m
FBNC,2023,-0.11243784225185638,Tier 1,monthly_12m
BUSE,2017,-0.0036909141779930543,Tier 1,monthly_12m
BUSE,2018,-0.1588729710493878,Tier 1,monthly_12m
BUSE,2019,0.1578493935631311,Tier 1,monthly_12m
BUSE,2020,-0.17971882405403428,Tier 1,monthly_12m
BUSE,2021,0.30759313404479194,Tier 1,monthly_12m
BUSE,2022,-0.054141884614632985,Tier 1,monthly_12m
BUSE,2023,0.05087201379187323,Tier 1,monthly_12m
BRKL,2017,,Tier 3,excluded
BRKL,2018,,Tier 3,excluded
BRKL,2019,,Tier 3,excluded
BRKL,2020,,Tier 3,excluded
BRKL,2021,,Tier 3,excluded
BRKL,2022,,Tier 3,excluded
FCF,2017,0.03404719989981353,Tier 1,monthly_12m
FCF,2018,-0.1363737994748616,Tier 1,monthly_12m
FCF,2019,0.23656558833286123,Tier 1,monthly_12m
FCF,2020,-0.20887486108781061,Tier 1,monthly_12m
FCF,2021,0.5193350311096847,Tier 1,monthly_12m
FCF,2022,-0.10307730883612476,Tier 1,monthly_12m
FCF,2023,0.14701813532091346,Tier 1,monthly_12m
EGBN,2020,-0.1277060890330427,Tier 1,monthly_12m
EGBN,2021,0.44509247904805216,Tier 1,monthly_12m
EGBN,2022,-0.21908563380691415,Tier 1,monthly_12m
EGBN,2023,-0.27033150490723745,Tier 1,monthly_12m
STEL,2019,0.07279459869918492,Tier 1,monthly_12m
STEL,2020,-0.16339580796676623,Tier 1,monthly_12m
STEL,2021,0.1578740652370998,Tier 1,monthly_12m
STEL,2022,0.03405152851453219,Tier 1,monthly_12m
CLBK,2019,0.10791366911986366,Tier 1,monthly_12m
CLBK,2020,-0.0814639906049176,Tier 1,monthly_12m
CLBK,2021,0.3406169666569303,Tier 1,monthly_12m
CLBK,2022,0.036433365353310876,Tier 1,monthly_12m
CLBK,2023,-0.10823311742251263,Tier 1,monthly_12m
AMTB,2020,,Tier 3,excluded
AMTB,2021,,Tier 3,excluded
AMTB,2022,,Tier 3,excluded
AMTB,2023,,Tier 3,excluded
CNOB,2017,0.00471080232719534,Tier 1,monthly_12m
CNOB,2018,-0.274329237391569,Tier 1,monthly_12m
CNOB,2019,0.41522851908653857,Tier 1,monthly_12m
CNOB,2020,-0.21407129878359688,Tier 1,monthly_12m
CNOB,2021,0.6785180351441162,Tier 1,monthly_12m
CNOB,2022,-0.24382742123729462,Tier 1,monthly_12m
CNOB,2023,-0.018969195856649024,Tier 1,monthly_12m
NBHC,2017,0.02772445838332649,Tier 1,monthly_12m
NBHC,2018,-0.034328677161126975,Tier 1,monthly_12m
NBHC,2019,0.16554582992811628,Tier 1,monthly_12m
NBHC,2020,-0.04462937888667973,Tier 1,monthly_12m
NBHC,2021,0.37046789792156587,Tier 1,monthly_12m
NBHC,2022,-0.021525204798250486,Tier 1,monthly_12m
NBHC,2023,-0.08824154954789731,Tier 1,monthly_12m
PRK,2016,0.3763432166962877,Tier 1,monthly_12m
PRK,2017,-0.0985135950627386,Tier 1,monthly_12m
PRK,2018,-0.15121648385236397,Tier 1,monthly_12m
PRK,2019,0.2590382187150979,Tier 1,monthly_12m
PRK,2020,0.0766937009304427,Tier 1,monthly_12m
PRK,2021,0.355626128637589,Tier 1,monthly_12m
PRK,2022,0.061491552840662766,Tier 1,monthly_12m
PRK,2023,-0.019965999431267756,Tier 1,monthly_12m
OBK,2019,0.11863335606426406,Tier 1,monthly_12m
OBK,2020,-0.2544829099349363,Tier 1,monthly_12m
TCBK,2017,0.12777643821439733,Tier 1,monthly_12m
TCBK,2018,-0.09093442249405337,Tier 1,monthly_12m
TCBK,2019,0.23355654611386045,Tier 1,monthly_12m
TCBK,2020,-0.10832019942746463,Tier 1,monthly_12m
TCBK,2021,0.24541594574893977,Tier 1,monthly_12m
TCBK,2022,0.21559914377621325,Tier 1,monthly_12m
STBA,2017,0.04218671540401875,Tier 1,monthly_12m
STBA,2018,-0.02674076188000163,Tier 1,monthly_12m
STBA,2019,0.09485636638595007,Tier 1,monthly_12m
STBA,2020,-0.35397711814828714,Tier 1,monthly_12m
STBA,2021,0.31672076210856615,Tier 1,monthly_12m
STBA,2022,0.12612545526609376,Tier 1,monthly_12m
STBA,2023,0.020832187958188975,Tier 1,monthly_12m
BY,2018,-0.27470613845910075,Tier 1,monthly_12m
BY,2019,0.17648918105422995,Tier 1,monthly_12m
BY,2020,-0.20229267626393999,Tier 1,monthly_12m
BY,2021,0.7930251804427499,Tier 1,monthly_12m
PEBO,2017,0.030980407328767168,Tier 1,monthly_12m
PEBO,2018,-0.04769818577688112,Tier 1,monthly_12m
PEBO,2019,0.19939844483794844,Tier 1,monthly_12m
PEBO,2020,-0.1726937668059828,Tier 1,monthly_12m
PEBO,2021,0.22836358010853886,Tier 1,monthly_12m
PEBO,2022,-0.06646080532060639,Tier 1,monthly_12m
FFIC,2017,-0.03948582492540165,Tier 1,monthly_12m
FFIC,2018,-0.19221735811308915,Tier 1,monthly_12m
FFIC,2019,0.04365834943639535,Tier 1,monthly_12m
FFIC,2020,-0.17846818430343447,Tier 1,monthly_12m
FFIC,2021,0.5133678303743061,Tier 1,monthly_12m
FFIC,2022,-0.16931296995339162,Tier 1,monthly_12m
FFIC,2023,-0.09544079642375758,Tier 1,monthly_12m
QCRH,2017,-0.005910890300228733,Tier 1,monthly_12m
QCRH,2018,-0.24672855140575078,Tier 1,monthly_12m
QCRH,2019,0.3756291401636558,Tier 1,monthly_12m
QCRH,2020,-0.09043157977544625,Tier 1,monthly_12m
QCRH,2021,0.421295602987944,Tier 1,monthly_12m
QCRH,2022,-0.10950052235577956,Tier 1,monthly_12m
SRCE,2017,0.12493439182722277,Tier 1,monthly_12m
SRCE,2018,-0.16895338382834935,Tier 1,monthly_12m
SRCE,2019,0.31592538732366937,Tier 1,monthly_12m
SRCE,2020,-0.19852263708388973,Tier 1,monthly_12m
SRCE,2021,0.2640467236535369,Tier 1,monthly_12m
SRCE,2022,0.09804969778019124,Tier 1,monthly_12m
SYBT,2017,-0.1796733690762402,Tier 1,monthly_12m
SYBT,2018,-0.10592179003824398,Tier 1,monthly_12m
SYBT,2019,0.2868978595295031,Tier 1,monthly_12m
SYBT,2020,0.01758424316562235,Tier 1,monthly_12m
SYBT,2021,0.610100023106269,Tier 1,monthly_12m
SYBT,2022,0.036391628177941726,Tier 1,monthly_12m
NIC,2017,0.14782973364265306,Tier 1,monthly_12m
NIC,2018,-0.10851297041237284,Tier 1,monthly_12m
NIC,2019,0.5133196721566908,Tier 1,monthly_12m
NIC,2020,-0.1015572105889927,Tier 1,monthly_12m
NIC,2021,0.2923888469952607,Tier 1,monthly_12m
NIC,2022,-0.06950437311919977,Tier 1,monthly_12m
TBBK,2017,0.2569974554809402,Tier 1,monthly_12m
TBBK,2018,-0.19433198376194782,Tier 1,monthly_12m
TBBK,2019,0.6293969849456753,Tier 1,monthly_12m
TBBK,2020,0.052428681535712895,Tier 1,monthly_12m
TBBK,2021,0.8542124540106604,Tier 1,monthly_12m
TBBK,2023,0.35870331229012264,Tier 1,monthly_12m
SBSI,2017,-0.08303621596658639,Tier 1,monthly_12m
SBSI,2018,-0.03193115894331244,Tier 1,monthly_12m
SBSI,2019,0.21325034650469288,Tier 1,monthly_12m
SBSI,2020,-0.1281648771247914,Tier 1,monthly_12m
SBSI,2021,0.39556518687561115,Tier 1,monthly_12m
SBSI,2022,-0.10840447609891102,Tier 1,monthly_12m
SBSI,2023,-0.08911637182688315,Tier 1,monthly_12m
UVSP,2017,-0.06626564492931819,Tier 1,monthly_12m
UVSP,2018,-0.20766473399904706,Tier 1,monthly_12m
UVSP,2019,0.2809005381057905,Tier 1,monthly_12m
UVSP,2020,-0.20427677687380974,Tier 1,monthly_12m
UVSP,2021,0.49593911920641975,Tier 1,monthly_12m
UVSP,2022,-0.09948865336052148,Tier 1,monthly_12m
HMST,2017,,Tier 3,excluded
HMST,2018,,Tier 3,excluded
HMST,2019,,Tier 3,excluded
HMST,2020,,Tier 3,excluded
TMP,2017,-0.12070768133281784,Tier 1,monthly_12m
TMP,2018,-0.05534832302485637,Tier 1,monthly_12m
TMP,2019,0.2502334426245829,Tier 1,monthly_12m
TMP,2020,-0.20382301143542003,Tier 1,monthly_12m
TMP,2021,0.2174326160910376,Tier 1,monthly_12m
BFST,2021,0.4169057727706478,Tier 1,monthly_12m
BFST,2022,-0.20221102725093165,Tier 1,monthly_12m
BFST,2023,0.14350923627007472,Tier 1,monthly_12m
HBNC,2017,0.010585216247302354,Tier 1,monthly_12m
HBNC,2018,-0.13155907092229435,Tier 1,monthly_12m
HBNC,2019,0.23683966359506714,Tier 1,monthly_12m
HBNC,2020,-0.12868876458675382,Tier 1,monthly_12m
HBNC,2021,0.3540608291375227,Tier 1,monthly_12m
HBNC,2022,-0.2526917081490202,Tier 1,monthly_12m
HBNC,2023,0.004589535068723949,Tier 1,monthly_12m
HAFC,2017,-0.10733094332680448,Tier 1,monthly_12m
HAFC,2018,-0.3264663669997938,Tier 1,monthly_12m
HAFC,2019,0.06147764899976749,Tier 1,monthly_12m
HAFC,2020,-0.4085225408782456,Tier 1,monthly_12m
MSBI,2017,-0.08001843279946841,Tier 1,monthly_12m
MSBI,2018,-0.29210513427426577,Tier 1,monthly_12m
MSBI,2019,0.3451841226035761,Tier 1,monthly_12m
MSBI,2020,-0.3432231788071609,Tier 1,monthly_12m
MSBI,2021,0.4516278321463467,Tier 1,monthly_12m
MSBI,2022,0.11951121004528953,Tier 1,monthly_12m
MSBI,2023,0.09172693320144565,Tier 1,monthly_12m
FMBH,2017,0.15403856659445547,Tier 1,monthly_12m
FMBH,2018,-0.15588664218486092,Tier 1,monthly_12m
FMBH,2019,0.12905286326129883,Tier 1,monthly_12m
FMBH,2020,-0.01686496304551277,Tier 1,monthly_12m
FMBH,2021,0.2982880093399394,Tier 1,monthly_12m
FMBH,2022,-0.23209425608883394,Tier 1,monthly_12m
CPF,2017,-0.028922272881499622,Tier 1,monthly_12m
CPF,2018,-0.15992350698673152,Tier 1,monthly_12m
CPF,2019,0.25358961517473344,Tier 1,monthly_12m
CPF,2020,-0.32403539945762694,Tier 1,monthly_12m
CPF,2021,0.5381385479069423,Tier 1,monthly_12m
CPF,2022,-0.24778046300132217,Tier 1,monthly_12m
CPF,2023,0.02921438906285223,Tier 1,monthly_12m
MCB,2019,0.563371150727275,Tier 1,monthly_12m
MCB,2020,-0.24797843669872977,Tier 1,monthly_12m
MCB,2021,1.9371381308387936,Tier 1,monthly_12m
MCB,2022,-0.44926311836629107,Tier 1,monthly_12m
MCB,2023,-0.056076359255285646,Tier 1,monthly_12m
HFWA,2017,0.22281988789193163,Tier 1,monthly_12m
HFWA,2018,-0.013405064681275003,Tier 1,monthly_12m
HFWA,2019,-0.02009215236439632,Tier 1,monthly_12m
HFWA,2020,-0.14029453170657435,Tier 1,monthly_12m
HFWA,2021,0.07866123710902229,Tier 1,monthly_12m
HFWA,2022,0.2931397329929162,Tier 1,monthly_12m
HFWA,2023,-0.26882545843561034,Tier 1,monthly_12m
PGC,2017,0.14113752881887476,Tier 1,monthly_12m
PGC,2018,-0.27648361802884225,Tier 1,monthly_12m
PGC,2019,0.2359722576978378,Tier 1,monthly_12m
PGC,2020,-0.2560876686420548,Tier 1,monthly_12m
PGC,2021,0.5652797985772244,Tier 1,monthly_12m
PGC,2022,0.057435360714794825,Tier 1,monthly_12m
PGC,2023,-0.19315158149842804,Tier 1,monthly_12m
WASH,2017,-0.022186127469698058,Tier 1,monthly_12m
WASH,2018,-0.07753805091369559,Tier 1,monthly_12m
WASH,2019,0.17716011769168727,Tier 1,monthly_12m
WASH,2020,-0.11797611028895949,Tier 1,monthly_12m
WASH,2021,0.3088214002087446,Tier 1,monthly_12m
WASH,2022,-0.12478112987030754,Tier 1,monthly_12m
WASH,2023,-0.2603191449782236,Tier 1,monthly_12m
PFBC,2017,0.13722321622675016,Tier 1,monthly_12m
PFBC,2018,-0.251410599866573,Tier 1,monthly_12m
PFBC,2019,0.42113901056501013,Tier 1,monthly_12m
PFBC,2020,-0.13399002905290192,Tier 1,monthly_12m
PFBC,2021,0.45590365512253284,Tier 1,monthly_12m
PFBC,2022,0.06477899571553447,Tier 1,monthly_12m
PFBC,2023,0.015618803199305642,Tier 1,monthly_12m
RBCAA,2017,-0.015322170700083904,Tier 1,monthly_12m
RBCAA,2018,0.04172398294240476,Tier 1,monthly_12m
RBCAA,2019,0.23713157077265223,Tier 1,monthly_12m
RBCAA,2020,-0.20228782514004284,Tier 1,monthly_12m
RBCAA,2021,0.44566598623413367,Tier 1,monthly_12m
RBCAA,2022,-0.16925087405058514,Tier 1,monthly_12m
RBCAA,2023,0.3926616742371436,Tier 1,monthly_12m
LKFN,2017,0.04311533633368825,Tier 1,monthly_12m
LKFN,2018,-0.15376249062097824,Tier 1,monthly_12m
LKFN,2019,0.24975512132273803,Tier 1,monthly_12m
LKFN,2020,0.1252374056007568,Tier 1,monthly_12m
LKFN,2021,0.5275679109859082,Tier 1,monthly_12m
LKFN,2022,-0.07013731278486302,Tier 1,monthly_12m
LKFN,2023,-0.07763319199498864,Tier 1,monthly_12m
CHCO,2017,0.024378424931261744,Tier 1,monthly_12m
CHCO,2018,0.02854801745779345,Tier 1,monthly_12m
CHCO,2019,0.24807751565812342,Tier 1,monthly_12m
CHCO,2020,-0.12152442474706793,Tier 1,monthly_12m
CHCO,2021,0.2125493013297186,Tier 1,monthly_12m
CHCO,2022,0.17233708625623967,Tier 1,monthly_12m
CHCO,2023,0.21907711264553664,Tier 1,monthly_12m
GABC,2017,0.02320094902724157,Tier 1,monthly_12m
GABC,2018,-0.20014389470296823,Tier 1,monthly_12m
GABC,2019,0.3109916725457247,Tier 1,monthly_12m
GABC,2020,-0.04780852651194534,Tier 1,monthly_12m
GABC,2021,0.20329186540535815,Tier 1,monthly_12m
GABC,2022,-0.01957399184321773,Tier 1,monthly_12m
GABC,2023,-0.10216816715833776,Tier 1,monthly_12m
TRST,2017,0.0855089882465141,Tier 1,monthly_12m
TRST,2018,-0.2301782342992671,Tier 1,monthly_12m
TRST,2019,0.30738472273753703,Tier 1,monthly_12m
TRST,2020,-0.1974918824849513,Tier 1,monthly_12m
TRST,2021,0.03934101745672258,Tier 1,monthly_12m
TRST,2022,0.17582091892206053,Tier 1,monthly_12m
TRST,2023,-0.13294333365903,Tier 1,monthly_12m
MOFG,2017,-0.09103852790461653,Tier 1,monthly_12m
MOFG,2018,-0.2411238816095742,Tier 1,monthly_12m
MOFG,2019,0.49835464779140515,Tier 1,monthly_12m
MOFG,2020,-0.29619550649429405,Tier 1,monthly_12m
MOFG,2021,0.3617172820980925,Tier 1,monthly_12m
MOFG,2022,0.010870645478266105,Tier 1,monthly_12m
SHBI,2018,-0.11338710681643349,Tier 1,monthly_12m
SHBI,2019,0.22605301262753374,Tier 1,monthly_12m
SHBI,2020,-0.12214260669093269,Tier 1,monthly_12m
SHBI,2021,0.46882104153299764,Tier 1,monthly_12m
SHBI,2022,-0.1435980524309659,Tier 1,monthly_12m
SHBI,2023,-0.15032695596058843,Tier 1,monthly_12m
CTBI,2017,-0.022517344113365034,Tier 1,monthly_12m
CTBI,2018,-0.13342216362535253,Tier 1,monthly_12m
CTBI,2019,0.2190420947236611,Tier 1,monthly_12m
CCNE,2017,0.007914746577608156,Tier 1,monthly_12m
CCNE,2018,-0.10462175518544958,Tier 1,monthly_12m
CCNE,2019,0.45923798588425613,Tier 1,monthly_12m
CCNE,2020,-0.3250644369258411,Tier 1,monthly_12m
CCNE,2021,0.27977650033813584,Tier 1,monthly_12m
CCNE,2022,-0.0776375256934112,Tier 1,monthly_12m
CCNE,2023,-0.015707665162883133,Tier 1,monthly_12m
FISI,2017,-0.06523873151333925,Tier 1,monthly_12m
FISI,2018,-0.14767862240814478,Tier 1,monthly_12m
FISI,2019,0.2913578987030403,Tier 1,monthly_12m
FISI,2020,-0.2554135062346602,Tier 1,monthly_12m
FISI,2021,0.4638648570236177,Tier 1,monthly_12m
FISI,2022,-0.1996327094378929,Tier 1,monthly_12m
FISI,2023,-0.06796414110027504,Tier 1,monthly_12m
WABC,2016,0.392207885499424,Tier 1,monthly_12m
WABC,2017,-0.026448558154384627,Tier 1,monthly_12m
WABC,2018,-0.03926955564248191,Tier 1,monthly_12m
WABC,2019,0.24851841588664225,Tier 1,monthly_12m
WABC,2020,-0.1612587324545428,Tier 1,monthly_12m
WABC,2021,0.07398703824363717,Tier 1,monthly_12m
WABC,2022,0.05159953127605221,Tier 1,monthly_12m
MBWM,2017,-0.04001090898533832,Tier 1,monthly_12m
MBWM,2018,-0.15725009431191994,Tier 1,monthly_12m
MBWM,2019,0.33310052017199876,Tier 1,monthly_12m
MBWM,2020,-0.22002137379857967,Tier 1,monthly_12m
MBWM,2021,0.3374000546742033,Tier 1,monthly_12m
MBWM,2022,-0.008635572016881699,Tier 1,monthly_12m
MBWM,2023,0.25772444462207766,Tier 1,monthly_12m
GSBC,2017,-0.03790331299964844,Tier 1,monthly_12m
GSBC,2018,-0.08794362039894887,Tier 1,monthly_12m
GSBC,2019,0.42735091695436034,Tier 1,monthly_12m
GSBC,2020,-0.18712633218034602,Tier 1,monthly_12m
GSBC,2021,0.2422053617968285,Tier 1,monthly_12m
GSBC,2022,0.03087680088547251,Tier 1,monthly_12m
GSBC,2023,0.028550940406072645,Tier 1,monthly_12m
TFIN,2017,0.20458891020581604,Tier 1,monthly_12m
TFIN,2018,-0.057142857080255904,Tier 1,monthly_12m
TFIN,2019,0.2801346801965301,Tier 1,monthly_12m
TFIN,2020,0.27695949503223805,Tier 1,monthly_12m
TFIN,2021,1.4527291451619142,Tier 1,monthly_12m
TFIN,2022,-0.5896036279153668,Tier 1,monthly_12m
TFIN,2023,0.6406793532410213,Tier 1,monthly_12m
CAC,2017,-0.03172205287601959,Tier 1,monthly_12m
CAC,2018,-0.12457001639452325,Tier 1,monthly_12m
CAC,2019,0.31780658399985784,Tier 1,monthly_12m
CAC,2020,-0.192666971797261,Tier 1,monthly_12m
CAC,2021,0.38868189985446366,Tier 1,monthly_12m
CAC,2022,-0.10362132598556884,Tier 1,monthly_12m
HONE,2022,-0.040928064558685695,Tier 1,monthly_12m
INBK,2018,-0.45974026355759146,Tier 1,monthly_12m
INBK,2019,0.17329601128088434,Tier 1,monthly_12m
INBK,2020,0.228424547397444,Tier 1,monthly_12m
INBK,2021,0.6479031016017021,Tier 1,monthly_12m
INBK,2022,-0.4801048458102809,Tier 1,monthly_12m
NFBK,2016,0.2795089040255203,Tier 1,monthly_12m
NFBK,2017,-0.12765361446265144,Tier 1,monthly_12m
NFBK,2018,-0.18568754650952057,Tier 1,monthly_12m
NFBK,2019,0.28662391854707137,Tier 1,monthly_12m
OSBC,2017,0.23946329982060321,Tier 1,monthly_12m
OSBC,2018,-0.04498494762473371,Tier 1,monthly_12m
OSBC,2019,0.039376453829313096,Tier 1,monthly_12m
OSBC,2020,-0.2469551395434949,Tier 1,monthly_12m
OSBC,2021,0.26243993918893094,Tier 1,monthly_12m
OSBC,2022,0.29213298887194905,Tier 1,monthly_12m
OSBC,2023,-0.02393961315571025,Tier 1,monthly_12m
HTBK,2018,-0.23835866364953717,Tier 1,monthly_12m
HTBK,2019,0.17622989473489548,Tier 1,monthly_12m
HTBK,2020,-0.2627766033846085,Tier 1,monthly_12m
HTBK,2021,0.41089093471776605,Tier 1,monthly_12m
HTBK,2022,0.13596608918361253,Tier 1,monthly_12m
FRBKQ,2017,0.011976047864505457,Tier 1,monthly_12m
FRBKQ,2018,-0.29349112432600133,Tier 1,monthly_12m
FRBKQ,2019,-0.29983249584605576,Tier 1,monthly_12m
THFF,2017,-0.09533227690458967,Tier 1,monthly_12m
THFF,2018,-0.09433882214136668,Tier 1,monthly_12m
THFF,2019,0.16779743973868477,Tier 1,monthly_12m
THFF,2020,-0.12751160695656383,Tier 1,monthly_12m
THFF,2021,0.19454169299737045,Tier 1,monthly_12m
THFF,2022,0.044120111285036456,Tier 1,monthly_12m
THFF,2023,-0.02616019260470892,Tier 1,monthly_12m
MPB,2018,-0.3219934866484523,Tier 1,monthly_12m
MPB,2019,0.2913488687091397,Tier 1,monthly_12m
MPB,2020,-0.21211527114459483,Tier 1,monthly_12m
MPB,2021,0.49567679558987976,Tier 1,monthly_12m
MPB,2022,-0.029325443074008417,Tier 1,monthly_12m
MPB,2023,-0.16031936388258528,Tier 1,monthly_12m
ORRF,2018,-0.2636322042361361,Tier 1,monthly_12m
ORRF,2019,0.27854137519152466,Tier 1,monthly_12m
ORRF,2020,-0.23456495604931982,Tier 1,monthly_12m
ORRF,2021,0.5754746551840932,Tier 1,monthly_12m
ORRF,2022,-0.052813204074723785,Tier 1,monthly_12m
ORRF,2023,0.3222143497478094,Tier 1,monthly_12m
IBCP,2019,0.1137126511455222,Tier 1,monthly_12m
IBCP,2020,-0.14200584703673003,Tier 1,monthly_12m
IBCP,2021,0.3424637032063631,Tier 1,monthly_12m
IBCP,2022,0.04327004371678034,Tier 1,monthly_12m
IBCP,2023,0.14013547073400767,Tier 1,monthly_12m
EQBK,2017,,Tier 3,excluded
EQBK,2018,,Tier 3,excluded
EQBK,2019,,Tier 3,excluded
EQBK,2020,,Tier 3,excluded
EQBK,2021,,Tier 3,excluded
EQBK,2022,,Tier 3,excluded
SMBK,2018,-0.1580645161554265,Tier 1,monthly_12m
SMBK,2019,0.29738466463722535,Tier 1,monthly_12m
SMBK,2020,-0.22314900767822343,Tier 1,monthly_12m
SMBK,2021,0.5234887945416862,Tier 1,monthly_12m
SMBK,2022,0.015782767433021094,Tier 1,monthly_12m
SMBK,2023,-0.09693814239190512,Tier 1,monthly_12m
ALRS,2020,0.2328364173680466,Tier 1,monthly_12m
ALRS,2021,0.09229789978140612,Tier 1,monthly_12m
ALRS,2022,-0.17895742475515175,Tier 1,monthly_12m
ALRS,2023,-0.0022001583264263935,Tier 1,monthly_12m
FMNB,2017,0.05529855612783119,Tier 1,monthly_12m
FMNB,2018,-0.11815761135029035,Tier 1,monthly_12m
FMNB,2019,0.31443699764095356,Tier 1,monthly_12m
FMNB,2020,-0.15622649599814775,Tier 1,monthly_12m
FMNB,2021,0.4380090600281028,Tier 1,monthly_12m
FMNB,2022,-0.20580889078592057,Tier 1,monthly_12m
FMNB,2023,0.07880662726414989,Tier 1,monthly_12m
PFIS,2018,-0.025933300384012314,Tier 1,monthly_12m
PFIS,2019,0.1779464442608798,Tier 1,monthly_12m
PFIS,2020,-0.24226510058417283,Tier 1,monthly_12m
PFIS,2021,0.481637829175106,Tier 1,monthly_12m
PFIS,2022,0.014458766251204347,Tier 1,monthly_12m
PFIS,2023,-0.025189748672237555,Tier 1,monthly_12m
BWB,2020,-0.0936139332846272,Tier 1,monthly_12m
BWB,2021,0.4163330664156908,Tier 1,monthly_12m
BWB,2022,0.0028264555798309665,Tier 1,monthly_12m
BWB,2023,-0.23788049595178884,Tier 1,monthly_12m
HBT,2021,0.28026643139502516,Tier 1,monthly_12m
HBT,2022,0.08056804038281218,Tier 1,monthly_12m
EBTC,2017,,Tier 3,excluded
EBTC,2018,,Tier 3,excluded
EBTC,2019,,Tier 3,excluded
EBTC,2020,,Tier 3,excluded
EBTC,2021,,Tier 3,excluded
EBTC,2022,,Tier 3,excluded
EBTC,2023,,Tier 3,excluded
BFC,2019,0.4698842631066116,Tier 1,monthly_12m
BFC,2020,-0.06147429460807252,Tier 1,monthly_12m
BFC,2021,0.13293117644158436,Tier 1,monthly_12m
BFC,2022,0.30013597184960794,Tier 1,monthly_12m
BFC,2023,-0.053217756193581045,Tier 1,monthly_12m
HIFS,2017,0.06101689575613278,Tier 1,monthly_12m
HIFS,2018,-0.03676751566042713,Tier 1,monthly_12m
HIFS,2019,0.0743508480649182,Tier 1,monthly_12m
HIFS,2020,0.04680603763590274,Tier 1,monthly_12m
HIFS,2021,0.9595059297262274,Tier 1,monthly_12m
HIFS,2022,-0.33556407039230407,Tier 1,monthly_12m
HIFS,2023,-0.28600930523191326,Tier 1,monthly_12m
CCBG,2017,0.13272871675794584,Tier 1,monthly_12m
CCBG,2018,0.024792704057363224,Tier 1,monthly_12m
CCBG,2019,0.3394280488755044,Tier 1,monthly_12m
CCBG,2020,-0.17377329389082496,Tier 1,monthly_12m
CCBG,2021,0.1002804488160951,Tier 1,monthly_12m
CCBG,2022,0.258432180234214,Tier 1,monthly_12m
CCBG,2023,-0.07218737715203138,Tier 1,monthly_12m
AROW,2017,-0.11079188096540038,Tier 1,monthly_12m
AROW,2018,-0.0005240350965890483,Tier 1,monthly_12m
AROW,2019,0.253906086067047,Tier 1,monthly_12m
AROW,2020,-0.15622596157439872,Tier 1,monthly_12m
AROW,2021,0.24970159328198327,Tier 1,monthly_12m
AROW,2022,0.023310477828938136,Tier 1,monthly_12m
SPFI,2020,-0.08315183671520243,Tier 1,monthly_12m
SPFI,2021,0.48684330732397374,Tier 1,monthly_12m
SPFI,2022,0.00663229625402062,Tier 1,monthly_12m
SPFI,2023,0.07397757453634157,Tier 1,monthly_12m
CCB,2020,0.2750455373153706,Tier 1,monthly_12m
CCB,2021,1.4104761906628838,Tier 1,monthly_12m
CCB,2022,-0.06124061639829104,Tier 1,monthly_12m
CCB,2023,-0.06544612779441783,Tier 1,monthly_12m
FLIC,2017,,Tier 3,excluded
FLIC,2018,,Tier 3,excluded
FLIC,2019,,Tier 3,excluded
CIVB,2018,-0.19737578004200973,Tier 1,monthly_12m
CIVB,2019,0.4053269860880997,Tier 1,monthly_12m
CIVB,2020,-0.24850373136891057,Tier 1,monthly_12m
CIVB,2021,0.4249525066371349,Tier 1,monthly_12m
CIVB,2022,-0.07528414380944637,Tier 1,monthly_12m
CIVB,2023,-0.13138118927199405,Tier 1,monthly_12m
SFST,2018,-0.22254545463001318,Tier 1,monthly_12m
SFST,2019,0.32491425015933695,Tier 1,monthly_12m
SFST,2020,-0.16803953859260645,Tier 1,monthly_12m
SFST,2021,0.7677510607801652,Tier 1,monthly_12m
SFST,2022,-0.267882861287034,Tier 1,monthly_12m
SFST,2023,-0.18907103823848237,Tier 1,monthly_12m
BHB,2017,-0.12055113688270336,Tier 1,monthly_12m
BHB,2018,-0.14596457970095278,Tier 1,monthly_12m
BHB,2019,0.17171760394932578,Tier 1,monthly_12m
BHB,2020,-0.07250261801219127,Tier 1,monthly_12m
BHB,2021,0.323613114725688,Tier 1,monthly_12m
BHB,2022,0.14730305632138507,Tier 1,monthly_12m
BHB,2023,-0.04448887107937072,Tier 1,monthly_12m
FSBC,2022,-0.07176193191649483,Tier 1,monthly_12m
FSBC,2023,-0.006048402808230158,Tier 1,monthly_12m
WTBA,2017,0.04972751076371318,Tier 1,monthly_12m
WTBA,2018,-0.21537933263866038,Tier 1,monthly_12m
WTBA,2019,0.3945955577176008,Tier 1,monthly_12m
WTBA,2020,-0.2119445307746216,Tier 1,monthly_12m
WTBA,2021,0.6649556352082044,Tier 1,monthly_12m
WTBA,2022,-0.144422208888224,Tier 1,monthly_12m
WTBA,2023,-0.12327706451419451,Tier 1,monthly_12m
RBB,2018,-0.34985524107790056,Tier 1,monthly_12m
RBB,2019,0.22938066095673726,Tier 1,monthly_12m
RBB,2020,-0.25739757269566443,Tier 1,monthly_12m
RBB,2021,0.7441524690006005,Tier 1,monthly_12m
RBB,2022,-0.18481747097557855,Tier 1,monthly_12m
RBB,2023,-0.04410747404906934,Tier 1,monthly_12m
FGBI,2018,-0.04701373301731193,Tier 1,monthly_12m
FGBI,2019,0.06397772644009159,Tier 1,monthly_12m
FGBI,2020,-0.1468241311477647,Tier 1,monthly_12m
FGBI,2021,0.30424310781342556,Tier 1,monthly_12m
FGBI,2022,0.18210732899858684,Tier 1,monthly_12m
FBIZ,2018,-0.09663628224681509,Tier 1,monthly_12m
FBIZ,2019,0.38506821015823234,Tier 1,monthly_12m
FBIZ,2020,-0.27424283897572876,Tier 1,monthly_12m
FBIZ,2021,0.6279001140687728,Tier 1,monthly_12m
FBIZ,2022,0.28158004474431686,Tier 1,monthly_12m
FBIZ,2023,0.1288512476339334,Tier 1,monthly_12m
FRBA,2018,-0.11707045127186033,Tier 1,monthly_12m
FRBA,2019,-0.07827933759076777,Tier 1,monthly_12m
FRBA,2020,-0.1384264945599617,Tier 1,monthly_12m
FRBA,2021,0.5644978708121626,Tier 1,monthly_12m
BMRC,2017,-0.00850488238260061,Tier 1,monthly_12m
BMRC,2018,0.23245747520349647,Tier 1,monthly_12m
BMRC,2019,0.11312263948114509,Tier 1,monthly_12m
BMRC,2020,-0.21700381370027533,Tier 1,monthly_12m
BMRC,2021,0.11257304540801427,Tier 1,monthly_12m
BMRC,2022,-0.09112524223428442,Tier 1,monthly_12m
BMRC,2023,-0.2949996057412969,Tier 1,monthly_12m
FRST,2017,0.0001852119314487144,Tier 1,monthly_12m
FRST,2018,-0.15908927365701442,Tier 1,monthly_12m
FRST,2019,0.26621587067013786,Tier 1,monthly_12m
FRST,2020,-0.23125677243280518,Tier 1,monthly_12m
FRST,2021,0.27631337076312734,Tier 1,monthly_12m
FRST,2022,-0.18859485256538944,Tier 1,monthly_12m
FRST,2023,0.11548857902792808,Tier 1,monthly_12m
BSRR,2018,-0.07435939418822346,Tier 1,monthly_12m
BSRR,2019,0.24578596059135416,Tier 1,monthly_12m
BCBP,2018,-0.24887900444437072,Tier 1,monthly_12m
BCBP,2019,0.377033825166307,Tier 1,monthly_12m
MCBS,2020,-0.15177051495096971,Tier 1,monthly_12m
MCBS,2021,0.9572504230073575,Tier 1,monthly_12m
MCBS,2022,-0.19245626269644334,Tier 1,monthly_12m
MCBS,2023,0.15362779532143445,Tier 1,monthly_12m
CWBC,2018,,Tier 3,excluded
CWBC,2019,,Tier 3,excluded
CWBC,2020,,Tier 3,excluded
CWBC,2021,,Tier 3,excluded
CWBC,2022,,Tier 3,excluded
HBCP,2018,-0.1670764967707632,Tier 1,monthly_12m
HBCP,2019,0.1326603006287801,Tier 1,monthly_12m
HBCP,2020,-0.26213924009155953,Tier 1,monthly_12m
HBCP,2021,0.5197563156897205,Tier 1,monthly_12m
HBCP,2022,-0.012581986423583325,Tier 1,monthly_12m
HBCP,2023,0.07982416326333497,Tier 1,monthly_12m
FMAO,2018,-0.04386564581513819,Tier 1,monthly_12m
FMAO,2019,-0.19950515819782244,Tier 1,monthly_12m
FMAO,2020,-0.2138153966106332,Tier 1,monthly_12m
FMAO,2021,0.4684651131550994,Tier 1,monthly_12m
FMAO,2022,-0.14964766054524725,Tier 1,monthly_12m
EXSR,2021,0.08263891458936223,Tier 1,monthly_12m
BWFG,2018,-0.1509285547428011,Tier 1,monthly_12m
BWFG,2019,0.02328189082677956,Tier 1,monthly_12m
BWFG,2020,-0.3002811430493827,Tier 1,monthly_12m
BWFG,2021,0.719094683203257,Tier 1,monthly_12m
BWFG,2022,-0.08188676779900395,Tier 1,monthly_12m
BWFG,2023,0.05723097952759182,Tier 1,monthly_12m
FCBC,2019,0.014261070965442046,Tier 1,monthly_12m
FCBC,2020,-0.2719976560142219,Tier 1,monthly_12m
FCBC,2021,0.6042686360799601,Tier 1,monthly_12m
FCBC,2022,0.0518129753859593,Tier 1,monthly_12m
FCBC,2023,0.13762185579857933,Tier 1,monthly_12m
CBNK,2020,-0.06447280048920934,Tier 1,monthly_12m
CBNK,2021,0.8883505742030113,Tier 1,monthly_12m
CBNK,2022,-0.0931501474483355,Tier 1,monthly_12m
FNLC,2018,0.001954880169043882,Tier 1,monthly_12m
FNLC,2019,0.20180520971186988,Tier 1,monthly_12m
FNLC,2020,-0.11555737907350083,Tier 1,monthly_12m
FNLC,2021,0.29253494635567434,Tier 1,monthly_12m
FNLC,2022,-0.004248888623184954,Tier 1,monthly_12m
FNLC,2023,-0.0058156395064172806,Tier 1,monthly_12m
RRBI,2020,-0.11123847338330906,Tier 1,monthly_12m
RRBI,2021,0.08531123439601229,Tier 1,monthly_12m
RRBI,2022,-0.040385389325355625,Tier 1,monthly_12m
RRBI,2023,0.10590562393478087,Tier 1,monthly_12m
MVBF,2018,-0.09709320496168838,Tier 1,monthly_12m
MVBF,2019,0.3962363629071206,Tier 1,monthly_12m
MVBF,2020,-0.06958764375326387,Tier 1,monthly_12m
MVBF,2021,0.8547128971084554,Tier 1,monthly_12m
GNTY,2018,,Tier 3,excluded
GNTY,2019,,Tier 3,excluded
GNTY,2020,,Tier 3,excluded
GNTY,2021,,Tier 3,excluded
GNTY,2022,,Tier 3,excluded
CBAN,2018,0.012158541129615008,Tier 1,monthly_12m
CBAN,2019,0.15116710210845796,Tier 1,monthly_12m
CBAN,2020,-0.08290639290553892,Tier 1,monthly_12m
CBAN,2021,0.19458390775521694,Tier 1,monthly_12m
CBAN,2022,-0.23522553461775653,Tier 1,monthly_12m
PCB,2019,0.12065898877367132,Tier 1,monthly_12m
PCB,2020,-0.39224125333705506,Tier 1,monthly_12m
PCB,2021,1.2272658065905615,Tier 1,monthly_12m
PCB,2022,-0.1703966522750242,Tier 1,monthly_12m
PCB,2023,0.08904254604716999,Tier 1,monthly_12m
NRIM,2018,-0.0027852448541019204,Tier 1,monthly_12m
NRIM,2019,0.20616316768829868,Tier 1,monthly_12m
NRIM,2020,-0.0698700629796738,Tier 1,monthly_12m
NRIM,2021,0.3243965731338321,Tier 1,monthly_12m
NRIM,2022,0.3074660990952336,Tier 1,monthly_12m
NRIM,2023,0.103873426804582,Tier 1,monthly_12m
PDLB,2019,0.15384615386120482,Tier 1,monthly_12m
PDLB,2020,-0.28503401361991676,Tier 1,monthly_12m
PDLB,2021,0.39295908647852995,Tier 1,monthly_12m
PDLB,2022,-0.11179875932071659,Tier 1,monthly_12m
PDLB,2023,0.047210300531743465,Tier 1,monthly_12m
FSBW,2018,-0.2065560818535388,Tier 1,monthly_12m
FSBW,2019,0.5064674458572624,Tier 1,monthly_12m
FSBW,2022,0.023973359215100132,Tier 1,monthly_12m
FSBW,2023,0.14090819710868918,Tier 1,monthly_12m
MYFW,2020,0.18822100789581642,Tier 1,monthly_12m
MYFW,2021,0.5513541134850815,Tier 1,monthly_12m
MYFW,2022,-0.0727931488604513,Tier 1,monthly_12m
MYFW,2023,-0.29555950263240216,Tier 1,monthly_12m
MFIN,2018,0.3174157303405105,Tier 1,monthly_12m
MFIN,2019,0.5501066099389691,Tier 1,monthly_12m
MFIN,2020,-0.32599724888452264,Tier 1,monthly_12m
MFIN,2021,0.18367346936568385,Tier 1,monthly_12m
MFIN,2022,0.2819223717289685,Tier 1,monthly_12m
MFIN,2023,0.4400325423400111,Tier 1,monthly_12m
CHMG,2018,-0.1210979758413766,Tier 1,monthly_12m
CHMG,2019,0.0525912890392759,Tier 1,monthly_12m
CHMG,2020,-0.17265931806156576,Tier 1,monthly_12m
CHMG,2021,0.4061255267810362,Tier 1,monthly_12m
CHMG,2022,0.015963128674072014,Tier 1,monthly_12m
CHMG,2023,0.11740868338423449,Tier 1,monthly_12m
BRBS,2022,-0.2790791279712117,Tier 1,monthly_12m
BRBS,2023,-0.7520053090934229,Tier 1,monthly_12m
COFS,2018,,Tier 3,excluded
COFS,2019,,Tier 3,excluded
COFS,2020,-0.039589482641114615,Tier 1,monthly_11m
COFS,2021,-0.10850291778193066,Tier 1,monthly_12m
COFS,2022,0.14426415459823194,Tier 1,monthly_12m
COFS,2023,0.052716424303818954,Tier 1,monthly_12m
ISTR,2018,0.03709742408208161,Tier 1,monthly_12m
ISTR,2019,-0.02284253641436662,Tier 1,monthly_12m
ISTR,2020,-0.2979025214538529,Tier 1,monthly_12m
ISTR,2021,0.12983695465489475,Tier 1,monthly_12m
ISTR,2022,0.190376990234026,Tier 1,monthly_12m
BCML,2019,-0.015158077078158638,Tier 1,monthly_12m
BCML,2020,-0.3328935795449238,Tier 1,monthly_12m
BCML,2021,0.2366512853406848,Tier 1,monthly_12m
BCML,2022,0.021845941704764726,Tier 1,monthly_12m
BCML,2023,0.26884638175655096,Tier 1,monthly_12m
UNTY,2018,0.06392647810083263,Tier 1,monthly_12m
UNTY,2019,0.1030358525961026,Tier 1,monthly_12m
WNEB,2018,-0.0646182568890904,Tier 1,monthly_12m
WNEB,2019,-0.020283611310241922,Tier 1,monthly_12m
WNEB,2020,-0.26001339474264695,Tier 1,monthly_12m
WNEB,2021,0.3018381323477739,Tier 1,monthly_12m
WNEB,2022,0.10983736506843211,Tier 1,monthly_12m
CZNC,2018,0.14940406803056638,Tier 1,monthly_12m
CZNC,2019,0.11831370127864838,Tier 1,monthly_12m
CZNC,2020,-0.257731342947906,Tier 1,monthly_12m
CZNC,2021,0.3805636538816122,Tier 1,monthly_12m
CZNC,2022,-0.0835603407200296,Tier 1,monthly_12m
CZNC,2023,0.037046812729191636,Tier 1,monthly_12m
FDBC,2018,0.5827260161721777,Tier 1,monthly_12m
FDBC,2019,-0.013747176188829924,Tier 1,monthly_12m
FDBC,2020,0.05968457614957856,Tier 1,monthly_12m
FDBC,2021,-0.062262421582928607,Tier 1,monthly_12m
FDBC,2022,-0.17549578125311638,Tier 1,monthly_12m
FDBC,2023,0.26945514265844905,Tier 1,monthly_12m
CFFI,2018,-0.05865760730749081,Tier 1,monthly_12m
CFFI,2019,0.06989854220674507,Tier 1,monthly_12m
CFFI,2020,-0.29804439357991186,Tier 1,monthly_12m
CFFI,2021,0.4227307011115433,Tier 1,monthly_12m
CFFI,2022,0.17532381714646417,Tier 1,monthly_12m
ACNB,2019,-0.009962341279189602,Tier 1,monthly_12m
ACNB,2020,-0.3127785862322414,Tier 1,monthly_12m
ACNB,2021,0.2969712821617463,Tier 1,monthly_12m
ACNB,2022,0.31137541974468474,Tier 1,monthly_12m
ACNB,2023,0.1625268469416532,Tier 1,monthly_12m
OPBK,2021,0.7104605863745133,Tier 1,monthly_12m
OPBK,2022,-0.09336393760635786,Tier 1,monthly_12m
NWFL,2018,0.026585007050387688,Tier 1,monthly_12m
NWFL,2019,0.21471860438310975,Tier 1,monthly_12m
NWFL,2020,-0.30328769485260165,Tier 1,monthly_12m
NWFL,2021,0.03339662634489837,Tier 1,monthly_12m
NWFL,2022,0.34123607302469194,Tier 1,monthly_12m
NWFL,2023,0.024167622640510977,Tier 1,monthly_12m
LCNB,2018,-0.23211243504754475,Tier 1,monthly_12m
LCNB,2019,0.3255092885210604,Tier 1,monthly_12m
LCNB,2020,-0.20119590351619887,Tier 1,monthly_12m
LCNB,2021,0.3879568458465523,Tier 1,monthly_12m
LCNB,2022,-0.033611161271928314,Tier 1,monthly_12m
JMSB,2023,-0.20788279019092382,Tier 1,monthly_12m
PWOD,2018,,Tier 3,excluded
PWOD,2019,,Tier 3,excluded
PWOD,2020,,Tier 3,excluded
PWOD,2021,,Tier 3,excluded
PWOD,2022,,Tier 3,excluded
PWOD,2023,,Tier 3,excluded
FNWB,2018,-0.08842197819014741,Tier 1,monthly_12m
FNWB,2019,0.23241728539657358,Tier 1,monthly_12m
FNWB,2020,-0.12549020746793016,Tier 1,monthly_12m
FNWB,2021,0.3151205963865662,Tier 1,monthly_12m
FNWB,2022,-0.22856650288525449,Tier 1,monthly_12m
FNWB,2023,0.06080153084354789,Tier 1,monthly_12m
MNSB,2020,-0.2647826087431302,Tier 1,monthly_12m
MNSB,2021,0.4541691307465572,Tier 1,monthly_12m
MNSB,2022,0.1288857578195748,Tier 1,monthly_12m
WSBF,2021,0.2392094225856436,Tier 1,monthly_12m
WSBF,2022,-0.15752764204222836,Tier 1,monthly_12m
FVCB,2019,-0.007950028421297994,Tier 1,monthly_12m
FVCB,2020,-0.15855752718828442,Tier 1,monthly_12m
FVCB,2021,0.3387755103043324,Tier 1,monthly_12m
FVCB,2022,-0.030995934957433247,Tier 1,monthly_12m
FVCB,2023,-0.06921866801129051,Tier 1,monthly_12m
FRAF,2020,-0.27052046358100945,Tier 1,monthly_12m
FRAF,2021,0.27050184430403945,Tier 1,monthly_12m
FRAF,2022,0.1380800601968144,Tier 1,monthly_12m
FRAF,2023,-0.08728562678194396,Tier 1,monthly_12m
EVBN,2018,,Tier 3,excluded
EVBN,2019,,Tier 3,excluded
EVBN,2020,,Tier 3,excluded
EVBN,2021,,Tier 3,excluded
EVBN,2022,,Tier 3,excluded
EVBN,2023,,Tier 3,excluded
PKBK,2018,0.026017681625817968,Tier 1,monthly_12m
PKBK,2019,0.3949606575349678,Tier 1,monthly_12m
PKBK,2020,-0.29273990384863946,Tier 1,monthly_12m
PKBK,2021,0.4086112985389625,Tier 1,monthly_12m
PKBK,2022,0.0039474640858851995,Tier 1,monthly_12m
PKBK,2023,0.016989013899889605,Tier 1,monthly_12m
ATLO,2018,-0.04963042325508471,Tier 1,monthly_12m
ATLO,2019,0.1431095346349298,Tier 1,monthly_12m
ATLO,2021,0.06402553633266495,Tier 1,monthly_12m
ATLO,2022,0.009727094719208518,Tier 1,monthly_12m
ATLO,2023,-0.04521332148579449,Tier 1,monthly_12m
EBMT,2018,-0.21299251848186418,Tier 1,monthly_12m
EBMT,2019,0.3510965562081576,Tier 1,monthly_12m
EBMT,2022,-0.277962861254766,Tier 1,monthly_12m
BLFY,2022,-0.12166780591726278,Tier 1,monthly_12m
BLFY,2023,-0.24747081704541107,Tier 1,monthly_12m
FUNC,2018,-0.07463820279106614,Tier 1,monthly_12m
FUNC,2019,0.5444633406512633,Tier 1,monthly_12m
FUNC,2020,-0.33273853558733957,Tier 1,monthly_12m
FUNC,2021,0.2589934463394159,Tier 1,monthly_12m
FUNC,2022,0.07421819096977877,Tier 1,monthly_12m
FUNC,2023,0.2520004263687412,Tier 1,monthly_12m
FCCO,2018,-0.12508061006572047,Tier 1,monthly_12m
FCCO,2019,0.13763167086157901,Tier 1,monthly_12m
FCCO,2020,-0.1888386682565092,Tier 1,monthly_12m
FCCO,2021,0.2525816212416754,Tier 1,monthly_12m
FCCO,2022,0.08298160420487855,Tier 1,monthly_12m
FCCO,2023,0.012281619431349755,Tier 1,monthly_12m
OVLY,2018,-0.05132226618972402,Tier 1,monthly_12m
OVLY,2019,0.07893981838393982,Tier 1,monthly_12m
OVLY,2020,-0.1300652690501528,Tier 1,monthly_12m
OVLY,2021,0.06545927135779817,Tier 1,monthly_12m
OVLY,2022,0.3235474322633749,Tier 1,monthly_12m
ESQ,2018,0.0965133906122908,Tier 1,monthly_12m
ESQ,2019,0.20138248829681116,Tier 1,monthly_12m
ESQ,2020,-0.26390487139790686,Tier 1,monthly_12m
ESQ,2021,0.6477331944080875,Tier 1,monthly_12m
ESQ,2022,0.37785761642740767,Tier 1,monthly_12m
ESQ,2023,0.1670419945872852,Tier 1,monthly_12m
MBCN,2018,-0.09842227547464,Tier 1,monthly_12m
MBCN,2019,0.26113092813969896,Tier 1,monthly_12m
MBCN,2020,-0.11200823853497788,Tier 1,monthly_12m
MBCN,2021,0.13408087825186565,Tier 1,monthly_12m
MBCN,2022,0.13876233634372848,Tier 1,monthly_12m
HWBK,2018,0.07137779317432913,Tier 1,monthly_12m
HWBK,2019,0.2849377438091958,Tier 1,monthly_12m
HWBK,2020,-0.08423073327757336,Tier 1,monthly_12m
HWBK,2021,0.2577699738882484,Tier 1,monthly_12m
HWBK,2022,-0.09952562158205025,Tier 1,monthly_12m
NKSH,2019,0.2740135533720487,Tier 1,monthly_12m
NKSH,2020,-0.26985537988984143,Tier 1,monthly_12m
NKSH,2021,0.20425372692110866,Tier 1,monthly_12m
NKSH,2022,0.15835676268394505,Tier 1,monthly_12m
PEBK,2018,-0.18898755149732827,Tier 1,monthly_12m
PEBK,2019,0.3747852559050744,Tier 1,monthly_12m
PEBK,2020,-0.27476365275174264,Tier 1,monthly_12m
PEBK,2021,0.22875620110731387,Tier 1,monthly_12m
PEBK,2022,0.2177860416438142,Tier 1,monthly_12m
PEBK,2023,-0.038108057593894684,Tier 1,monthly_12m
PLBC,2019,0.1840704336368979,Tier 1,monthly_12m
PLBC,2020,-0.09269674096470759,Tier 1,monthly_12m
PLBC,2021,0.46555956133074905,Tier 1,monthly_12m
PLBC,2022,0.11729003450494635,Tier 1,monthly_12m
PLBC,2023,0.14633421829162563,Tier 1,monthly_12m
VABK,2023,-0.02522388732926506,Tier 1,monthly_12m
PVBC,2021,0.5643489329439835,Tier 1,monthly_12m
PVBC,2022,-0.6055984258687126,Tier 1,monthly_12m
LARK,2018,-0.1467262642035797,Tier 1,monthly_12m
LARK,2019,0.18752883044233903,Tier 1,monthly_12m
LARK,2020,-0.009909972554287383,Tier 1,monthly_12m
LARK,2021,0.34896528327663967,Tier 1,monthly_12m
LARK,2022,-0.13860594310575836,Tier 1,monthly_12m
LARK,2023,-0.06283390759967766,Tier 1,monthly_12m
UNB,2018,-0.07662578210949211,Tier 1,monthly_12m
UNB,2019,-0.21504847467942723,Tier 1,monthly_12m
UNB,2020,-0.25127853105600184,Tier 1,monthly_12m
UNB,2021,0.17889941450011104,Tier 1,monthly_12m
UNB,2022,-0.15341532109346867,Tier 1,monthly_12m
UNB,2023,0.3878264914057581,Tier 1,monthly_12m
RMBI,2020,-0.1333711445840513,Tier 1,monthly_12m
RMBI,2021,0.24462985655460612,Tier 1,monthly_12m
RMBI,2022,-0.17016358383253372,Tier 1,monthly_12m
RMBI,2023,-0.07216738074540385,Tier 1,monthly_12m
OVBC,2018,-0.10668879083577176,Tier 1,monthly_12m
OVBC,2019,0.14539706800518415,Tier 1,monthly_12m
OVBC,2020,-0.3834215472674851,Tier 1,monthly_12m
OVBC,2021,0.2740486864051732,Tier 1,monthly_12m
OVBC,2022,-0.05900671492042964,Tier 1,monthly_12m
OVBC,2023,-0.09288038472917726,Tier 1,monthly_12m
CBFV,2018,-0.1495039554536295,Tier 1,monthly_12m
CBFV,2019,0.2627562997280435,Tier 1,monthly_12m
CBFV,2020,-0.30774338902226817,Tier 1,monthly_12m
CBFV,2021,0.25688841577655075,Tier 1,monthly_12m
CBFV,2022,-0.07196120942393047,Tier 1,monthly_12m
CBFV,2023,0.16453270909423523,Tier 1,monthly_12m
CIZN,2020,,Tier 3,excluded
OPOF,2018,,Tier 3,excluded
OPOF,2019,,Tier 3,excluded
OPOF,2020,,Tier 3,excluded
OPOF,2021,,Tier 3,excluded
OPOF,2022,,Tier 3,excluded
OPOF,2023,,Tier 3,excluded
BFIN,2018,-0.0019280895870047443,Tier 1,monthly_12m
BFIN,2019,-0.09975974971647117,Tier 1,monthly_12m
SBFG,2018,-0.0951467233658243,Tier 1,monthly_12m
SBFG,2019,0.2219816631575664,Tier 1,monthly_12m
SBFG,2020,-0.04730318222446772,Tier 1,monthly_12m
SBFG,2021,0.09090900188480333,Tier 1,monthly_12m
SBFG,2022,-0.07126935988713878,Tier 1,monthly_12m
SBFG,2023,-0.05596721102215818,Tier 1,monthly_12m
UBFO,2018,-0.10126587395313014,Tier 1,monthly_12m
UBFO,2019,0.1800740595692336,Tier 1,monthly_12m
UBFO,2020,-0.29468111879109704,Tier 1,monthly_12m
AUBN,2018,-0.17580817556001838,Tier 1,monthly_12m
AUBN,2019,0.7201769020354962,Tier 1,monthly_12m
AUBN,2020,-0.19596182867196155,Tier 1,monthly_12m
AUBN,2021,-0.21830552847121243,Tier 1,monthly_12m
AUBN,2022,-0.23998615687110414,Tier 1,monthly_12m
