year,metric,p10,p25,p50,p75,p90
2016,DD_a,9.738323065845261,11.118723513412451,13.166585321101309,15.127715586693817,18.041775518229127
2017,DD_a,8.660477372991293,10.261902298876535,12.505498059266198,14.86750162637169,17.186490957151907
2018,DD_a,8.298729872083454,9.76869398349591,11.89414032103013,14.49815989552014,17.768832389806136
2019,DD_a,8.130365269510662,9.540289686943556,12.381419762856176,15.092897267346833,19.04579483421762
2020,DD_a,9.686789711875344,11.63809190384525,14.202301509378866,18.254814230213526,21.411883329368212
2021,DD_a,3.3290224154726493,4.113124881653896,5.100472645015214,6.427073427898811,7.692755613912411
2022,DD_a,8.475903495408623,9.662672120250004,11.703774369284599,13.818513907590795,16.802246151298636
2023,DD_a,6.734694193313208,8.48509402449638,10.508759293909481,14.10736451023742,17.197794941504267
overall,DD_a,5.4764086048326135,8.63652181973185,11.442279259211839,14.476983756159044,18.406885732274244
2016,PD_a,4.622042792830583e-73,5.317356291030717e-52,2.0503105544160976e-39,5.637597740610339e-29,1.176790080089505e-22
2017,PD_a,1.676085297221199e-66,2.681529330420374e-50,3.483091732412141e-36,5.339070859702802e-25,2.3489634443441326e-18
2018,PD_a,9.763936550878852e-71,6.222065113844398e-48,6.347676464603375e-33,7.670845871929037e-23,7.938010878989906e-17
2019,PD_a,3.5598528163451548e-81,9.017303588538055e-52,1.647312278652955e-35,7.12169428216024e-22,2.139993854973877e-16
2020,PD_a,5.288577518092247e-100,1.039745223935311e-74,4.667587892331527e-46,1.3237953879178285e-31,1.7438792205656327e-22
2021,PD_a,7.199970299869537e-15,6.504199744169537e-11,1.694031737621122e-07,1.9516954339644393e-05,0.0004357569496423994
2022,PD_a,9.656601530096935e-63,9.854841821800969e-44,6.095398034090973e-32,2.171915126794471e-22,1.3582513067246623e-17
2023,PD_a,3.117389851343041e-66,1.8340575298545978e-45,3.9361181997073345e-26,1.0831796129940057e-17,8.335053719946911e-12
overall,PD_a,5.842805223904616e-76,8.578336249945823e-48,1.285212976097107e-30,2.8979586286619962e-18,2.170224541211269e-08
