model,dependent_var,n_obs,r_squared,adj_r_squared,f_statistic,prob_f
ESG Raw → DD_a,DD_a,1270,0.001248473449266152,-0.0011182363292900899,0.527514383291949,0.6634372800903301
ESG Combined → DD_a,DD_a,1270,0.00041204160756402874,-0.00037627697160980134,0.5226841259987036,0.46983227963924834
Dummies → DD_a,DD_a,1270,0.011442099499045844,0.009881629253582602,7.33246887104167,0.0006820834590135015
ESG + Dummies + lnta → DD_a,DD_a,1270,0.013046575498213753,0.00835796065497485,2.7826076430712328,0.010818075750443624
ESG + Dummies + td/ta → DD_a,DD_a,1270,0.01449417927398422,0.009812441408302397,3.095897226589699,0.005160500525041792
ESG + Dummies + price_to_book_value_per_share → DD_a,DD_a,1270,0.07819256579769107,0.07381343309364208,17.85571963265551,5.950912646950851e-20
ESG + Dummies + capital_adequacy_total_(%) → DD_a,DD_a,1270,0.012877337988573156,0.008187919166666169,2.7460413491786255,0.011781066855455873
Full Model → DD_a,DD_a,1270,0.0864102058462084,0.07988456445939562,13.241641813298017,2.0630212587284834e-20
ESG Raw → PD_a,PD_a,1270,0.0004465045100282561,-0.0019221056688580873,0.18850907338335296,0.904254823385594
ESG Combined → PD_a,PD_a,1270,0.00013843589078454954,-0.0006500984657684672,0.1755610134600779,0.6752870862171494
Dummies → PD_a,PD_a,1270,0.011138586721101684,0.009577637371016579,7.1357771605430615,0.0008285051184520485
ESG + Dummies + lnta → PD_a,PD_a,1270,0.013316547933528322,0.008629215619673336,2.840965189126194,0.009436768727911443
ESG + Dummies + td/ta → PD_a,PD_a,1270,0.013651546951394478,0.008965806081804861,2.9134233691822202,0.007957854935326126
ESG + Dummies + price_to_book_value_per_share → PD_a,PD_a,1270,0.05532072683272482,0.050832939311740155,12.326948763516038,1.5961792822113924e-13
ESG + Dummies + capital_adequacy_total_(%) → PD_a,PD_a,1270,0.014709230643724425,0.010028514399751609,3.142517058722576,0.0046160642236642395
Full Model → PD_a,PD_a,1270,0.05900229303796112,0.05228088084537519,8.778258399781395,6.845753704087099e-13
ESG Raw → DD_m,DD_m,1287,0.014759421514641824,0.012455663342033962,6.406671364266124,0.00026256778055994264
ESG Combined → DD_m,DD_m,1287,0.0184028355785113,0.017638946734603533,24.090986175906345,1.0367379850798623e-06
Dummies → DD_m,DD_m,1287,0.2327364922463956,0.23154137774833705,194.73991205400714,1.3626884882433568e-74
ESG + Dummies + lnta → DD_m,DD_m,1287,0.2391246824925224,0.23555807944170615,67.04549934083445,1.3048508499934013e-72
ESG + Dummies + td/ta → DD_m,DD_m,1287,0.2398951489968062,0.23633215750772874,67.32970026232643,6.866604904222684e-73
ESG + Dummies + price_to_book_value_per_share → DD_m,DD_m,1287,0.24560034774950568,0.2420640993795815,69.4522335699997,5.793354200714382e-75
ESG + Dummies + capital_adequacy_total_(%) → DD_m,DD_m,1287,0.2458570832874981,0.24232203836540833,69.5485032597979,4.669011455655878e-75
Full Model → DD_m,DD_m,1287,0.253397025783309,0.24813514107857126,48.157084391292074,4.4246621098495e-75
ESG Raw → PD_m,PD_m,1287,0.00783646001196181,0.005516514088373392,3.377863221846212,0.017753569343858397
ESG Combined → PD_m,PD_m,1287,0.003951200104156061,0.003176064851318827,5.097433112083976,0.0241285157642089
Dummies → PD_m,PD_m,1287,0.009841395286734889,0.008299092164128608,6.380973456180225,0.0017476712308570584
ESG + Dummies + lnta → PD_m,PD_m,1287,0.019145808011086007,0.01454805398613801,4.1641653527349005,0.0003745507374473951
ESG + Dummies + td/ta → PD_m,PD_m,1287,0.02219370076849969,0.01761023374085202,4.842120742797179,6.716756696050472e-05
ESG + Dummies + price_to_book_value_per_share → PD_m,PD_m,1287,0.024004430301582835,0.019429451068621595,5.2468938282032465,2.3742330039663094e-05
ESG + Dummies + capital_adequacy_total_(%) → PD_m,PD_m,1287,0.023147376639917838,0.018568379967917492,5.055119777976532,3.8903354984374046e-05
Full Model → PD_m,PD_m,1287,0.03094744076914091,0.02411778295153899,4.531331085047997,6.834200898289873e-06
